colorterm	term	force_color	tty_compatible	no_color	isatty	forced	is_terminal	is_dumb	color_system	no_color_flag
-	-	-	-	-	True	False	True	False	standard	False
-	-	-	-	-	True	True	True	False	standard	False
-	-	-	-	-	False	False	False	False	None	False
-	-	-	-	-	False	True	True	False	standard	False
-	-	-	-	''	True	False	True	False	standard	False
-	-	-	-	''	True	True	True	False	standard	False
-	-	-	-	''	False	False	False	False	None	False
-	-	-	-	''	False	True	True	False	standard	False
-	-	-	-	'1'	True	False	True	False	standard	True
-	-	-	-	'1'	True	True	True	False	standard	True
-	-	-	-	'1'	False	False	False	False	None	True
-	-	-	-	'1'	False	True	True	False	standard	True
-	-	-	''	-	True	False	True	False	standard	False
-	-	-	''	-	True	True	True	False	standard	False
-	-	-	''	-	False	False	False	False	None	False
-	-	-	''	-	False	True	True	False	standard	False
-	-	-	''	''	True	False	True	False	standard	False
-	-	-	''	''	True	True	True	False	standard	False
-	-	-	''	''	False	False	False	False	None	False
-	-	-	''	''	False	True	True	False	standard	False
-	-	-	''	'1'	True	False	True	False	standard	True
-	-	-	''	'1'	True	True	True	False	standard	True
-	-	-	''	'1'	False	False	False	False	None	True
-	-	-	''	'1'	False	True	True	False	standard	True
-	-	-	'0'	-	True	False	False	False	None	False
-	-	-	'0'	-	True	True	True	False	standard	False
-	-	-	'0'	-	False	False	False	False	None	False
-	-	-	'0'	-	False	True	True	False	standard	False
-	-	-	'0'	''	True	False	False	False	None	False
-	-	-	'0'	''	True	True	True	False	standard	False
-	-	-	'0'	''	False	False	False	False	None	False
-	-	-	'0'	''	False	True	True	False	standard	False
-	-	-	'0'	'1'	True	False	False	False	None	True
-	-	-	'0'	'1'	True	True	True	False	standard	True
-	-	-	'0'	'1'	False	False	False	False	None	True
-	-	-	'0'	'1'	False	True	True	False	standard	True
-	-	-	'1'	-	True	False	True	False	standard	False
-	-	-	'1'	-	True	True	True	False	standard	False
-	-	-	'1'	-	False	False	True	False	standard	False
-	-	-	'1'	-	False	True	True	False	standard	False
-	-	-	'1'	''	True	False	True	False	standard	False
-	-	-	'1'	''	True	True	True	False	standard	False
-	-	-	'1'	''	False	False	True	False	standard	False
-	-	-	'1'	''	False	True	True	False	standard	False
-	-	-	'1'	'1'	True	False	True	False	standard	True
-	-	-	'1'	'1'	True	True	True	False	standard	True
-	-	-	'1'	'1'	False	False	True	False	standard	True
-	-	-	'1'	'1'	False	True	True	False	standard	True
-	-	''	-	-	True	False	False	False	None	False
-	-	''	-	-	True	True	True	False	standard	False
-	-	''	-	-	False	False	False	False	None	False
-	-	''	-	-	False	True	True	False	standard	False
-	-	''	-	''	True	False	False	False	None	False
-	-	''	-	''	True	True	True	False	standard	False
-	-	''	-	''	False	False	False	False	None	False
-	-	''	-	''	False	True	True	False	standard	False
-	-	''	-	'1'	True	False	False	False	None	True
-	-	''	-	'1'	True	True	True	False	standard	True
-	-	''	-	'1'	False	False	False	False	None	True
-	-	''	-	'1'	False	True	True	False	standard	True
-	-	''	''	-	True	False	False	False	None	False
-	-	''	''	-	True	True	True	False	standard	False
-	-	''	''	-	False	False	False	False	None	False
-	-	''	''	-	False	True	True	False	standard	False
-	-	''	''	''	True	False	False	False	None	False
-	-	''	''	''	True	True	True	False	standard	False
-	-	''	''	''	False	False	False	False	None	False
-	-	''	''	''	False	True	True	False	standard	False
-	-	''	''	'1'	True	False	False	False	None	True
-	-	''	''	'1'	True	True	True	False	standard	True
-	-	''	''	'1'	False	False	False	False	None	True
-	-	''	''	'1'	False	True	True	False	standard	True
-	-	''	'0'	-	True	False	False	False	None	False
-	-	''	'0'	-	True	True	True	False	standard	False
-	-	''	'0'	-	False	False	False	False	None	False
-	-	''	'0'	-	False	True	True	False	standard	False
-	-	''	'0'	''	True	False	False	False	None	False
-	-	''	'0'	''	True	True	True	False	standard	False
-	-	''	'0'	''	False	False	False	False	None	False
-	-	''	'0'	''	False	True	True	False	standard	False
-	-	''	'0'	'1'	True	False	False	False	None	True
-	-	''	'0'	'1'	True	True	True	False	standard	True
-	-	''	'0'	'1'	False	False	False	False	None	True
-	-	''	'0'	'1'	False	True	True	False	standard	True
-	-	''	'1'	-	True	False	True	False	standard	False
-	-	''	'1'	-	True	True	True	False	standard	False
-	-	''	'1'	-	False	False	True	False	standard	False
-	-	''	'1'	-	False	True	True	False	standard	False
-	-	''	'1'	''	True	False	True	False	standard	False
-	-	''	'1'	''	True	True	True	False	standard	False
-	-	''	'1'	''	False	False	True	False	standard	False
-	-	''	'1'	''	False	True	True	False	standard	False
-	-	''	'1'	'1'	True	False	True	False	standard	True
-	-	''	'1'	'1'	True	True	True	False	standard	True
-	-	''	'1'	'1'	False	False	True	False	standard	True
-	-	''	'1'	'1'	False	True	True	False	standard	True
-	-	'1'	-	-	True	False	True	False	standard	False
-	-	'1'	-	-	True	True	True	False	standard	False
-	-	'1'	-	-	False	False	True	False	standard	False
-	-	'1'	-	-	False	True	True	False	standard	False
-	-	'1'	-	''	True	False	True	False	standard	False
-	-	'1'	-	''	True	True	True	False	standard	False
-	-	'1'	-	''	False	False	True	False	standard	False
-	-	'1'	-	''	False	True	True	False	standard	False
-	-	'1'	-	'1'	True	False	True	False	standard	True
-	-	'1'	-	'1'	True	True	True	False	standard	True
-	-	'1'	-	'1'	False	False	True	False	standard	True
-	-	'1'	-	'1'	False	True	True	False	standard	True
-	-	'1'	''	-	True	False	True	False	standard	False
-	-	'1'	''	-	True	True	True	False	standard	False
-	-	'1'	''	-	False	False	True	False	standard	False
-	-	'1'	''	-	False	True	True	False	standard	False
-	-	'1'	''	''	True	False	True	False	standard	False
-	-	'1'	''	''	True	True	True	False	standard	False
-	-	'1'	''	''	False	False	True	False	standard	False
-	-	'1'	''	''	False	True	True	False	standard	False
-	-	'1'	''	'1'	True	False	True	False	standard	True
-	-	'1'	''	'1'	True	True	True	False	standard	True
-	-	'1'	''	'1'	False	False	True	False	standard	True
-	-	'1'	''	'1'	False	True	True	False	standard	True
-	-	'1'	'0'	-	True	False	False	False	None	False
-	-	'1'	'0'	-	True	True	True	False	standard	False
-	-	'1'	'0'	-	False	False	False	False	None	False
-	-	'1'	'0'	-	False	True	True	False	standard	False
-	-	'1'	'0'	''	True	False	False	False	None	False
-	-	'1'	'0'	''	True	True	True	False	standard	False
-	-	'1'	'0'	''	False	False	False	False	None	False
-	-	'1'	'0'	''	False	True	True	False	standard	False
-	-	'1'	'0'	'1'	True	False	False	False	None	True
-	-	'1'	'0'	'1'	True	True	True	False	standard	True
-	-	'1'	'0'	'1'	False	False	False	False	None	True
-	-	'1'	'0'	'1'	False	True	True	False	standard	True
-	-	'1'	'1'	-	True	False	True	False	standard	False
-	-	'1'	'1'	-	True	True	True	False	standard	False
-	-	'1'	'1'	-	False	False	True	False	standard	False
-	-	'1'	'1'	-	False	True	True	False	standard	False
-	-	'1'	'1'	''	True	False	True	False	standard	False
-	-	'1'	'1'	''	True	True	True	False	standard	False
-	-	'1'	'1'	''	False	False	True	False	standard	False
-	-	'1'	'1'	''	False	True	True	False	standard	False
-	-	'1'	'1'	'1'	True	False	True	False	standard	True
-	-	'1'	'1'	'1'	True	True	True	False	standard	True
-	-	'1'	'1'	'1'	False	False	True	False	standard	True
-	-	'1'	'1'	'1'	False	True	True	False	standard	True
-	-	'0'	-	-	True	False	True	False	standard	False
-	-	'0'	-	-	True	True	True	False	standard	False
-	-	'0'	-	-	False	False	True	False	standard	False
-	-	'0'	-	-	False	True	True	False	standard	False
-	-	'0'	-	''	True	False	True	False	standard	False
-	-	'0'	-	''	True	True	True	False	standard	False
-	-	'0'	-	''	False	False	True	False	standard	False
-	-	'0'	-	''	False	True	True	False	standard	False
-	-	'0'	-	'1'	True	False	True	False	standard	True
-	-	'0'	-	'1'	True	True	True	False	standard	True
-	-	'0'	-	'1'	False	False	True	False	standard	True
-	-	'0'	-	'1'	False	True	True	False	standard	True
-	-	'0'	''	-	True	False	True	False	standard	False
-	-	'0'	''	-	True	True	True	False	standard	False
-	-	'0'	''	-	False	False	True	False	standard	False
-	-	'0'	''	-	False	True	True	False	standard	False
-	-	'0'	''	''	True	False	True	False	standard	False
-	-	'0'	''	''	True	True	True	False	standard	False
-	-	'0'	''	''	False	False	True	False	standard	False
-	-	'0'	''	''	False	True	True	False	standard	False
-	-	'0'	''	'1'	True	False	True	False	standard	True
-	-	'0'	''	'1'	True	True	True	False	standard	True
-	-	'0'	''	'1'	False	False	True	False	standard	True
-	-	'0'	''	'1'	False	True	True	False	standard	True
-	-	'0'	'0'	-	True	False	False	False	None	False
-	-	'0'	'0'	-	True	True	True	False	standard	False
-	-	'0'	'0'	-	False	False	False	False	None	False
-	-	'0'	'0'	-	False	True	True	False	standard	False
-	-	'0'	'0'	''	True	False	False	False	None	False
-	-	'0'	'0'	''	True	True	True	False	standard	False
-	-	'0'	'0'	''	False	False	False	False	None	False
-	-	'0'	'0'	''	False	True	True	False	standard	False
-	-	'0'	'0'	'1'	True	False	False	False	None	True
-	-	'0'	'0'	'1'	True	True	True	False	standard	True
-	-	'0'	'0'	'1'	False	False	False	False	None	True
-	-	'0'	'0'	'1'	False	True	True	False	standard	True
-	-	'0'	'1'	-	True	False	True	False	standard	False
-	-	'0'	'1'	-	True	True	True	False	standard	False
-	-	'0'	'1'	-	False	False	True	False	standard	False
-	-	'0'	'1'	-	False	True	True	False	standard	False
-	-	'0'	'1'	''	True	False	True	False	standard	False
-	-	'0'	'1'	''	True	True	True	False	standard	False
-	-	'0'	'1'	''	False	False	True	False	standard	False
-	-	'0'	'1'	''	False	True	True	False	standard	False
-	-	'0'	'1'	'1'	True	False	True	False	standard	True
-	-	'0'	'1'	'1'	True	True	True	False	standard	True
-	-	'0'	'1'	'1'	False	False	True	False	standard	True
-	-	'0'	'1'	'1'	False	True	True	False	standard	True
-	''	-	-	-	True	False	True	False	standard	False
-	''	-	-	-	True	True	True	False	standard	False
-	''	-	-	-	False	False	False	False	None	False
-	''	-	-	-	False	True	True	False	standard	False
-	''	-	-	''	True	False	True	False	standard	False
-	''	-	-	''	True	True	True	False	standard	False
-	''	-	-	''	False	False	False	False	None	False
-	''	-	-	''	False	True	True	False	standard	False
-	''	-	-	'1'	True	False	True	False	standard	True
-	''	-	-	'1'	True	True	True	False	standard	True
-	''	-	-	'1'	False	False	False	False	None	True
-	''	-	-	'1'	False	True	True	False	standard	True
-	''	-	''	-	True	False	True	False	standard	False
-	''	-	''	-	True	True	True	False	standard	False
-	''	-	''	-	False	False	False	False	None	False
-	''	-	''	-	False	True	True	False	standard	False
-	''	-	''	''	True	False	True	False	standard	False
-	''	-	''	''	True	True	True	False	standard	False
-	''	-	''	''	False	False	False	False	None	False
-	''	-	''	''	False	True	True	False	standard	False
-	''	-	''	'1'	True	False	True	False	standard	True
-	''	-	''	'1'	True	True	True	False	standard	True
-	''	-	''	'1'	False	False	False	False	None	True
-	''	-	''	'1'	False	True	True	False	standard	True
-	''	-	'0'	-	True	False	False	False	None	False
-	''	-	'0'	-	True	True	True	False	standard	False
-	''	-	'0'	-	False	False	False	False	None	False
-	''	-	'0'	-	False	True	True	False	standard	False
-	''	-	'0'	''	True	False	False	False	None	False
-	''	-	'0'	''	True	True	True	False	standard	False
-	''	-	'0'	''	False	False	False	False	None	False
-	''	-	'0'	''	False	True	True	False	standard	False
-	''	-	'0'	'1'	True	False	False	False	None	True
-	''	-	'0'	'1'	True	True	True	False	standard	True
-	''	-	'0'	'1'	False	False	False	False	None	True
-	''	-	'0'	'1'	False	True	True	False	standard	True
-	''	-	'1'	-	True	False	True	False	standard	False
-	''	-	'1'	-	True	True	True	False	standard	False
-	''	-	'1'	-	False	False	True	False	standard	False
-	''	-	'1'	-	False	True	True	False	standard	False
-	''	-	'1'	''	True	False	True	False	standard	False
-	''	-	'1'	''	True	True	True	False	standard	False
-	''	-	'1'	''	False	False	True	False	standard	False
-	''	-	'1'	''	False	True	True	False	standard	False
-	''	-	'1'	'1'	True	False	True	False	standard	True
-	''	-	'1'	'1'	True	True	True	False	standard	True
-	''	-	'1'	'1'	False	False	True	False	standard	True
-	''	-	'1'	'1'	False	True	True	False	standard	True
-	''	''	-	-	True	False	False	False	None	False
-	''	''	-	-	True	True	True	False	standard	False
-	''	''	-	-	False	False	False	False	None	False
-	''	''	-	-	False	True	True	False	standard	False
-	''	''	-	''	True	False	False	False	None	False
-	''	''	-	''	True	True	True	False	standard	False
-	''	''	-	''	False	False	False	False	None	False
-	''	''	-	''	False	True	True	False	standard	False
-	''	''	-	'1'	True	False	False	False	None	True
-	''	''	-	'1'	True	True	True	False	standard	True
-	''	''	-	'1'	False	False	False	False	None	True
-	''	''	-	'1'	False	True	True	False	standard	True
-	''	''	''	-	True	False	False	False	None	False
-	''	''	''	-	True	True	True	False	standard	False
-	''	''	''	-	False	False	False	False	None	False
-	''	''	''	-	False	True	True	False	standard	False
-	''	''	''	''	True	False	False	False	None	False
-	''	''	''	''	True	True	True	False	standard	False
-	''	''	''	''	False	False	False	False	None	False
-	''	''	''	''	False	True	True	False	standard	False
-	''	''	''	'1'	True	False	False	False	None	True
-	''	''	''	'1'	True	True	True	False	standard	True
-	''	''	''	'1'	False	False	False	False	None	True
-	''	''	''	'1'	False	True	True	False	standard	True
-	''	''	'0'	-	True	False	False	False	None	False
-	''	''	'0'	-	True	True	True	False	standard	False
-	''	''	'0'	-	False	False	False	False	None	False
-	''	''	'0'	-	False	True	True	False	standard	False
-	''	''	'0'	''	True	False	False	False	None	False
-	''	''	'0'	''	True	True	True	False	standard	False
-	''	''	'0'	''	False	False	False	False	None	False
-	''	''	'0'	''	False	True	True	False	standard	False
-	''	''	'0'	'1'	True	False	False	False	None	True
-	''	''	'0'	'1'	True	True	True	False	standard	True
-	''	''	'0'	'1'	False	False	False	False	None	True
-	''	''	'0'	'1'	False	True	True	False	standard	True
-	''	''	'1'	-	True	False	True	False	standard	False
-	''	''	'1'	-	True	True	True	False	standard	False
-	''	''	'1'	-	False	False	True	False	standard	False
-	''	''	'1'	-	False	True	True	False	standard	False
-	''	''	'1'	''	True	False	True	False	standard	False
-	''	''	'1'	''	True	True	True	False	standard	False
-	''	''	'1'	''	False	False	True	False	standard	False
-	''	''	'1'	''	False	True	True	False	standard	False
-	''	''	'1'	'1'	True	False	True	False	standard	True
-	''	''	'1'	'1'	True	True	True	False	standard	True
-	''	''	'1'	'1'	False	False	True	False	standard	True
-	''	''	'1'	'1'	False	True	True	False	standard	True
-	''	'1'	-	-	True	False	True	False	standard	False
-	''	'1'	-	-	True	True	True	False	standard	False
-	''	'1'	-	-	False	False	True	False	standard	False
-	''	'1'	-	-	False	True	True	False	standard	False
-	''	'1'	-	''	True	False	True	False	standard	False
-	''	'1'	-	''	True	True	True	False	standard	False
-	''	'1'	-	''	False	False	True	False	standard	False
-	''	'1'	-	''	False	True	True	False	standard	False
-	''	'1'	-	'1'	True	False	True	False	standard	True
-	''	'1'	-	'1'	True	True	True	False	standard	True
-	''	'1'	-	'1'	False	False	True	False	standard	True
-	''	'1'	-	'1'	False	True	True	False	standard	True
-	''	'1'	''	-	True	False	True	False	standard	False
-	''	'1'	''	-	True	True	True	False	standard	False
-	''	'1'	''	-	False	False	True	False	standard	False
-	''	'1'	''	-	False	True	True	False	standard	False
-	''	'1'	''	''	True	False	True	False	standard	False
-	''	'1'	''	''	True	True	True	False	standard	False
-	''	'1'	''	''	False	False	True	False	standard	False
-	''	'1'	''	''	False	True	True	False	standard	False
-	''	'1'	''	'1'	True	False	True	False	standard	True
-	''	'1'	''	'1'	True	True	True	False	standard	True
-	''	'1'	''	'1'	False	False	True	False	standard	True
-	''	'1'	''	'1'	False	True	True	False	standard	True
-	''	'1'	'0'	-	True	False	False	False	None	False
-	''	'1'	'0'	-	True	True	True	False	standard	False
-	''	'1'	'0'	-	False	False	False	False	None	False
-	''	'1'	'0'	-	False	True	True	False	standard	False
-	''	'1'	'0'	''	True	False	False	False	None	False
-	''	'1'	'0'	''	True	True	True	False	standard	False
-	''	'1'	'0'	''	False	False	False	False	None	False
-	''	'1'	'0'	''	False	True	True	False	standard	False
-	''	'1'	'0'	'1'	True	False	False	False	None	True
-	''	'1'	'0'	'1'	True	True	True	False	standard	True
-	''	'1'	'0'	'1'	False	False	False	False	None	True
-	''	'1'	'0'	'1'	False	True	True	False	standard	True
-	''	'1'	'1'	-	True	False	True	False	standard	False
-	''	'1'	'1'	-	True	True	True	False	standard	False
-	''	'1'	'1'	-	False	False	True	False	standard	False
-	''	'1'	'1'	-	False	True	True	False	standard	False
-	''	'1'	'1'	''	True	False	True	False	standard	False
-	''	'1'	'1'	''	True	True	True	False	standard	False
-	''	'1'	'1'	''	False	False	True	False	standard	False
-	''	'1'	'1'	''	False	True	True	False	standard	False
-	''	'1'	'1'	'1'	True	False	True	False	standard	True
-	''	'1'	'1'	'1'	True	True	True	False	standard	True
-	''	'1'	'1'	'1'	False	False	True	False	standard	True
-	''	'1'	'1'	'1'	False	True	True	False	standard	True
-	''	'0'	-	-	True	False	True	False	standard	False
-	''	'0'	-	-	True	True	True	False	standard	False
-	''	'0'	-	-	False	False	True	False	standard	False
-	''	'0'	-	-	False	True	True	False	standard	False
-	''	'0'	-	''	True	False	True	False	standard	False
-	''	'0'	-	''	True	True	True	False	standard	False
-	''	'0'	-	''	False	False	True	False	standard	False
-	''	'0'	-	''	False	True	True	False	standard	False
-	''	'0'	-	'1'	True	False	True	False	standard	True
-	''	'0'	-	'1'	True	True	True	False	standard	True
-	''	'0'	-	'1'	False	False	True	False	standard	True
-	''	'0'	-	'1'	False	True	True	False	standard	True
-	''	'0'	''	-	True	False	True	False	standard	False
-	''	'0'	''	-	True	True	True	False	standard	False
-	''	'0'	''	-	False	False	True	False	standard	False
-	''	'0'	''	-	False	True	True	False	standard	False
-	''	'0'	''	''	True	False	True	False	standard	False
-	''	'0'	''	''	True	True	True	False	standard	False
-	''	'0'	''	''	False	False	True	False	standard	False
-	''	'0'	''	''	False	True	True	False	standard	False
-	''	'0'	''	'1'	True	False	True	False	standard	True
-	''	'0'	''	'1'	True	True	True	False	standard	True
-	''	'0'	''	'1'	False	False	True	False	standard	True
-	''	'0'	''	'1'	False	True	True	False	standard	True
-	''	'0'	'0'	-	True	False	False	False	None	False
-	''	'0'	'0'	-	True	True	True	False	standard	False
-	''	'0'	'0'	-	False	False	False	False	None	False
-	''	'0'	'0'	-	False	True	True	False	standard	False
-	''	'0'	'0'	''	True	False	False	False	None	False
-	''	'0'	'0'	''	True	True	True	False	standard	False
-	''	'0'	'0'	''	False	False	False	False	None	False
-	''	'0'	'0'	''	False	True	True	False	standard	False
-	''	'0'	'0'	'1'	True	False	False	False	None	True
-	''	'0'	'0'	'1'	True	True	True	False	standard	True
-	''	'0'	'0'	'1'	False	False	False	False	None	True
-	''	'0'	'0'	'1'	False	True	True	False	standard	True
-	''	'0'	'1'	-	True	False	True	False	standard	False
-	''	'0'	'1'	-	True	True	True	False	standard	False
-	''	'0'	'1'	-	False	False	True	False	standard	False
-	''	'0'	'1'	-	False	True	True	False	standard	False
-	''	'0'	'1'	''	True	False	True	False	standard	False
-	''	'0'	'1'	''	True	True	True	False	standard	False
-	''	'0'	'1'	''	False	False	True	False	standard	False
-	''	'0'	'1'	''	False	True	True	False	standard	False
-	''	'0'	'1'	'1'	True	False	True	False	standard	True
-	''	'0'	'1'	'1'	True	True	True	False	standard	True
-	''	'0'	'1'	'1'	False	False	True	False	standard	True
-	''	'0'	'1'	'1'	False	True	True	False	standard	True
-	'dumb'	-	-	-	True	False	True	True	None	False
-	'dumb'	-	-	-	True	True	True	True	None	False
-	'dumb'	-	-	-	False	False	False	False	None	False
-	'dumb'	-	-	-	False	True	True	True	None	False
-	'dumb'	-	-	''	True	False	True	True	None	False
-	'dumb'	-	-	''	True	True	True	True	None	False
-	'dumb'	-	-	''	False	False	False	False	None	False
-	'dumb'	-	-	''	False	True	True	True	None	False
-	'dumb'	-	-	'1'	True	False	True	True	None	True
-	'dumb'	-	-	'1'	True	True	True	True	None	True
-	'dumb'	-	-	'1'	False	False	False	False	None	True
-	'dumb'	-	-	'1'	False	True	True	True	None	True
-	'dumb'	-	''	-	True	False	True	True	None	False
-	'dumb'	-	''	-	True	True	True	True	None	False
-	'dumb'	-	''	-	False	False	False	False	None	False
-	'dumb'	-	''	-	False	True	True	True	None	False
-	'dumb'	-	''	''	True	False	True	True	None	False
-	'dumb'	-	''	''	True	True	True	True	None	False
-	'dumb'	-	''	''	False	False	False	False	None	False
-	'dumb'	-	''	''	False	True	True	True	None	False
-	'dumb'	-	''	'1'	True	False	True	True	None	True
-	'dumb'	-	''	'1'	True	True	True	True	None	True
-	'dumb'	-	''	'1'	False	False	False	False	None	True
-	'dumb'	-	''	'1'	False	True	True	True	None	True
-	'dumb'	-	'0'	-	True	False	False	False	None	False
-	'dumb'	-	'0'	-	True	True	True	True	None	False
-	'dumb'	-	'0'	-	False	False	False	False	None	False
-	'dumb'	-	'0'	-	False	True	True	True	None	False
-	'dumb'	-	'0'	''	True	False	False	False	None	False
-	'dumb'	-	'0'	''	True	True	True	True	None	False
-	'dumb'	-	'0'	''	False	False	False	False	None	False
-	'dumb'	-	'0'	''	False	True	True	True	None	False
-	'dumb'	-	'0'	'1'	True	False	False	False	None	True
-	'dumb'	-	'0'	'1'	True	True	True	True	None	True
-	'dumb'	-	'0'	'1'	False	False	False	False	None	True
-	'dumb'	-	'0'	'1'	False	True	True	True	None	True
-	'dumb'	-	'1'	-	True	False	True	True	None	False
-	'dumb'	-	'1'	-	True	True	True	True	None	False
-	'dumb'	-	'1'	-	False	False	True	True	None	False
-	'dumb'	-	'1'	-	False	True	True	True	None	False
-	'dumb'	-	'1'	''	True	False	True	True	None	False
-	'dumb'	-	'1'	''	True	True	True	True	None	False
-	'dumb'	-	'1'	''	False	False	True	True	None	False
-	'dumb'	-	'1'	''	False	True	True	True	None	False
-	'dumb'	-	'1'	'1'	True	False	True	True	None	True
-	'dumb'	-	'1'	'1'	True	True	True	True	None	True
-	'dumb'	-	'1'	'1'	False	False	True	True	None	True
-	'dumb'	-	'1'	'1'	False	True	True	True	None	True
-	'dumb'	''	-	-	True	False	False	False	None	False
-	'dumb'	''	-	-	True	True	True	True	None	False
-	'dumb'	''	-	-	False	False	False	False	None	False
-	'dumb'	''	-	-	False	True	True	True	None	False
-	'dumb'	''	-	''	True	False	False	False	None	False
-	'dumb'	''	-	''	True	True	True	True	None	False
-	'dumb'	''	-	''	False	False	False	False	None	False
-	'dumb'	''	-	''	False	True	True	True	None	False
-	'dumb'	''	-	'1'	True	False	False	False	None	True
-	'dumb'	''	-	'1'	True	True	True	True	None	True
-	'dumb'	''	-	'1'	False	False	False	False	None	True
-	'dumb'	''	-	'1'	False	True	True	True	None	True
-	'dumb'	''	''	-	True	False	False	False	None	False
-	'dumb'	''	''	-	True	True	True	True	None	False
-	'dumb'	''	''	-	False	False	False	False	None	False
-	'dumb'	''	''	-	False	True	True	True	None	False
-	'dumb'	''	''	''	True	False	False	False	None	False
-	'dumb'	''	''	''	True	True	True	True	None	False
-	'dumb'	''	''	''	False	False	False	False	None	False
-	'dumb'	''	''	''	False	True	True	True	None	False
-	'dumb'	''	''	'1'	True	False	False	False	None	True
-	'dumb'	''	''	'1'	True	True	True	True	None	True
-	'dumb'	''	''	'1'	False	False	False	False	None	True
-	'dumb'	''	''	'1'	False	True	True	True	None	True
-	'dumb'	''	'0'	-	True	False	False	False	None	False
-	'dumb'	''	'0'	-	True	True	True	True	None	False
-	'dumb'	''	'0'	-	False	False	False	False	None	False
-	'dumb'	''	'0'	-	False	True	True	True	None	False
-	'dumb'	''	'0'	''	True	False	False	False	None	False
-	'dumb'	''	'0'	''	True	True	True	True	None	False
-	'dumb'	''	'0'	''	False	False	False	False	None	False
-	'dumb'	''	'0'	''	False	True	True	True	None	False
-	'dumb'	''	'0'	'1'	True	False	False	False	None	True
-	'dumb'	''	'0'	'1'	True	True	True	True	None	True
-	'dumb'	''	'0'	'1'	False	False	False	False	None	True
-	'dumb'	''	'0'	'1'	False	True	True	True	None	True
-	'dumb'	''	'1'	-	True	False	True	True	None	False
-	'dumb'	''	'1'	-	True	True	True	True	None	False
-	'dumb'	''	'1'	-	False	False	True	True	None	False
-	'dumb'	''	'1'	-	False	True	True	True	None	False
-	'dumb'	''	'1'	''	True	False	True	True	None	False
-	'dumb'	''	'1'	''	True	True	True	True	None	False
-	'dumb'	''	'1'	''	False	False	True	True	None	False
-	'dumb'	''	'1'	''	False	True	True	True	None	False
-	'dumb'	''	'1'	'1'	True	False	True	True	None	True
-	'dumb'	''	'1'	'1'	True	True	True	True	None	True
-	'dumb'	''	'1'	'1'	False	False	True	True	None	True
-	'dumb'	''	'1'	'1'	False	True	True	True	None	True
-	'dumb'	'1'	-	-	True	False	True	True	None	False
-	'dumb'	'1'	-	-	True	True	True	True	None	False
-	'dumb'	'1'	-	-	False	False	True	True	None	False
-	'dumb'	'1'	-	-	False	True	True	True	None	False
-	'dumb'	'1'	-	''	True	False	True	True	None	False
-	'dumb'	'1'	-	''	True	True	True	True	None	False
-	'dumb'	'1'	-	''	False	False	True	True	None	False
-	'dumb'	'1'	-	''	False	True	True	True	None	False
-	'dumb'	'1'	-	'1'	True	False	True	True	None	True
-	'dumb'	'1'	-	'1'	True	True	True	True	None	True
-	'dumb'	'1'	-	'1'	False	False	True	True	None	True
-	'dumb'	'1'	-	'1'	False	True	True	True	None	True
-	'dumb'	'1'	''	-	True	False	True	True	None	False
-	'dumb'	'1'	''	-	True	True	True	True	None	False
-	'dumb'	'1'	''	-	False	False	True	True	None	False
-	'dumb'	'1'	''	-	False	True	True	True	None	False
-	'dumb'	'1'	''	''	True	False	True	True	None	False
-	'dumb'	'1'	''	''	True	True	True	True	None	False
-	'dumb'	'1'	''	''	False	False	True	True	None	False
-	'dumb'	'1'	''	''	False	True	True	True	None	False
-	'dumb'	'1'	''	'1'	True	False	True	True	None	True
-	'dumb'	'1'	''	'1'	True	True	True	True	None	True
-	'dumb'	'1'	''	'1'	False	False	True	True	None	True
-	'dumb'	'1'	''	'1'	False	True	True	True	None	True
-	'dumb'	'1'	'0'	-	True	False	False	False	None	False
-	'dumb'	'1'	'0'	-	True	True	True	True	None	False
-	'dumb'	'1'	'0'	-	False	False	False	False	None	False
-	'dumb'	'1'	'0'	-	False	True	True	True	None	False
-	'dumb'	'1'	'0'	''	True	False	False	False	None	False
-	'dumb'	'1'	'0'	''	True	True	True	True	None	False
-	'dumb'	'1'	'0'	''	False	False	False	False	None	False
-	'dumb'	'1'	'0'	''	False	True	True	True	None	False
-	'dumb'	'1'	'0'	'1'	True	False	False	False	None	True
-	'dumb'	'1'	'0'	'1'	True	True	True	True	None	True
-	'dumb'	'1'	'0'	'1'	False	False	False	False	None	True
-	'dumb'	'1'	'0'	'1'	False	True	True	True	None	True
-	'dumb'	'1'	'1'	-	True	False	True	True	None	False
-	'dumb'	'1'	'1'	-	True	True	True	True	None	False
-	'dumb'	'1'	'1'	-	False	False	True	True	None	False
-	'dumb'	'1'	'1'	-	False	True	True	True	None	False
-	'dumb'	'1'	'1'	''	True	False	True	True	None	False
-	'dumb'	'1'	'1'	''	True	True	True	True	None	False
-	'dumb'	'1'	'1'	''	False	False	True	True	None	False
-	'dumb'	'1'	'1'	''	False	True	True	True	None	False
-	'dumb'	'1'	'1'	'1'	True	False	True	True	None	True
-	'dumb'	'1'	'1'	'1'	True	True	True	True	None	True
-	'dumb'	'1'	'1'	'1'	False	False	True	True	None	True
-	'dumb'	'1'	'1'	'1'	False	True	True	True	None	True
-	'dumb'	'0'	-	-	True	False	True	True	None	False
-	'dumb'	'0'	-	-	True	True	True	True	None	False
-	'dumb'	'0'	-	-	False	False	True	True	None	False
-	'dumb'	'0'	-	-	False	True	True	True	None	False
-	'dumb'	'0'	-	''	True	False	True	True	None	False
-	'dumb'	'0'	-	''	True	True	True	True	None	False
-	'dumb'	'0'	-	''	False	False	True	True	None	False
-	'dumb'	'0'	-	''	False	True	True	True	None	False
-	'dumb'	'0'	-	'1'	True	False	True	True	None	True
-	'dumb'	'0'	-	'1'	True	True	True	True	None	True
-	'dumb'	'0'	-	'1'	False	False	True	True	None	True
-	'dumb'	'0'	-	'1'	False	True	True	True	None	True
-	'dumb'	'0'	''	-	True	False	True	True	None	False
-	'dumb'	'0'	''	-	True	True	True	True	None	False
-	'dumb'	'0'	''	-	False	False	True	True	None	False
-	'dumb'	'0'	''	-	False	True	True	True	None	False
-	'dumb'	'0'	''	''	True	False	True	True	None	False
-	'dumb'	'0'	''	''	True	True	True	True	None	False
-	'dumb'	'0'	''	''	False	False	True	True	None	False
-	'dumb'	'0'	''	''	False	True	True	True	None	False
-	'dumb'	'0'	''	'1'	True	False	True	True	None	True
-	'dumb'	'0'	''	'1'	True	True	True	True	None	True
-	'dumb'	'0'	''	'1'	False	False	True	True	None	True
-	'dumb'	'0'	''	'1'	False	True	True	True	None	True
-	'dumb'	'0'	'0'	-	True	False	False	False	None	False
-	'dumb'	'0'	'0'	-	True	True	True	True	None	False
-	'dumb'	'0'	'0'	-	False	False	False	False	None	False
-	'dumb'	'0'	'0'	-	False	True	True	True	None	False
-	'dumb'	'0'	'0'	''	True	False	False	False	None	False
-	'dumb'	'0'	'0'	''	True	True	True	True	None	False
-	'dumb'	'0'	'0'	''	False	False	False	False	None	False
-	'dumb'	'0'	'0'	''	False	True	True	True	None	False
-	'dumb'	'0'	'0'	'1'	True	False	False	False	None	True
-	'dumb'	'0'	'0'	'1'	True	True	True	True	None	True
-	'dumb'	'0'	'0'	'1'	False	False	False	False	None	True
-	'dumb'	'0'	'0'	'1'	False	True	True	True	None	True
-	'dumb'	'0'	'1'	-	True	False	True	True	None	False
-	'dumb'	'0'	'1'	-	True	True	True	True	None	False
-	'dumb'	'0'	'1'	-	False	False	True	True	None	False
-	'dumb'	'0'	'1'	-	False	True	True	True	None	False
-	'dumb'	'0'	'1'	''	True	False	True	True	None	False
-	'dumb'	'0'	'1'	''	True	True	True	True	None	False
-	'dumb'	'0'	'1'	''	False	False	True	True	None	False
-	'dumb'	'0'	'1'	''	False	True	True	True	None	False
-	'dumb'	'0'	'1'	'1'	True	False	True	True	None	True
-	'dumb'	'0'	'1'	'1'	True	True	True	True	None	True
-	'dumb'	'0'	'1'	'1'	False	False	True	True	None	True
-	'dumb'	'0'	'1'	'1'	False	True	True	True	None	True
-	'unknown'	-	-	-	True	False	True	True	None	False
-	'unknown'	-	-	-	True	True	True	True	None	False
-	'unknown'	-	-	-	False	False	False	False	None	False
-	'unknown'	-	-	-	False	True	True	True	None	False
-	'unknown'	-	-	''	True	False	True	True	None	False
-	'unknown'	-	-	''	True	True	True	True	None	False
-	'unknown'	-	-	''	False	False	False	False	None	False
-	'unknown'	-	-	''	False	True	True	True	None	False
-	'unknown'	-	-	'1'	True	False	True	True	None	True
-	'unknown'	-	-	'1'	True	True	True	True	None	True
-	'unknown'	-	-	'1'	False	False	False	False	None	True
-	'unknown'	-	-	'1'	False	True	True	True	None	True
-	'unknown'	-	''	-	True	False	True	True	None	False
-	'unknown'	-	''	-	True	True	True	True	None	False
-	'unknown'	-	''	-	False	False	False	False	None	False
-	'unknown'	-	''	-	False	True	True	True	None	False
-	'unknown'	-	''	''	True	False	True	True	None	False
-	'unknown'	-	''	''	True	True	True	True	None	False
-	'unknown'	-	''	''	False	False	False	False	None	False
-	'unknown'	-	''	''	False	True	True	True	None	False
-	'unknown'	-	''	'1'	True	False	True	True	None	True
-	'unknown'	-	''	'1'	True	True	True	True	None	True
-	'unknown'	-	''	'1'	False	False	False	False	None	True
-	'unknown'	-	''	'1'	False	True	True	True	None	True
-	'unknown'	-	'0'	-	True	False	False	False	None	False
-	'unknown'	-	'0'	-	True	True	True	True	None	False
-	'unknown'	-	'0'	-	False	False	False	False	None	False
-	'unknown'	-	'0'	-	False	True	True	True	None	False
-	'unknown'	-	'0'	''	True	False	False	False	None	False
-	'unknown'	-	'0'	''	True	True	True	True	None	False
-	'unknown'	-	'0'	''	False	False	False	False	None	False
-	'unknown'	-	'0'	''	False	True	True	True	None	False
-	'unknown'	-	'0'	'1'	True	False	False	False	None	True
-	'unknown'	-	'0'	'1'	True	True	True	True	None	True
-	'unknown'	-	'0'	'1'	False	False	False	False	None	True
-	'unknown'	-	'0'	'1'	False	True	True	True	None	True
-	'unknown'	-	'1'	-	True	False	True	True	None	False
-	'unknown'	-	'1'	-	True	True	True	True	None	False
-	'unknown'	-	'1'	-	False	False	True	True	None	False
-	'unknown'	-	'1'	-	False	True	True	True	None	False
-	'unknown'	-	'1'	''	True	False	True	True	None	False
-	'unknown'	-	'1'	''	True	True	True	True	None	False
-	'unknown'	-	'1'	''	False	False	True	True	None	False
-	'unknown'	-	'1'	''	False	True	True	True	None	False
-	'unknown'	-	'1'	'1'	True	False	True	True	None	True
-	'unknown'	-	'1'	'1'	True	True	True	True	None	True
-	'unknown'	-	'1'	'1'	False	False	True	True	None	True
-	'unknown'	-	'1'	'1'	False	True	True	True	None	True
-	'unknown'	''	-	-	True	False	False	False	None	False
-	'unknown'	''	-	-	True	True	True	True	None	False
-	'unknown'	''	-	-	False	False	False	False	None	False
-	'unknown'	''	-	-	False	True	True	True	None	False
-	'unknown'	''	-	''	True	False	False	False	None	False
-	'unknown'	''	-	''	True	True	True	True	None	False
-	'unknown'	''	-	''	False	False	False	False	None	False
-	'unknown'	''	-	''	False	True	True	True	None	False
-	'unknown'	''	-	'1'	True	False	False	False	None	True
-	'unknown'	''	-	'1'	True	True	True	True	None	True
-	'unknown'	''	-	'1'	False	False	False	False	None	True
-	'unknown'	''	-	'1'	False	True	True	True	None	True
-	'unknown'	''	''	-	True	False	False	False	None	False
-	'unknown'	''	''	-	True	True	True	True	None	False
-	'unknown'	''	''	-	False	False	False	False	None	False
-	'unknown'	''	''	-	False	True	True	True	None	False
-	'unknown'	''	''	''	True	False	False	False	None	False
-	'unknown'	''	''	''	True	True	True	True	None	False
-	'unknown'	''	''	''	False	False	False	False	None	False
-	'unknown'	''	''	''	False	True	True	True	None	False
-	'unknown'	''	''	'1'	True	False	False	False	None	True
-	'unknown'	''	''	'1'	True	True	True	True	None	True
-	'unknown'	''	''	'1'	False	False	False	False	None	True
-	'unknown'	''	''	'1'	False	True	True	True	None	True
-	'unknown'	''	'0'	-	True	False	False	False	None	False
-	'unknown'	''	'0'	-	True	True	True	True	None	False
-	'unknown'	''	'0'	-	False	False	False	False	None	False
-	'unknown'	''	'0'	-	False	True	True	True	None	False
-	'unknown'	''	'0'	''	True	False	False	False	None	False
-	'unknown'	''	'0'	''	True	True	True	True	None	False
-	'unknown'	''	'0'	''	False	False	False	False	None	False
-	'unknown'	''	'0'	''	False	True	True	True	None	False
-	'unknown'	''	'0'	'1'	True	False	False	False	None	True
-	'unknown'	''	'0'	'1'	True	True	True	True	None	True
-	'unknown'	''	'0'	'1'	False	False	False	False	None	True
-	'unknown'	''	'0'	'1'	False	True	True	True	None	True
-	'unknown'	''	'1'	-	True	False	True	True	None	False
-	'unknown'	''	'1'	-	True	True	True	True	None	False
-	'unknown'	''	'1'	-	False	False	True	True	None	False
-	'unknown'	''	'1'	-	False	True	True	True	None	False
-	'unknown'	''	'1'	''	True	False	True	True	None	False
-	'unknown'	''	'1'	''	True	True	True	True	None	False
-	'unknown'	''	'1'	''	False	False	True	True	None	False
-	'unknown'	''	'1'	''	False	True	True	True	None	False
-	'unknown'	''	'1'	'1'	True	False	True	True	None	True
-	'unknown'	''	'1'	'1'	True	True	True	True	None	True
-	'unknown'	''	'1'	'1'	False	False	True	True	None	True
-	'unknown'	''	'1'	'1'	False	True	True	True	None	True
-	'unknown'	'1'	-	-	True	False	True	True	None	False
-	'unknown'	'1'	-	-	True	True	True	True	None	False
-	'unknown'	'1'	-	-	False	False	True	True	None	False
-	'unknown'	'1'	-	-	False	True	True	True	None	False
-	'unknown'	'1'	-	''	True	False	True	True	None	False
-	'unknown'	'1'	-	''	True	True	True	True	None	False
-	'unknown'	'1'	-	''	False	False	True	True	None	False
-	'unknown'	'1'	-	''	False	True	True	True	None	False
-	'unknown'	'1'	-	'1'	True	False	True	True	None	True
-	'unknown'	'1'	-	'1'	True	True	True	True	None	True
-	'unknown'	'1'	-	'1'	False	False	True	True	None	True
-	'unknown'	'1'	-	'1'	False	True	True	True	None	True
-	'unknown'	'1'	''	-	True	False	True	True	None	False
-	'unknown'	'1'	''	-	True	True	True	True	None	False
-	'unknown'	'1'	''	-	False	False	True	True	None	False
-	'unknown'	'1'	''	-	False	True	True	True	None	False
-	'unknown'	'1'	''	''	True	False	True	True	None	False
-	'unknown'	'1'	''	''	True	True	True	True	None	False
-	'unknown'	'1'	''	''	False	False	True	True	None	False
-	'unknown'	'1'	''	''	False	True	True	True	None	False
-	'unknown'	'1'	''	'1'	True	False	True	True	None	True
-	'unknown'	'1'	''	'1'	True	True	True	True	None	True
-	'unknown'	'1'	''	'1'	False	False	True	True	None	True
-	'unknown'	'1'	''	'1'	False	True	True	True	None	True
-	'unknown'	'1'	'0'	-	True	False	False	False	None	False
-	'unknown'	'1'	'0'	-	True	True	True	True	None	False
-	'unknown'	'1'	'0'	-	False	False	False	False	None	False
-	'unknown'	'1'	'0'	-	False	True	True	True	None	False
-	'unknown'	'1'	'0'	''	True	False	False	False	None	False
-	'unknown'	'1'	'0'	''	True	True	True	True	None	False
-	'unknown'	'1'	'0'	''	False	False	False	False	None	False
-	'unknown'	'1'	'0'	''	False	True	True	True	None	False
-	'unknown'	'1'	'0'	'1'	True	False	False	False	None	True
-	'unknown'	'1'	'0'	'1'	True	True	True	True	None	True
-	'unknown'	'1'	'0'	'1'	False	False	False	False	None	True
-	'unknown'	'1'	'0'	'1'	False	True	True	True	None	True
-	'unknown'	'1'	'1'	-	True	False	True	True	None	False
-	'unknown'	'1'	'1'	-	True	True	True	True	None	False
-	'unknown'	'1'	'1'	-	False	False	True	True	None	False
-	'unknown'	'1'	'1'	-	False	True	True	True	None	False
-	'unknown'	'1'	'1'	''	True	False	True	True	None	False
-	'unknown'	'1'	'1'	''	True	True	True	True	None	False
-	'unknown'	'1'	'1'	''	False	False	True	True	None	False
-	'unknown'	'1'	'1'	''	False	True	True	True	None	False
-	'unknown'	'1'	'1'	'1'	True	False	True	True	None	True
-	'unknown'	'1'	'1'	'1'	True	True	True	True	None	True
-	'unknown'	'1'	'1'	'1'	False	False	True	True	None	True
-	'unknown'	'1'	'1'	'1'	False	True	True	True	None	True
-	'unknown'	'0'	-	-	True	False	True	True	None	False
-	'unknown'	'0'	-	-	True	True	True	True	None	False
-	'unknown'	'0'	-	-	False	False	True	True	None	False
-	'unknown'	'0'	-	-	False	True	True	True	None	False
-	'unknown'	'0'	-	''	True	False	True	True	None	False
-	'unknown'	'0'	-	''	True	True	True	True	None	False
-	'unknown'	'0'	-	''	False	False	True	True	None	False
-	'unknown'	'0'	-	''	False	True	True	True	None	False
-	'unknown'	'0'	-	'1'	True	False	True	True	None	True
-	'unknown'	'0'	-	'1'	True	True	True	True	None	True
-	'unknown'	'0'	-	'1'	False	False	True	True	None	True
-	'unknown'	'0'	-	'1'	False	True	True	True	None	True
-	'unknown'	'0'	''	-	True	False	True	True	None	False
-	'unknown'	'0'	''	-	True	True	True	True	None	False
-	'unknown'	'0'	''	-	False	False	True	True	None	False
-	'unknown'	'0'	''	-	False	True	True	True	None	False
-	'unknown'	'0'	''	''	True	False	True	True	None	False
-	'unknown'	'0'	''	''	True	True	True	True	None	False
-	'unknown'	'0'	''	''	False	False	True	True	None	False
-	'unknown'	'0'	''	''	False	True	True	True	None	False
-	'unknown'	'0'	''	'1'	True	False	True	True	None	True
-	'unknown'	'0'	''	'1'	True	True	True	True	None	True
-	'unknown'	'0'	''	'1'	False	False	True	True	None	True
-	'unknown'	'0'	''	'1'	False	True	True	True	None	True
-	'unknown'	'0'	'0'	-	True	False	False	False	None	False
-	'unknown'	'0'	'0'	-	True	True	True	True	None	False
-	'unknown'	'0'	'0'	-	False	False	False	False	None	False
-	'unknown'	'0'	'0'	-	False	True	True	True	None	False
-	'unknown'	'0'	'0'	''	True	False	False	False	None	False
-	'unknown'	'0'	'0'	''	True	True	True	True	None	False
-	'unknown'	'0'	'0'	''	False	False	False	False	None	False
-	'unknown'	'0'	'0'	''	False	True	True	True	None	False
-	'unknown'	'0'	'0'	'1'	True	False	False	False	None	True
-	'unknown'	'0'	'0'	'1'	True	True	True	True	None	True
-	'unknown'	'0'	'0'	'1'	False	False	False	False	None	True
-	'unknown'	'0'	'0'	'1'	False	True	True	True	None	True
-	'unknown'	'0'	'1'	-	True	False	True	True	None	False
-	'unknown'	'0'	'1'	-	True	True	True	True	None	False
-	'unknown'	'0'	'1'	-	False	False	True	True	None	False
-	'unknown'	'0'	'1'	-	False	True	True	True	None	False
-	'unknown'	'0'	'1'	''	True	False	True	True	None	False
-	'unknown'	'0'	'1'	''	True	True	True	True	None	False
-	'unknown'	'0'	'1'	''	False	False	True	True	None	False
-	'unknown'	'0'	'1'	''	False	True	True	True	None	False
-	'unknown'	'0'	'1'	'1'	True	False	True	True	None	True
-	'unknown'	'0'	'1'	'1'	True	True	True	True	None	True
-	'unknown'	'0'	'1'	'1'	False	False	True	True	None	True
-	'unknown'	'0'	'1'	'1'	False	True	True	True	None	True
-	'xterm'	-	-	-	True	False	True	False	standard	False
-	'xterm'	-	-	-	True	True	True	False	standard	False
-	'xterm'	-	-	-	False	False	False	False	None	False
-	'xterm'	-	-	-	False	True	True	False	standard	False
-	'xterm'	-	-	''	True	False	True	False	standard	False
-	'xterm'	-	-	''	True	True	True	False	standard	False
-	'xterm'	-	-	''	False	False	False	False	None	False
-	'xterm'	-	-	''	False	True	True	False	standard	False
-	'xterm'	-	-	'1'	True	False	True	False	standard	True
-	'xterm'	-	-	'1'	True	True	True	False	standard	True
-	'xterm'	-	-	'1'	False	False	False	False	None	True
-	'xterm'	-	-	'1'	False	True	True	False	standard	True
-	'xterm'	-	''	-	True	False	True	False	standard	False
-	'xterm'	-	''	-	True	True	True	False	standard	False
-	'xterm'	-	''	-	False	False	False	False	None	False
-	'xterm'	-	''	-	False	True	True	False	standard	False
-	'xterm'	-	''	''	True	False	True	False	standard	False
-	'xterm'	-	''	''	True	True	True	False	standard	False
-	'xterm'	-	''	''	False	False	False	False	None	False
-	'xterm'	-	''	''	False	True	True	False	standard	False
-	'xterm'	-	''	'1'	True	False	True	False	standard	True
-	'xterm'	-	''	'1'	True	True	True	False	standard	True
-	'xterm'	-	''	'1'	False	False	False	False	None	True
-	'xterm'	-	''	'1'	False	True	True	False	standard	True
-	'xterm'	-	'0'	-	True	False	False	False	None	False
-	'xterm'	-	'0'	-	True	True	True	False	standard	False
-	'xterm'	-	'0'	-	False	False	False	False	None	False
-	'xterm'	-	'0'	-	False	True	True	False	standard	False
-	'xterm'	-	'0'	''	True	False	False	False	None	False
-	'xterm'	-	'0'	''	True	True	True	False	standard	False
-	'xterm'	-	'0'	''	False	False	False	False	None	False
-	'xterm'	-	'0'	''	False	True	True	False	standard	False
-	'xterm'	-	'0'	'1'	True	False	False	False	None	True
-	'xterm'	-	'0'	'1'	True	True	True	False	standard	True
-	'xterm'	-	'0'	'1'	False	False	False	False	None	True
-	'xterm'	-	'0'	'1'	False	True	True	False	standard	True
-	'xterm'	-	'1'	-	True	False	True	False	standard	False
-	'xterm'	-	'1'	-	True	True	True	False	standard	False
-	'xterm'	-	'1'	-	False	False	True	False	standard	False
-	'xterm'	-	'1'	-	False	True	True	False	standard	False
-	'xterm'	-	'1'	''	True	False	True	False	standard	False
-	'xterm'	-	'1'	''	True	True	True	False	standard	False
-	'xterm'	-	'1'	''	False	False	True	False	standard	False
-	'xterm'	-	'1'	''	False	True	True	False	standard	False
-	'xterm'	-	'1'	'1'	True	False	True	False	standard	True
-	'xterm'	-	'1'	'1'	True	True	True	False	standard	True
-	'xterm'	-	'1'	'1'	False	False	True	False	standard	True
-	'xterm'	-	'1'	'1'	False	True	True	False	standard	True
-	'xterm'	''	-	-	True	False	False	False	None	False
-	'xterm'	''	-	-	True	True	True	False	standard	False
-	'xterm'	''	-	-	False	False	False	False	None	False
-	'xterm'	''	-	-	False	True	True	False	standard	False
-	'xterm'	''	-	''	True	False	False	False	None	False
-	'xterm'	''	-	''	True	True	True	False	standard	False
-	'xterm'	''	-	''	False	False	False	False	None	False
-	'xterm'	''	-	''	False	True	True	False	standard	False
-	'xterm'	''	-	'1'	True	False	False	False	None	True
-	'xterm'	''	-	'1'	True	True	True	False	standard	True
-	'xterm'	''	-	'1'	False	False	False	False	None	True
-	'xterm'	''	-	'1'	False	True	True	False	standard	True
-	'xterm'	''	''	-	True	False	False	False	None	False
-	'xterm'	''	''	-	True	True	True	False	standard	False
-	'xterm'	''	''	-	False	False	False	False	None	False
-	'xterm'	''	''	-	False	True	True	False	standard	False
-	'xterm'	''	''	''	True	False	False	False	None	False
-	'xterm'	''	''	''	True	True	True	False	standard	False
-	'xterm'	''	''	''	False	False	False	False	None	False
-	'xterm'	''	''	''	False	True	True	False	standard	False
-	'xterm'	''	''	'1'	True	False	False	False	None	True
-	'xterm'	''	''	'1'	True	True	True	False	standard	True
-	'xterm'	''	''	'1'	False	False	False	False	None	True
-	'xterm'	''	''	'1'	False	True	True	False	standard	True
-	'xterm'	''	'0'	-	True	False	False	False	None	False
-	'xterm'	''	'0'	-	True	True	True	False	standard	False
-	'xterm'	''	'0'	-	False	False	False	False	None	False
-	'xterm'	''	'0'	-	False	True	True	False	standard	False
-	'xterm'	''	'0'	''	True	False	False	False	None	False
-	'xterm'	''	'0'	''	True	True	True	False	standard	False
-	'xterm'	''	'0'	''	False	False	False	False	None	False
-	'xterm'	''	'0'	''	False	True	True	False	standard	False
-	'xterm'	''	'0'	'1'	True	False	False	False	None	True
-	'xterm'	''	'0'	'1'	True	True	True	False	standard	True
-	'xterm'	''	'0'	'1'	False	False	False	False	None	True
-	'xterm'	''	'0'	'1'	False	True	True	False	standard	True
-	'xterm'	''	'1'	-	True	False	True	False	standard	False
-	'xterm'	''	'1'	-	True	True	True	False	standard	False
-	'xterm'	''	'1'	-	False	False	True	False	standard	False
-	'xterm'	''	'1'	-	False	True	True	False	standard	False
-	'xterm'	''	'1'	''	True	False	True	False	standard	False
-	'xterm'	''	'1'	''	True	True	True	False	standard	False
-	'xterm'	''	'1'	''	False	False	True	False	standard	False
-	'xterm'	''	'1'	''	False	True	True	False	standard	False
-	'xterm'	''	'1'	'1'	True	False	True	False	standard	True
-	'xterm'	''	'1'	'1'	True	True	True	False	standard	True
-	'xterm'	''	'1'	'1'	False	False	True	False	standard	True
-	'xterm'	''	'1'	'1'	False	True	True	False	standard	True
-	'xterm'	'1'	-	-	True	False	True	False	standard	False
-	'xterm'	'1'	-	-	True	True	True	False	standard	False
-	'xterm'	'1'	-	-	False	False	True	False	standard	False
-	'xterm'	'1'	-	-	False	True	True	False	standard	False
-	'xterm'	'1'	-	''	True	False	True	False	standard	False
-	'xterm'	'1'	-	''	True	True	True	False	standard	False
-	'xterm'	'1'	-	''	False	False	True	False	standard	False
-	'xterm'	'1'	-	''	False	True	True	False	standard	False
-	'xterm'	'1'	-	'1'	True	False	True	False	standard	True
-	'xterm'	'1'	-	'1'	True	True	True	False	standard	True
-	'xterm'	'1'	-	'1'	False	False	True	False	standard	True
-	'xterm'	'1'	-	'1'	False	True	True	False	standard	True
-	'xterm'	'1'	''	-	True	False	True	False	standard	False
-	'xterm'	'1'	''	-	True	True	True	False	standard	False
-	'xterm'	'1'	''	-	False	False	True	False	standard	False
-	'xterm'	'1'	''	-	False	True	True	False	standard	False
-	'xterm'	'1'	''	''	True	False	True	False	standard	False
-	'xterm'	'1'	''	''	True	True	True	False	standard	False
-	'xterm'	'1'	''	''	False	False	True	False	standard	False
-	'xterm'	'1'	''	''	False	True	True	False	standard	False
-	'xterm'	'1'	''	'1'	True	False	True	False	standard	True
-	'xterm'	'1'	''	'1'	True	True	True	False	standard	True
-	'xterm'	'1'	''	'1'	False	False	True	False	standard	True
-	'xterm'	'1'	''	'1'	False	True	True	False	standard	True
-	'xterm'	'1'	'0'	-	True	False	False	False	None	False
-	'xterm'	'1'	'0'	-	True	True	True	False	standard	False
-	'xterm'	'1'	'0'	-	False	False	False	False	None	False
-	'xterm'	'1'	'0'	-	False	True	True	False	standard	False
-	'xterm'	'1'	'0'	''	True	False	False	False	None	False
-	'xterm'	'1'	'0'	''	True	True	True	False	standard	False
-	'xterm'	'1'	'0'	''	False	False	False	False	None	False
-	'xterm'	'1'	'0'	''	False	True	True	False	standard	False
-	'xterm'	'1'	'0'	'1'	True	False	False	False	None	True
-	'xterm'	'1'	'0'	'1'	True	True	True	False	standard	True
-	'xterm'	'1'	'0'	'1'	False	False	False	False	None	True
-	'xterm'	'1'	'0'	'1'	False	True	True	False	standard	True
-	'xterm'	'1'	'1'	-	True	False	True	False	standard	False
-	'xterm'	'1'	'1'	-	True	True	True	False	standard	False
-	'xterm'	'1'	'1'	-	False	False	True	False	standard	False
-	'xterm'	'1'	'1'	-	False	True	True	False	standard	False
-	'xterm'	'1'	'1'	''	True	False	True	False	standard	False
-	'xterm'	'1'	'1'	''	True	True	True	False	standard	False
-	'xterm'	'1'	'1'	''	False	False	True	False	standard	False
-	'xterm'	'1'	'1'	''	False	True	True	False	standard	False
-	'xterm'	'1'	'1'	'1'	True	False	True	False	standard	True
-	'xterm'	'1'	'1'	'1'	True	True	True	False	standard	True
-	'xterm'	'1'	'1'	'1'	False	False	True	False	standard	True
-	'xterm'	'1'	'1'	'1'	False	True	True	False	standard	True
-	'xterm'	'0'	-	-	True	False	True	False	standard	False
-	'xterm'	'0'	-	-	True	True	True	False	standard	False
-	'xterm'	'0'	-	-	False	False	True	False	standard	False
-	'xterm'	'0'	-	-	False	True	True	False	standard	False
-	'xterm'	'0'	-	''	True	False	True	False	standard	False
-	'xterm'	'0'	-	''	True	True	True	False	standard	False
-	'xterm'	'0'	-	''	False	False	True	False	standard	False
-	'xterm'	'0'	-	''	False	True	True	False	standard	False
-	'xterm'	'0'	-	'1'	True	False	True	False	standard	True
-	'xterm'	'0'	-	'1'	True	True	True	False	standard	True
-	'xterm'	'0'	-	'1'	False	False	True	False	standard	True
-	'xterm'	'0'	-	'1'	False	True	True	False	standard	True
-	'xterm'	'0'	''	-	True	False	True	False	standard	False
-	'xterm'	'0'	''	-	True	True	True	False	standard	False
-	'xterm'	'0'	''	-	False	False	True	False	standard	False
-	'xterm'	'0'	''	-	False	True	True	False	standard	False
-	'xterm'	'0'	''	''	True	False	True	False	standard	False
-	'xterm'	'0'	''	''	True	True	True	False	standard	False
-	'xterm'	'0'	''	''	False	False	True	False	standard	False
-	'xterm'	'0'	''	''	False	True	True	False	standard	False
-	'xterm'	'0'	''	'1'	True	False	True	False	standard	True
-	'xterm'	'0'	''	'1'	True	True	True	False	standard	True
-	'xterm'	'0'	''	'1'	False	False	True	False	standard	True
-	'xterm'	'0'	''	'1'	False	True	True	False	standard	True
-	'xterm'	'0'	'0'	-	True	False	False	False	None	False
-	'xterm'	'0'	'0'	-	True	True	True	False	standard	False
-	'xterm'	'0'	'0'	-	False	False	False	False	None	False
-	'xterm'	'0'	'0'	-	False	True	True	False	standard	False
-	'xterm'	'0'	'0'	''	True	False	False	False	None	False
-	'xterm'	'0'	'0'	''	True	True	True	False	standard	False
-	'xterm'	'0'	'0'	''	False	False	False	False	None	False
-	'xterm'	'0'	'0'	''	False	True	True	False	standard	False
-	'xterm'	'0'	'0'	'1'	True	False	False	False	None	True
-	'xterm'	'0'	'0'	'1'	True	True	True	False	standard	True
-	'xterm'	'0'	'0'	'1'	False	False	False	False	None	True
-	'xterm'	'0'	'0'	'1'	False	True	True	False	standard	True
-	'xterm'	'0'	'1'	-	True	False	True	False	standard	False
-	'xterm'	'0'	'1'	-	True	True	True	False	standard	False
-	'xterm'	'0'	'1'	-	False	False	True	False	standard	False
-	'xterm'	'0'	'1'	-	False	True	True	False	standard	False
-	'xterm'	'0'	'1'	''	True	False	True	False	standard	False
-	'xterm'	'0'	'1'	''	True	True	True	False	standard	False
-	'xterm'	'0'	'1'	''	False	False	True	False	standard	False
-	'xterm'	'0'	'1'	''	False	True	True	False	standard	False
-	'xterm'	'0'	'1'	'1'	True	False	True	False	standard	True
-	'xterm'	'0'	'1'	'1'	True	True	True	False	standard	True
-	'xterm'	'0'	'1'	'1'	False	False	True	False	standard	True
-	'xterm'	'0'	'1'	'1'	False	True	True	False	standard	True
-	'xterm-256color'	-	-	-	True	False	True	False	256	False
-	'xterm-256color'	-	-	-	True	True	True	False	256	False
-	'xterm-256color'	-	-	-	False	False	False	False	None	False
-	'xterm-256color'	-	-	-	False	True	True	False	256	False
-	'xterm-256color'	-	-	''	True	False	True	False	256	False
-	'xterm-256color'	-	-	''	True	True	True	False	256	False
-	'xterm-256color'	-	-	''	False	False	False	False	None	False
-	'xterm-256color'	-	-	''	False	True	True	False	256	False
-	'xterm-256color'	-	-	'1'	True	False	True	False	256	True
-	'xterm-256color'	-	-	'1'	True	True	True	False	256	True
-	'xterm-256color'	-	-	'1'	False	False	False	False	None	True
-	'xterm-256color'	-	-	'1'	False	True	True	False	256	True
-	'xterm-256color'	-	''	-	True	False	True	False	256	False
-	'xterm-256color'	-	''	-	True	True	True	False	256	False
-	'xterm-256color'	-	''	-	False	False	False	False	None	False
-	'xterm-256color'	-	''	-	False	True	True	False	256	False
-	'xterm-256color'	-	''	''	True	False	True	False	256	False
-	'xterm-256color'	-	''	''	True	True	True	False	256	False
-	'xterm-256color'	-	''	''	False	False	False	False	None	False
-	'xterm-256color'	-	''	''	False	True	True	False	256	False
-	'xterm-256color'	-	''	'1'	True	False	True	False	256	True
-	'xterm-256color'	-	''	'1'	True	True	True	False	256	True
-	'xterm-256color'	-	''	'1'	False	False	False	False	None	True
-	'xterm-256color'	-	''	'1'	False	True	True	False	256	True
-	'xterm-256color'	-	'0'	-	True	False	False	False	None	False
-	'xterm-256color'	-	'0'	-	True	True	True	False	256	False
-	'xterm-256color'	-	'0'	-	False	False	False	False	None	False
-	'xterm-256color'	-	'0'	-	False	True	True	False	256	False
-	'xterm-256color'	-	'0'	''	True	False	False	False	None	False
-	'xterm-256color'	-	'0'	''	True	True	True	False	256	False
-	'xterm-256color'	-	'0'	''	False	False	False	False	None	False
-	'xterm-256color'	-	'0'	''	False	True	True	False	256	False
-	'xterm-256color'	-	'0'	'1'	True	False	False	False	None	True
-	'xterm-256color'	-	'0'	'1'	True	True	True	False	256	True
-	'xterm-256color'	-	'0'	'1'	False	False	False	False	None	True
-	'xterm-256color'	-	'0'	'1'	False	True	True	False	256	True
-	'xterm-256color'	-	'1'	-	True	False	True	False	256	False
-	'xterm-256color'	-	'1'	-	True	True	True	False	256	False
-	'xterm-256color'	-	'1'	-	False	False	True	False	256	False
-	'xterm-256color'	-	'1'	-	False	True	True	False	256	False
-	'xterm-256color'	-	'1'	''	True	False	True	False	256	False
-	'xterm-256color'	-	'1'	''	True	True	True	False	256	False
-	'xterm-256color'	-	'1'	''	False	False	True	False	256	False
-	'xterm-256color'	-	'1'	''	False	True	True	False	256	False
-	'xterm-256color'	-	'1'	'1'	True	False	True	False	256	True
-	'xterm-256color'	-	'1'	'1'	True	True	True	False	256	True
-	'xterm-256color'	-	'1'	'1'	False	False	True	False	256	True
-	'xterm-256color'	-	'1'	'1'	False	True	True	False	256	True
-	'xterm-256color'	''	-	-	True	False	False	False	None	False
-	'xterm-256color'	''	-	-	True	True	True	False	256	False
-	'xterm-256color'	''	-	-	False	False	False	False	None	False
-	'xterm-256color'	''	-	-	False	True	True	False	256	False
-	'xterm-256color'	''	-	''	True	False	False	False	None	False
-	'xterm-256color'	''	-	''	True	True	True	False	256	False
-	'xterm-256color'	''	-	''	False	False	False	False	None	False
-	'xterm-256color'	''	-	''	False	True	True	False	256	False
-	'xterm-256color'	''	-	'1'	True	False	False	False	None	True
-	'xterm-256color'	''	-	'1'	True	True	True	False	256	True
-	'xterm-256color'	''	-	'1'	False	False	False	False	None	True
-	'xterm-256color'	''	-	'1'	False	True	True	False	256	True
-	'xterm-256color'	''	''	-	True	False	False	False	None	False
-	'xterm-256color'	''	''	-	True	True	True	False	256	False
-	'xterm-256color'	''	''	-	False	False	False	False	None	False
-	'xterm-256color'	''	''	-	False	True	True	False	256	False
-	'xterm-256color'	''	''	''	True	False	False	False	None	False
-	'xterm-256color'	''	''	''	True	True	True	False	256	False
-	'xterm-256color'	''	''	''	False	False	False	False	None	False
-	'xterm-256color'	''	''	''	False	True	True	False	256	False
-	'xterm-256color'	''	''	'1'	True	False	False	False	None	True
-	'xterm-256color'	''	''	'1'	True	True	True	False	256	True
-	'xterm-256color'	''	''	'1'	False	False	False	False	None	True
-	'xterm-256color'	''	''	'1'	False	True	True	False	256	True
-	'xterm-256color'	''	'0'	-	True	False	False	False	None	False
-	'xterm-256color'	''	'0'	-	True	True	True	False	256	False
-	'xterm-256color'	''	'0'	-	False	False	False	False	None	False
-	'xterm-256color'	''	'0'	-	False	True	True	False	256	False
-	'xterm-256color'	''	'0'	''	True	False	False	False	None	False
-	'xterm-256color'	''	'0'	''	True	True	True	False	256	False
-	'xterm-256color'	''	'0'	''	False	False	False	False	None	False
-	'xterm-256color'	''	'0'	''	False	True	True	False	256	False
-	'xterm-256color'	''	'0'	'1'	True	False	False	False	None	True
-	'xterm-256color'	''	'0'	'1'	True	True	True	False	256	True
-	'xterm-256color'	''	'0'	'1'	False	False	False	False	None	True
-	'xterm-256color'	''	'0'	'1'	False	True	True	False	256	True
-	'xterm-256color'	''	'1'	-	True	False	True	False	256	False
-	'xterm-256color'	''	'1'	-	True	True	True	False	256	False
-	'xterm-256color'	''	'1'	-	False	False	True	False	256	False
-	'xterm-256color'	''	'1'	-	False	True	True	False	256	False
-	'xterm-256color'	''	'1'	''	True	False	True	False	256	False
-	'xterm-256color'	''	'1'	''	True	True	True	False	256	False
-	'xterm-256color'	''	'1'	''	False	False	True	False	256	False
-	'xterm-256color'	''	'1'	''	False	True	True	False	256	False
-	'xterm-256color'	''	'1'	'1'	True	False	True	False	256	True
-	'xterm-256color'	''	'1'	'1'	True	True	True	False	256	True
-	'xterm-256color'	''	'1'	'1'	False	False	True	False	256	True
-	'xterm-256color'	''	'1'	'1'	False	True	True	False	256	True
-	'xterm-256color'	'1'	-	-	True	False	True	False	256	False
-	'xterm-256color'	'1'	-	-	True	True	True	False	256	False
-	'xterm-256color'	'1'	-	-	False	False	True	False	256	False
-	'xterm-256color'	'1'	-	-	False	True	True	False	256	False
-	'xterm-256color'	'1'	-	''	True	False	True	False	256	False
-	'xterm-256color'	'1'	-	''	True	True	True	False	256	False
-	'xterm-256color'	'1'	-	''	False	False	True	False	256	False
-	'xterm-256color'	'1'	-	''	False	True	True	False	256	False
-	'xterm-256color'	'1'	-	'1'	True	False	True	False	256	True
-	'xterm-256color'	'1'	-	'1'	True	True	True	False	256	True
-	'xterm-256color'	'1'	-	'1'	False	False	True	False	256	True
-	'xterm-256color'	'1'	-	'1'	False	True	True	False	256	True
-	'xterm-256color'	'1'	''	-	True	False	True	False	256	False
-	'xterm-256color'	'1'	''	-	True	True	True	False	256	False
-	'xterm-256color'	'1'	''	-	False	False	True	False	256	False
-	'xterm-256color'	'1'	''	-	False	True	True	False	256	False
-	'xterm-256color'	'1'	''	''	True	False	True	False	256	False
-	'xterm-256color'	'1'	''	''	True	True	True	False	256	False
-	'xterm-256color'	'1'	''	''	False	False	True	False	256	False
-	'xterm-256color'	'1'	''	''	False	True	True	False	256	False
-	'xterm-256color'	'1'	''	'1'	True	False	True	False	256	True
-	'xterm-256color'	'1'	''	'1'	True	True	True	False	256	True
-	'xterm-256color'	'1'	''	'1'	False	False	True	False	256	True
-	'xterm-256color'	'1'	''	'1'	False	True	True	False	256	True
-	'xterm-256color'	'1'	'0'	-	True	False	False	False	None	False
-	'xterm-256color'	'1'	'0'	-	True	True	True	False	256	False
-	'xterm-256color'	'1'	'0'	-	False	False	False	False	None	False
-	'xterm-256color'	'1'	'0'	-	False	True	True	False	256	False
-	'xterm-256color'	'1'	'0'	''	True	False	False	False	None	False
-	'xterm-256color'	'1'	'0'	''	True	True	True	False	256	False
-	'xterm-256color'	'1'	'0'	''	False	False	False	False	None	False
-	'xterm-256color'	'1'	'0'	''	False	True	True	False	256	False
-	'xterm-256color'	'1'	'0'	'1'	True	False	False	False	None	True
-	'xterm-256color'	'1'	'0'	'1'	True	True	True	False	256	True
-	'xterm-256color'	'1'	'0'	'1'	False	False	False	False	None	True
-	'xterm-256color'	'1'	'0'	'1'	False	True	True	False	256	True
-	'xterm-256color'	'1'	'1'	-	True	False	True	False	256	False
-	'xterm-256color'	'1'	'1'	-	True	True	True	False	256	False
-	'xterm-256color'	'1'	'1'	-	False	False	True	False	256	False
-	'xterm-256color'	'1'	'1'	-	False	True	True	False	256	False
-	'xterm-256color'	'1'	'1'	''	True	False	True	False	256	False
-	'xterm-256color'	'1'	'1'	''	True	True	True	False	256	False
-	'xterm-256color'	'1'	'1'	''	False	False	True	False	256	False
-	'xterm-256color'	'1'	'1'	''	False	True	True	False	256	False
-	'xterm-256color'	'1'	'1'	'1'	True	False	True	False	256	True
-	'xterm-256color'	'1'	'1'	'1'	True	True	True	False	256	True
-	'xterm-256color'	'1'	'1'	'1'	False	False	True	False	256	True
-	'xterm-256color'	'1'	'1'	'1'	False	True	True	False	256	True
-	'xterm-256color'	'0'	-	-	True	False	True	False	256	False
-	'xterm-256color'	'0'	-	-	True	True	True	False	256	False
-	'xterm-256color'	'0'	-	-	False	False	True	False	256	False
-	'xterm-256color'	'0'	-	-	False	True	True	False	256	False
-	'xterm-256color'	'0'	-	''	True	False	True	False	256	False
-	'xterm-256color'	'0'	-	''	True	True	True	False	256	False
-	'xterm-256color'	'0'	-	''	False	False	True	False	256	False
-	'xterm-256color'	'0'	-	''	False	True	True	False	256	False
-	'xterm-256color'	'0'	-	'1'	True	False	True	False	256	True
-	'xterm-256color'	'0'	-	'1'	True	True	True	False	256	True
-	'xterm-256color'	'0'	-	'1'	False	False	True	False	256	True
-	'xterm-256color'	'0'	-	'1'	False	True	True	False	256	True
-	'xterm-256color'	'0'	''	-	True	False	True	False	256	False
-	'xterm-256color'	'0'	''	-	True	True	True	False	256	False
-	'xterm-256color'	'0'	''	-	False	False	True	False	256	False
-	'xterm-256color'	'0'	''	-	False	True	True	False	256	False
-	'xterm-256color'	'0'	''	''	True	False	True	False	256	False
-	'xterm-256color'	'0'	''	''	True	True	True	False	256	False
-	'xterm-256color'	'0'	''	''	False	False	True	False	256	False
-	'xterm-256color'	'0'	''	''	False	True	True	False	256	False
-	'xterm-256color'	'0'	''	'1'	True	False	True	False	256	True
-	'xterm-256color'	'0'	''	'1'	True	True	True	False	256	True
-	'xterm-256color'	'0'	''	'1'	False	False	True	False	256	True
-	'xterm-256color'	'0'	''	'1'	False	True	True	False	256	True
-	'xterm-256color'	'0'	'0'	-	True	False	False	False	None	False
-	'xterm-256color'	'0'	'0'	-	True	True	True	False	256	False
-	'xterm-256color'	'0'	'0'	-	False	False	False	False	None	False
-	'xterm-256color'	'0'	'0'	-	False	True	True	False	256	False
-	'xterm-256color'	'0'	'0'	''	True	False	False	False	None	False
-	'xterm-256color'	'0'	'0'	''	True	True	True	False	256	False
-	'xterm-256color'	'0'	'0'	''	False	False	False	False	None	False
-	'xterm-256color'	'0'	'0'	''	False	True	True	False	256	False
-	'xterm-256color'	'0'	'0'	'1'	True	False	False	False	None	True
-	'xterm-256color'	'0'	'0'	'1'	True	True	True	False	256	True
-	'xterm-256color'	'0'	'0'	'1'	False	False	False	False	None	True
-	'xterm-256color'	'0'	'0'	'1'	False	True	True	False	256	True
-	'xterm-256color'	'0'	'1'	-	True	False	True	False	256	False
-	'xterm-256color'	'0'	'1'	-	True	True	True	False	256	False
-	'xterm-256color'	'0'	'1'	-	False	False	True	False	256	False
-	'xterm-256color'	'0'	'1'	-	False	True	True	False	256	False
-	'xterm-256color'	'0'	'1'	''	True	False	True	False	256	False
-	'xterm-256color'	'0'	'1'	''	True	True	True	False	256	False
-	'xterm-256color'	'0'	'1'	''	False	False	True	False	256	False
-	'xterm-256color'	'0'	'1'	''	False	True	True	False	256	False
-	'xterm-256color'	'0'	'1'	'1'	True	False	True	False	256	True
-	'xterm-256color'	'0'	'1'	'1'	True	True	True	False	256	True
-	'xterm-256color'	'0'	'1'	'1'	False	False	True	False	256	True
-	'xterm-256color'	'0'	'1'	'1'	False	True	True	False	256	True
-	'xterm-16color'	-	-	-	True	False	True	False	standard	False
-	'xterm-16color'	-	-	-	True	True	True	False	standard	False
-	'xterm-16color'	-	-	-	False	False	False	False	None	False
-	'xterm-16color'	-	-	-	False	True	True	False	standard	False
-	'xterm-16color'	-	-	''	True	False	True	False	standard	False
-	'xterm-16color'	-	-	''	True	True	True	False	standard	False
-	'xterm-16color'	-	-	''	False	False	False	False	None	False
-	'xterm-16color'	-	-	''	False	True	True	False	standard	False
-	'xterm-16color'	-	-	'1'	True	False	True	False	standard	True
-	'xterm-16color'	-	-	'1'	True	True	True	False	standard	True
-	'xterm-16color'	-	-	'1'	False	False	False	False	None	True
-	'xterm-16color'	-	-	'1'	False	True	True	False	standard	True
-	'xterm-16color'	-	''	-	True	False	True	False	standard	False
-	'xterm-16color'	-	''	-	True	True	True	False	standard	False
-	'xterm-16color'	-	''	-	False	False	False	False	None	False
-	'xterm-16color'	-	''	-	False	True	True	False	standard	False
-	'xterm-16color'	-	''	''	True	False	True	False	standard	False
-	'xterm-16color'	-	''	''	True	True	True	False	standard	False
-	'xterm-16color'	-	''	''	False	False	False	False	None	False
-	'xterm-16color'	-	''	''	False	True	True	False	standard	False
-	'xterm-16color'	-	''	'1'	True	False	True	False	standard	True
-	'xterm-16color'	-	''	'1'	True	True	True	False	standard	True
-	'xterm-16color'	-	''	'1'	False	False	False	False	None	True
-	'xterm-16color'	-	''	'1'	False	True	True	False	standard	True
-	'xterm-16color'	-	'0'	-	True	False	False	False	None	False
-	'xterm-16color'	-	'0'	-	True	True	True	False	standard	False
-	'xterm-16color'	-	'0'	-	False	False	False	False	None	False
-	'xterm-16color'	-	'0'	-	False	True	True	False	standard	False
-	'xterm-16color'	-	'0'	''	True	False	False	False	None	False
-	'xterm-16color'	-	'0'	''	True	True	True	False	standard	False
-	'xterm-16color'	-	'0'	''	False	False	False	False	None	False
-	'xterm-16color'	-	'0'	''	False	True	True	False	standard	False
-	'xterm-16color'	-	'0'	'1'	True	False	False	False	None	True
-	'xterm-16color'	-	'0'	'1'	True	True	True	False	standard	True
-	'xterm-16color'	-	'0'	'1'	False	False	False	False	None	True
-	'xterm-16color'	-	'0'	'1'	False	True	True	False	standard	True
-	'xterm-16color'	-	'1'	-	True	False	True	False	standard	False
-	'xterm-16color'	-	'1'	-	True	True	True	False	standard	False
-	'xterm-16color'	-	'1'	-	False	False	True	False	standard	False
-	'xterm-16color'	-	'1'	-	False	True	True	False	standard	False
-	'xterm-16color'	-	'1'	''	True	False	True	False	standard	False
-	'xterm-16color'	-	'1'	''	True	True	True	False	standard	False
-	'xterm-16color'	-	'1'	''	False	False	True	False	standard	False
-	'xterm-16color'	-	'1'	''	False	True	True	False	standard	False
-	'xterm-16color'	-	'1'	'1'	True	False	True	False	standard	True
-	'xterm-16color'	-	'1'	'1'	True	True	True	False	standard	True
-	'xterm-16color'	-	'1'	'1'	False	False	True	False	standard	True
-	'xterm-16color'	-	'1'	'1'	False	True	True	False	standard	True
-	'xterm-16color'	''	-	-	True	False	False	False	None	False
-	'xterm-16color'	''	-	-	True	True	True	False	standard	False
-	'xterm-16color'	''	-	-	False	False	False	False	None	False
-	'xterm-16color'	''	-	-	False	True	True	False	standard	False
-	'xterm-16color'	''	-	''	True	False	False	False	None	False
-	'xterm-16color'	''	-	''	True	True	True	False	standard	False
-	'xterm-16color'	''	-	''	False	False	False	False	None	False
-	'xterm-16color'	''	-	''	False	True	True	False	standard	False
-	'xterm-16color'	''	-	'1'	True	False	False	False	None	True
-	'xterm-16color'	''	-	'1'	True	True	True	False	standard	True
-	'xterm-16color'	''	-	'1'	False	False	False	False	None	True
-	'xterm-16color'	''	-	'1'	False	True	True	False	standard	True
-	'xterm-16color'	''	''	-	True	False	False	False	None	False
-	'xterm-16color'	''	''	-	True	True	True	False	standard	False
-	'xterm-16color'	''	''	-	False	False	False	False	None	False
-	'xterm-16color'	''	''	-	False	True	True	False	standard	False
-	'xterm-16color'	''	''	''	True	False	False	False	None	False
-	'xterm-16color'	''	''	''	True	True	True	False	standard	False
-	'xterm-16color'	''	''	''	False	False	False	False	None	False
-	'xterm-16color'	''	''	''	False	True	True	False	standard	False
-	'xterm-16color'	''	''	'1'	True	False	False	False	None	True
-	'xterm-16color'	''	''	'1'	True	True	True	False	standard	True
-	'xterm-16color'	''	''	'1'	False	False	False	False	None	True
-	'xterm-16color'	''	''	'1'	False	True	True	False	standard	True
-	'xterm-16color'	''	'0'	-	True	False	False	False	None	False
-	'xterm-16color'	''	'0'	-	True	True	True	False	standard	False
-	'xterm-16color'	''	'0'	-	False	False	False	False	None	False
-	'xterm-16color'	''	'0'	-	False	True	True	False	standard	False
-	'xterm-16color'	''	'0'	''	True	False	False	False	None	False
-	'xterm-16color'	''	'0'	''	True	True	True	False	standard	False
-	'xterm-16color'	''	'0'	''	False	False	False	False	None	False
-	'xterm-16color'	''	'0'	''	False	True	True	False	standard	False
-	'xterm-16color'	''	'0'	'1'	True	False	False	False	None	True
-	'xterm-16color'	''	'0'	'1'	True	True	True	False	standard	True
-	'xterm-16color'	''	'0'	'1'	False	False	False	False	None	True
-	'xterm-16color'	''	'0'	'1'	False	True	True	False	standard	True
-	'xterm-16color'	''	'1'	-	True	False	True	False	standard	False
-	'xterm-16color'	''	'1'	-	True	True	True	False	standard	False
-	'xterm-16color'	''	'1'	-	False	False	True	False	standard	False
-	'xterm-16color'	''	'1'	-	False	True	True	False	standard	False
-	'xterm-16color'	''	'1'	''	True	False	True	False	standard	False
-	'xterm-16color'	''	'1'	''	True	True	True	False	standard	False
-	'xterm-16color'	''	'1'	''	False	False	True	False	standard	False
-	'xterm-16color'	''	'1'	''	False	True	True	False	standard	False
-	'xterm-16color'	''	'1'	'1'	True	False	True	False	standard	True
-	'xterm-16color'	''	'1'	'1'	True	True	True	False	standard	True
-	'xterm-16color'	''	'1'	'1'	False	False	True	False	standard	True
-	'xterm-16color'	''	'1'	'1'	False	True	True	False	standard	True
-	'xterm-16color'	'1'	-	-	True	False	True	False	standard	False
-	'xterm-16color'	'1'	-	-	True	True	True	False	standard	False
-	'xterm-16color'	'1'	-	-	False	False	True	False	standard	False
-	'xterm-16color'	'1'	-	-	False	True	True	False	standard	False
-	'xterm-16color'	'1'	-	''	True	False	True	False	standard	False
-	'xterm-16color'	'1'	-	''	True	True	True	False	standard	False
-	'xterm-16color'	'1'	-	''	False	False	True	False	standard	False
-	'xterm-16color'	'1'	-	''	False	True	True	False	standard	False
-	'xterm-16color'	'1'	-	'1'	True	False	True	False	standard	True
-	'xterm-16color'	'1'	-	'1'	True	True	True	False	standard	True
-	'xterm-16color'	'1'	-	'1'	False	False	True	False	standard	True
-	'xterm-16color'	'1'	-	'1'	False	True	True	False	standard	True
-	'xterm-16color'	'1'	''	-	True	False	True	False	standard	False
-	'xterm-16color'	'1'	''	-	True	True	True	False	standard	False
-	'xterm-16color'	'1'	''	-	False	False	True	False	standard	False
-	'xterm-16color'	'1'	''	-	False	True	True	False	standard	False
-	'xterm-16color'	'1'	''	''	True	False	True	False	standard	False
-	'xterm-16color'	'1'	''	''	True	True	True	False	standard	False
-	'xterm-16color'	'1'	''	''	False	False	True	False	standard	False
-	'xterm-16color'	'1'	''	''	False	True	True	False	standard	False
-	'xterm-16color'	'1'	''	'1'	True	False	True	False	standard	True
-	'xterm-16color'	'1'	''	'1'	True	True	True	False	standard	True
-	'xterm-16color'	'1'	''	'1'	False	False	True	False	standard	True
-	'xterm-16color'	'1'	''	'1'	False	True	True	False	standard	True
-	'xterm-16color'	'1'	'0'	-	True	False	False	False	None	False
-	'xterm-16color'	'1'	'0'	-	True	True	True	False	standard	False
-	'xterm-16color'	'1'	'0'	-	False	False	False	False	None	False
-	'xterm-16color'	'1'	'0'	-	False	True	True	False	standard	False
-	'xterm-16color'	'1'	'0'	''	True	False	False	False	None	False
-	'xterm-16color'	'1'	'0'	''	True	True	True	False	standard	False
-	'xterm-16color'	'1'	'0'	''	False	False	False	False	None	False
-	'xterm-16color'	'1'	'0'	''	False	True	True	False	standard	False
-	'xterm-16color'	'1'	'0'	'1'	True	False	False	False	None	True
-	'xterm-16color'	'1'	'0'	'1'	True	True	True	False	standard	True
-	'xterm-16color'	'1'	'0'	'1'	False	False	False	False	None	True
-	'xterm-16color'	'1'	'0'	'1'	False	True	True	False	standard	True
-	'xterm-16color'	'1'	'1'	-	True	False	True	False	standard	False
-	'xterm-16color'	'1'	'1'	-	True	True	True	False	standard	False
-	'xterm-16color'	'1'	'1'	-	False	False	True	False	standard	False
-	'xterm-16color'	'1'	'1'	-	False	True	True	False	standard	False
-	'xterm-16color'	'1'	'1'	''	True	False	True	False	standard	False
-	'xterm-16color'	'1'	'1'	''	True	True	True	False	standard	False
-	'xterm-16color'	'1'	'1'	''	False	False	True	False	standard	False
-	'xterm-16color'	'1'	'1'	''	False	True	True	False	standard	False
-	'xterm-16color'	'1'	'1'	'1'	True	False	True	False	standard	True
-	'xterm-16color'	'1'	'1'	'1'	True	True	True	False	standard	True
-	'xterm-16color'	'1'	'1'	'1'	False	False	True	False	standard	True
-	'xterm-16color'	'1'	'1'	'1'	False	True	True	False	standard	True
-	'xterm-16color'	'0'	-	-	True	False	True	False	standard	False
-	'xterm-16color'	'0'	-	-	True	True	True	False	standard	False
-	'xterm-16color'	'0'	-	-	False	False	True	False	standard	False
-	'xterm-16color'	'0'	-	-	False	True	True	False	standard	False
-	'xterm-16color'	'0'	-	''	True	False	True	False	standard	False
-	'xterm-16color'	'0'	-	''	True	True	True	False	standard	False
-	'xterm-16color'	'0'	-	''	False	False	True	False	standard	False
-	'xterm-16color'	'0'	-	''	False	True	True	False	standard	False
-	'xterm-16color'	'0'	-	'1'	True	False	True	False	standard	True
-	'xterm-16color'	'0'	-	'1'	True	True	True	False	standard	True
-	'xterm-16color'	'0'	-	'1'	False	False	True	False	standard	True
-	'xterm-16color'	'0'	-	'1'	False	True	True	False	standard	True
-	'xterm-16color'	'0'	''	-	True	False	True	False	standard	False
-	'xterm-16color'	'0'	''	-	True	True	True	False	standard	False
-	'xterm-16color'	'0'	''	-	False	False	True	False	standard	False
-	'xterm-16color'	'0'	''	-	False	True	True	False	standard	False
-	'xterm-16color'	'0'	''	''	True	False	True	False	standard	False
-	'xterm-16color'	'0'	''	''	True	True	True	False	standard	False
-	'xterm-16color'	'0'	''	''	False	False	True	False	standard	False
-	'xterm-16color'	'0'	''	''	False	True	True	False	standard	False
-	'xterm-16color'	'0'	''	'1'	True	False	True	False	standard	True
-	'xterm-16color'	'0'	''	'1'	True	True	True	False	standard	True
-	'xterm-16color'	'0'	''	'1'	False	False	True	False	standard	True
-	'xterm-16color'	'0'	''	'1'	False	True	True	False	standard	True
-	'xterm-16color'	'0'	'0'	-	True	False	False	False	None	False
-	'xterm-16color'	'0'	'0'	-	True	True	True	False	standard	False
-	'xterm-16color'	'0'	'0'	-	False	False	False	False	None	False
-	'xterm-16color'	'0'	'0'	-	False	True	True	False	standard	False
-	'xterm-16color'	'0'	'0'	''	True	False	False	False	None	False
-	'xterm-16color'	'0'	'0'	''	True	True	True	False	standard	False
-	'xterm-16color'	'0'	'0'	''	False	False	False	False	None	False
-	'xterm-16color'	'0'	'0'	''	False	True	True	False	standard	False
-	'xterm-16color'	'0'	'0'	'1'	True	False	False	False	None	True
-	'xterm-16color'	'0'	'0'	'1'	True	True	True	False	standard	True
-	'xterm-16color'	'0'	'0'	'1'	False	False	False	False	None	True
-	'xterm-16color'	'0'	'0'	'1'	False	True	True	False	standard	True
-	'xterm-16color'	'0'	'1'	-	True	False	True	False	standard	False
-	'xterm-16color'	'0'	'1'	-	True	True	True	False	standard	False
-	'xterm-16color'	'0'	'1'	-	False	False	True	False	standard	False
-	'xterm-16color'	'0'	'1'	-	False	True	True	False	standard	False
-	'xterm-16color'	'0'	'1'	''	True	False	True	False	standard	False
-	'xterm-16color'	'0'	'1'	''	True	True	True	False	standard	False
-	'xterm-16color'	'0'	'1'	''	False	False	True	False	standard	False
-	'xterm-16color'	'0'	'1'	''	False	True	True	False	standard	False
-	'xterm-16color'	'0'	'1'	'1'	True	False	True	False	standard	True
-	'xterm-16color'	'0'	'1'	'1'	True	True	True	False	standard	True
-	'xterm-16color'	'0'	'1'	'1'	False	False	True	False	standard	True
-	'xterm-16color'	'0'	'1'	'1'	False	True	True	False	standard	True
-	'kitty'	-	-	-	True	False	True	False	256	False
-	'kitty'	-	-	-	True	True	True	False	256	False
-	'kitty'	-	-	-	False	False	False	False	None	False
-	'kitty'	-	-	-	False	True	True	False	256	False
-	'kitty'	-	-	''	True	False	True	False	256	False
-	'kitty'	-	-	''	True	True	True	False	256	False
-	'kitty'	-	-	''	False	False	False	False	None	False
-	'kitty'	-	-	''	False	True	True	False	256	False
-	'kitty'	-	-	'1'	True	False	True	False	256	True
-	'kitty'	-	-	'1'	True	True	True	False	256	True
-	'kitty'	-	-	'1'	False	False	False	False	None	True
-	'kitty'	-	-	'1'	False	True	True	False	256	True
-	'kitty'	-	''	-	True	False	True	False	256	False
-	'kitty'	-	''	-	True	True	True	False	256	False
-	'kitty'	-	''	-	False	False	False	False	None	False
-	'kitty'	-	''	-	False	True	True	False	256	False
-	'kitty'	-	''	''	True	False	True	False	256	False
-	'kitty'	-	''	''	True	True	True	False	256	False
-	'kitty'	-	''	''	False	False	False	False	None	False
-	'kitty'	-	''	''	False	True	True	False	256	False
-	'kitty'	-	''	'1'	True	False	True	False	256	True
-	'kitty'	-	''	'1'	True	True	True	False	256	True
-	'kitty'	-	''	'1'	False	False	False	False	None	True
-	'kitty'	-	''	'1'	False	True	True	False	256	True
-	'kitty'	-	'0'	-	True	False	False	False	None	False
-	'kitty'	-	'0'	-	True	True	True	False	256	False
-	'kitty'	-	'0'	-	False	False	False	False	None	False
-	'kitty'	-	'0'	-	False	True	True	False	256	False
-	'kitty'	-	'0'	''	True	False	False	False	None	False
-	'kitty'	-	'0'	''	True	True	True	False	256	False
-	'kitty'	-	'0'	''	False	False	False	False	None	False
-	'kitty'	-	'0'	''	False	True	True	False	256	False
-	'kitty'	-	'0'	'1'	True	False	False	False	None	True
-	'kitty'	-	'0'	'1'	True	True	True	False	256	True
-	'kitty'	-	'0'	'1'	False	False	False	False	None	True
-	'kitty'	-	'0'	'1'	False	True	True	False	256	True
-	'kitty'	-	'1'	-	True	False	True	False	256	False
-	'kitty'	-	'1'	-	True	True	True	False	256	False
-	'kitty'	-	'1'	-	False	False	True	False	256	False
-	'kitty'	-	'1'	-	False	True	True	False	256	False
-	'kitty'	-	'1'	''	True	False	True	False	256	False
-	'kitty'	-	'1'	''	True	True	True	False	256	False
-	'kitty'	-	'1'	''	False	False	True	False	256	False
-	'kitty'	-	'1'	''	False	True	True	False	256	False
-	'kitty'	-	'1'	'1'	True	False	True	False	256	True
-	'kitty'	-	'1'	'1'	True	True	True	False	256	True
-	'kitty'	-	'1'	'1'	False	False	True	False	256	True
-	'kitty'	-	'1'	'1'	False	True	True	False	256	True
-	'kitty'	''	-	-	True	False	False	False	None	False
-	'kitty'	''	-	-	True	True	True	False	256	False
-	'kitty'	''	-	-	False	False	False	False	None	False
-	'kitty'	''	-	-	False	True	True	False	256	False
-	'kitty'	''	-	''	True	False	False	False	None	False
-	'kitty'	''	-	''	True	True	True	False	256	False
-	'kitty'	''	-	''	False	False	False	False	None	False
-	'kitty'	''	-	''	False	True	True	False	256	False
-	'kitty'	''	-	'1'	True	False	False	False	None	True
-	'kitty'	''	-	'1'	True	True	True	False	256	True
-	'kitty'	''	-	'1'	False	False	False	False	None	True
-	'kitty'	''	-	'1'	False	True	True	False	256	True
-	'kitty'	''	''	-	True	False	False	False	None	False
-	'kitty'	''	''	-	True	True	True	False	256	False
-	'kitty'	''	''	-	False	False	False	False	None	False
-	'kitty'	''	''	-	False	True	True	False	256	False
-	'kitty'	''	''	''	True	False	False	False	None	False
-	'kitty'	''	''	''	True	True	True	False	256	False
-	'kitty'	''	''	''	False	False	False	False	None	False
-	'kitty'	''	''	''	False	True	True	False	256	False
-	'kitty'	''	''	'1'	True	False	False	False	None	True
-	'kitty'	''	''	'1'	True	True	True	False	256	True
-	'kitty'	''	''	'1'	False	False	False	False	None	True
-	'kitty'	''	''	'1'	False	True	True	False	256	True
-	'kitty'	''	'0'	-	True	False	False	False	None	False
-	'kitty'	''	'0'	-	True	True	True	False	256	False
-	'kitty'	''	'0'	-	False	False	False	False	None	False
-	'kitty'	''	'0'	-	False	True	True	False	256	False
-	'kitty'	''	'0'	''	True	False	False	False	None	False
-	'kitty'	''	'0'	''	True	True	True	False	256	False
-	'kitty'	''	'0'	''	False	False	False	False	None	False
-	'kitty'	''	'0'	''	False	True	True	False	256	False
-	'kitty'	''	'0'	'1'	True	False	False	False	None	True
-	'kitty'	''	'0'	'1'	True	True	True	False	256	True
-	'kitty'	''	'0'	'1'	False	False	False	False	None	True
-	'kitty'	''	'0'	'1'	False	True	True	False	256	True
-	'kitty'	''	'1'	-	True	False	True	False	256	False
-	'kitty'	''	'1'	-	True	True	True	False	256	False
-	'kitty'	''	'1'	-	False	False	True	False	256	False
-	'kitty'	''	'1'	-	False	True	True	False	256	False
-	'kitty'	''	'1'	''	True	False	True	False	256	False
-	'kitty'	''	'1'	''	True	True	True	False	256	False
-	'kitty'	''	'1'	''	False	False	True	False	256	False
-	'kitty'	''	'1'	''	False	True	True	False	256	False
-	'kitty'	''	'1'	'1'	True	False	True	False	256	True
-	'kitty'	''	'1'	'1'	True	True	True	False	256	True
-	'kitty'	''	'1'	'1'	False	False	True	False	256	True
-	'kitty'	''	'1'	'1'	False	True	True	False	256	True
-	'kitty'	'1'	-	-	True	False	True	False	256	False
-	'kitty'	'1'	-	-	True	True	True	False	256	False
-	'kitty'	'1'	-	-	False	False	True	False	256	False
-	'kitty'	'1'	-	-	False	True	True	False	256	False
-	'kitty'	'1'	-	''	True	False	True	False	256	False
-	'kitty'	'1'	-	''	True	True	True	False	256	False
-	'kitty'	'1'	-	''	False	False	True	False	256	False
-	'kitty'	'1'	-	''	False	True	True	False	256	False
-	'kitty'	'1'	-	'1'	True	False	True	False	256	True
-	'kitty'	'1'	-	'1'	True	True	True	False	256	True
-	'kitty'	'1'	-	'1'	False	False	True	False	256	True
-	'kitty'	'1'	-	'1'	False	True	True	False	256	True
-	'kitty'	'1'	''	-	True	False	True	False	256	False
-	'kitty'	'1'	''	-	True	True	True	False	256	False
-	'kitty'	'1'	''	-	False	False	True	False	256	False
-	'kitty'	'1'	''	-	False	True	True	False	256	False
-	'kitty'	'1'	''	''	True	False	True	False	256	False
-	'kitty'	'1'	''	''	True	True	True	False	256	False
-	'kitty'	'1'	''	''	False	False	True	False	256	False
-	'kitty'	'1'	''	''	False	True	True	False	256	False
-	'kitty'	'1'	''	'1'	True	False	True	False	256	True
-	'kitty'	'1'	''	'1'	True	True	True	False	256	True
-	'kitty'	'1'	''	'1'	False	False	True	False	256	True
-	'kitty'	'1'	''	'1'	False	True	True	False	256	True
-	'kitty'	'1'	'0'	-	True	False	False	False	None	False
-	'kitty'	'1'	'0'	-	True	True	True	False	256	False
-	'kitty'	'1'	'0'	-	False	False	False	False	None	False
-	'kitty'	'1'	'0'	-	False	True	True	False	256	False
-	'kitty'	'1'	'0'	''	True	False	False	False	None	False
-	'kitty'	'1'	'0'	''	True	True	True	False	256	False
-	'kitty'	'1'	'0'	''	False	False	False	False	None	False
-	'kitty'	'1'	'0'	''	False	True	True	False	256	False
-	'kitty'	'1'	'0'	'1'	True	False	False	False	None	True
-	'kitty'	'1'	'0'	'1'	True	True	True	False	256	True
-	'kitty'	'1'	'0'	'1'	False	False	False	False	None	True
-	'kitty'	'1'	'0'	'1'	False	True	True	False	256	True
-	'kitty'	'1'	'1'	-	True	False	True	False	256	False
-	'kitty'	'1'	'1'	-	True	True	True	False	256	False
-	'kitty'	'1'	'1'	-	False	False	True	False	256	False
-	'kitty'	'1'	'1'	-	False	True	True	False	256	False
-	'kitty'	'1'	'1'	''	True	False	True	False	256	False
-	'kitty'	'1'	'1'	''	True	True	True	False	256	False
-	'kitty'	'1'	'1'	''	False	False	True	False	256	False
-	'kitty'	'1'	'1'	''	False	True	True	False	256	False
-	'kitty'	'1'	'1'	'1'	True	False	True	False	256	True
-	'kitty'	'1'	'1'	'1'	True	True	True	False	256	True
-	'kitty'	'1'	'1'	'1'	False	False	True	False	256	True
-	'kitty'	'1'	'1'	'1'	False	True	True	False	256	True
-	'kitty'	'0'	-	-	True	False	True	False	256	False
-	'kitty'	'0'	-	-	True	True	True	False	256	False
-	'kitty'	'0'	-	-	False	False	True	False	256	False
-	'kitty'	'0'	-	-	False	True	True	False	256	False
-	'kitty'	'0'	-	''	True	False	True	False	256	False
-	'kitty'	'0'	-	''	True	True	True	False	256	False
-	'kitty'	'0'	-	''	False	False	True	False	256	False
-	'kitty'	'0'	-	''	False	True	True	False	256	False
-	'kitty'	'0'	-	'1'	True	False	True	False	256	True
-	'kitty'	'0'	-	'1'	True	True	True	False	256	True
-	'kitty'	'0'	-	'1'	False	False	True	False	256	True
-	'kitty'	'0'	-	'1'	False	True	True	False	256	True
-	'kitty'	'0'	''	-	True	False	True	False	256	False
-	'kitty'	'0'	''	-	True	True	True	False	256	False
-	'kitty'	'0'	''	-	False	False	True	False	256	False
-	'kitty'	'0'	''	-	False	True	True	False	256	False
-	'kitty'	'0'	''	''	True	False	True	False	256	False
-	'kitty'	'0'	''	''	True	True	True	False	256	False
-	'kitty'	'0'	''	''	False	False	True	False	256	False
-	'kitty'	'0'	''	''	False	True	True	False	256	False
-	'kitty'	'0'	''	'1'	True	False	True	False	256	True
-	'kitty'	'0'	''	'1'	True	True	True	False	256	True
-	'kitty'	'0'	''	'1'	False	False	True	False	256	True
-	'kitty'	'0'	''	'1'	False	True	True	False	256	True
-	'kitty'	'0'	'0'	-	True	False	False	False	None	False
-	'kitty'	'0'	'0'	-	True	True	True	False	256	False
-	'kitty'	'0'	'0'	-	False	False	False	False	None	False
-	'kitty'	'0'	'0'	-	False	True	True	False	256	False
-	'kitty'	'0'	'0'	''	True	False	False	False	None	False
-	'kitty'	'0'	'0'	''	True	True	True	False	256	False
-	'kitty'	'0'	'0'	''	False	False	False	False	None	False
-	'kitty'	'0'	'0'	''	False	True	True	False	256	False
-	'kitty'	'0'	'0'	'1'	True	False	False	False	None	True
-	'kitty'	'0'	'0'	'1'	True	True	True	False	256	True
-	'kitty'	'0'	'0'	'1'	False	False	False	False	None	True
-	'kitty'	'0'	'0'	'1'	False	True	True	False	256	True
-	'kitty'	'0'	'1'	-	True	False	True	False	256	False
-	'kitty'	'0'	'1'	-	True	True	True	False	256	False
-	'kitty'	'0'	'1'	-	False	False	True	False	256	False
-	'kitty'	'0'	'1'	-	False	True	True	False	256	False
-	'kitty'	'0'	'1'	''	True	False	True	False	256	False
-	'kitty'	'0'	'1'	''	True	True	True	False	256	False
-	'kitty'	'0'	'1'	''	False	False	True	False	256	False
-	'kitty'	'0'	'1'	''	False	True	True	False	256	False
-	'kitty'	'0'	'1'	'1'	True	False	True	False	256	True
-	'kitty'	'0'	'1'	'1'	True	True	True	False	256	True
-	'kitty'	'0'	'1'	'1'	False	False	True	False	256	True
-	'kitty'	'0'	'1'	'1'	False	True	True	False	256	True
-	'screen-256color'	-	-	-	True	False	True	False	256	False
-	'screen-256color'	-	-	-	True	True	True	False	256	False
-	'screen-256color'	-	-	-	False	False	False	False	None	False
-	'screen-256color'	-	-	-	False	True	True	False	256	False
-	'screen-256color'	-	-	''	True	False	True	False	256	False
-	'screen-256color'	-	-	''	True	True	True	False	256	False
-	'screen-256color'	-	-	''	False	False	False	False	None	False
-	'screen-256color'	-	-	''	False	True	True	False	256	False
-	'screen-256color'	-	-	'1'	True	False	True	False	256	True
-	'screen-256color'	-	-	'1'	True	True	True	False	256	True
-	'screen-256color'	-	-	'1'	False	False	False	False	None	True
-	'screen-256color'	-	-	'1'	False	True	True	False	256	True
-	'screen-256color'	-	''	-	True	False	True	False	256	False
-	'screen-256color'	-	''	-	True	True	True	False	256	False
-	'screen-256color'	-	''	-	False	False	False	False	None	False
-	'screen-256color'	-	''	-	False	True	True	False	256	False
-	'screen-256color'	-	''	''	True	False	True	False	256	False
-	'screen-256color'	-	''	''	True	True	True	False	256	False
-	'screen-256color'	-	''	''	False	False	False	False	None	False
-	'screen-256color'	-	''	''	False	True	True	False	256	False
-	'screen-256color'	-	''	'1'	True	False	True	False	256	True
-	'screen-256color'	-	''	'1'	True	True	True	False	256	True
-	'screen-256color'	-	''	'1'	False	False	False	False	None	True
-	'screen-256color'	-	''	'1'	False	True	True	False	256	True
-	'screen-256color'	-	'0'	-	True	False	False	False	None	False
-	'screen-256color'	-	'0'	-	True	True	True	False	256	False
-	'screen-256color'	-	'0'	-	False	False	False	False	None	False
-	'screen-256color'	-	'0'	-	False	True	True	False	256	False
-	'screen-256color'	-	'0'	''	True	False	False	False	None	False
-	'screen-256color'	-	'0'	''	True	True	True	False	256	False
-	'screen-256color'	-	'0'	''	False	False	False	False	None	False
-	'screen-256color'	-	'0'	''	False	True	True	False	256	False
-	'screen-256color'	-	'0'	'1'	True	False	False	False	None	True
-	'screen-256color'	-	'0'	'1'	True	True	True	False	256	True
-	'screen-256color'	-	'0'	'1'	False	False	False	False	None	True
-	'screen-256color'	-	'0'	'1'	False	True	True	False	256	True
-	'screen-256color'	-	'1'	-	True	False	True	False	256	False
-	'screen-256color'	-	'1'	-	True	True	True	False	256	False
-	'screen-256color'	-	'1'	-	False	False	True	False	256	False
-	'screen-256color'	-	'1'	-	False	True	True	False	256	False
-	'screen-256color'	-	'1'	''	True	False	True	False	256	False
-	'screen-256color'	-	'1'	''	True	True	True	False	256	False
-	'screen-256color'	-	'1'	''	False	False	True	False	256	False
-	'screen-256color'	-	'1'	''	False	True	True	False	256	False
-	'screen-256color'	-	'1'	'1'	True	False	True	False	256	True
-	'screen-256color'	-	'1'	'1'	True	True	True	False	256	True
-	'screen-256color'	-	'1'	'1'	False	False	True	False	256	True
-	'screen-256color'	-	'1'	'1'	False	True	True	False	256	True
-	'screen-256color'	''	-	-	True	False	False	False	None	False
-	'screen-256color'	''	-	-	True	True	True	False	256	False
-	'screen-256color'	''	-	-	False	False	False	False	None	False
-	'screen-256color'	''	-	-	False	True	True	False	256	False
-	'screen-256color'	''	-	''	True	False	False	False	None	False
-	'screen-256color'	''	-	''	True	True	True	False	256	False
-	'screen-256color'	''	-	''	False	False	False	False	None	False
-	'screen-256color'	''	-	''	False	True	True	False	256	False
-	'screen-256color'	''	-	'1'	True	False	False	False	None	True
-	'screen-256color'	''	-	'1'	True	True	True	False	256	True
-	'screen-256color'	''	-	'1'	False	False	False	False	None	True
-	'screen-256color'	''	-	'1'	False	True	True	False	256	True
-	'screen-256color'	''	''	-	True	False	False	False	None	False
-	'screen-256color'	''	''	-	True	True	True	False	256	False
-	'screen-256color'	''	''	-	False	False	False	False	None	False
-	'screen-256color'	''	''	-	False	True	True	False	256	False
-	'screen-256color'	''	''	''	True	False	False	False	None	False
-	'screen-256color'	''	''	''	True	True	True	False	256	False
-	'screen-256color'	''	''	''	False	False	False	False	None	False
-	'screen-256color'	''	''	''	False	True	True	False	256	False
-	'screen-256color'	''	''	'1'	True	False	False	False	None	True
-	'screen-256color'	''	''	'1'	True	True	True	False	256	True
-	'screen-256color'	''	''	'1'	False	False	False	False	None	True
-	'screen-256color'	''	''	'1'	False	True	True	False	256	True
-	'screen-256color'	''	'0'	-	True	False	False	False	None	False
-	'screen-256color'	''	'0'	-	True	True	True	False	256	False
-	'screen-256color'	''	'0'	-	False	False	False	False	None	False
-	'screen-256color'	''	'0'	-	False	True	True	False	256	False
-	'screen-256color'	''	'0'	''	True	False	False	False	None	False
-	'screen-256color'	''	'0'	''	True	True	True	False	256	False
-	'screen-256color'	''	'0'	''	False	False	False	False	None	False
-	'screen-256color'	''	'0'	''	False	True	True	False	256	False
-	'screen-256color'	''	'0'	'1'	True	False	False	False	None	True
-	'screen-256color'	''	'0'	'1'	True	True	True	False	256	True
-	'screen-256color'	''	'0'	'1'	False	False	False	False	None	True
-	'screen-256color'	''	'0'	'1'	False	True	True	False	256	True
-	'screen-256color'	''	'1'	-	True	False	True	False	256	False
-	'screen-256color'	''	'1'	-	True	True	True	False	256	False
-	'screen-256color'	''	'1'	-	False	False	True	False	256	False
-	'screen-256color'	''	'1'	-	False	True	True	False	256	False
-	'screen-256color'	''	'1'	''	True	False	True	False	256	False
-	'screen-256color'	''	'1'	''	True	True	True	False	256	False
-	'screen-256color'	''	'1'	''	False	False	True	False	256	False
-	'screen-256color'	''	'1'	''	False	True	True	False	256	False
-	'screen-256color'	''	'1'	'1'	True	False	True	False	256	True
-	'screen-256color'	''	'1'	'1'	True	True	True	False	256	True
-	'screen-256color'	''	'1'	'1'	False	False	True	False	256	True
-	'screen-256color'	''	'1'	'1'	False	True	True	False	256	True
-	'screen-256color'	'1'	-	-	True	False	True	False	256	False
-	'screen-256color'	'1'	-	-	True	True	True	False	256	False
-	'screen-256color'	'1'	-	-	False	False	True	False	256	False
-	'screen-256color'	'1'	-	-	False	True	True	False	256	False
-	'screen-256color'	'1'	-	''	True	False	True	False	256	False
-	'screen-256color'	'1'	-	''	True	True	True	False	256	False
-	'screen-256color'	'1'	-	''	False	False	True	False	256	False
-	'screen-256color'	'1'	-	''	False	True	True	False	256	False
-	'screen-256color'	'1'	-	'1'	True	False	True	False	256	True
-	'screen-256color'	'1'	-	'1'	True	True	True	False	256	True
-	'screen-256color'	'1'	-	'1'	False	False	True	False	256	True
-	'screen-256color'	'1'	-	'1'	False	True	True	False	256	True
-	'screen-256color'	'1'	''	-	True	False	True	False	256	False
-	'screen-256color'	'1'	''	-	True	True	True	False	256	False
-	'screen-256color'	'1'	''	-	False	False	True	False	256	False
-	'screen-256color'	'1'	''	-	False	True	True	False	256	False
-	'screen-256color'	'1'	''	''	True	False	True	False	256	False
-	'screen-256color'	'1'	''	''	True	True	True	False	256	False
-	'screen-256color'	'1'	''	''	False	False	True	False	256	False
-	'screen-256color'	'1'	''	''	False	True	True	False	256	False
-	'screen-256color'	'1'	''	'1'	True	False	True	False	256	True
-	'screen-256color'	'1'	''	'1'	True	True	True	False	256	True
-	'screen-256color'	'1'	''	'1'	False	False	True	False	256	True
-	'screen-256color'	'1'	''	'1'	False	True	True	False	256	True
-	'screen-256color'	'1'	'0'	-	True	False	False	False	None	False
-	'screen-256color'	'1'	'0'	-	True	True	True	False	256	False
-	'screen-256color'	'1'	'0'	-	False	False	False	False	None	False
-	'screen-256color'	'1'	'0'	-	False	True	True	False	256	False
-	'screen-256color'	'1'	'0'	''	True	False	False	False	None	False
-	'screen-256color'	'1'	'0'	''	True	True	True	False	256	False
-	'screen-256color'	'1'	'0'	''	False	False	False	False	None	False
-	'screen-256color'	'1'	'0'	''	False	True	True	False	256	False
-	'screen-256color'	'1'	'0'	'1'	True	False	False	False	None	True
-	'screen-256color'	'1'	'0'	'1'	True	True	True	False	256	True
-	'screen-256color'	'1'	'0'	'1'	False	False	False	False	None	True
-	'screen-256color'	'1'	'0'	'1'	False	True	True	False	256	True
-	'screen-256color'	'1'	'1'	-	True	False	True	False	256	False
-	'screen-256color'	'1'	'1'	-	True	True	True	False	256	False
-	'screen-256color'	'1'	'1'	-	False	False	True	False	256	False
-	'screen-256color'	'1'	'1'	-	False	True	True	False	256	False
-	'screen-256color'	'1'	'1'	''	True	False	True	False	256	False
-	'screen-256color'	'1'	'1'	''	True	True	True	False	256	False
-	'screen-256color'	'1'	'1'	''	False	False	True	False	256	False
-	'screen-256color'	'1'	'1'	''	False	True	True	False	256	False
-	'screen-256color'	'1'	'1'	'1'	True	False	True	False	256	True
-	'screen-256color'	'1'	'1'	'1'	True	True	True	False	256	True
-	'screen-256color'	'1'	'1'	'1'	False	False	True	False	256	True
-	'screen-256color'	'1'	'1'	'1'	False	True	True	False	256	True
-	'screen-256color'	'0'	-	-	True	False	True	False	256	False
-	'screen-256color'	'0'	-	-	True	True	True	False	256	False
-	'screen-256color'	'0'	-	-	False	False	True	False	256	False
-	'screen-256color'	'0'	-	-	False	True	True	False	256	False
-	'screen-256color'	'0'	-	''	True	False	True	False	256	False
-	'screen-256color'	'0'	-	''	True	True	True	False	256	False
-	'screen-256color'	'0'	-	''	False	False	True	False	256	False
-	'screen-256color'	'0'	-	''	False	True	True	False	256	False
-	'screen-256color'	'0'	-	'1'	True	False	True	False	256	True
-	'screen-256color'	'0'	-	'1'	True	True	True	False	256	True
-	'screen-256color'	'0'	-	'1'	False	False	True	False	256	True
-	'screen-256color'	'0'	-	'1'	False	True	True	False	256	True
-	'screen-256color'	'0'	''	-	True	False	True	False	256	False
-	'screen-256color'	'0'	''	-	True	True	True	False	256	False
-	'screen-256color'	'0'	''	-	False	False	True	False	256	False
-	'screen-256color'	'0'	''	-	False	True	True	False	256	False
-	'screen-256color'	'0'	''	''	True	False	True	False	256	False
-	'screen-256color'	'0'	''	''	True	True	True	False	256	False
-	'screen-256color'	'0'	''	''	False	False	True	False	256	False
-	'screen-256color'	'0'	''	''	False	True	True	False	256	False
-	'screen-256color'	'0'	''	'1'	True	False	True	False	256	True
-	'screen-256color'	'0'	''	'1'	True	True	True	False	256	True
-	'screen-256color'	'0'	''	'1'	False	False	True	False	256	True
-	'screen-256color'	'0'	''	'1'	False	True	True	False	256	True
-	'screen-256color'	'0'	'0'	-	True	False	False	False	None	False
-	'screen-256color'	'0'	'0'	-	True	True	True	False	256	False
-	'screen-256color'	'0'	'0'	-	False	False	False	False	None	False
-	'screen-256color'	'0'	'0'	-	False	True	True	False	256	False
-	'screen-256color'	'0'	'0'	''	True	False	False	False	None	False
-	'screen-256color'	'0'	'0'	''	True	True	True	False	256	False
-	'screen-256color'	'0'	'0'	''	False	False	False	False	None	False
-	'screen-256color'	'0'	'0'	''	False	True	True	False	256	False
-	'screen-256color'	'0'	'0'	'1'	True	False	False	False	None	True
-	'screen-256color'	'0'	'0'	'1'	True	True	True	False	256	True
-	'screen-256color'	'0'	'0'	'1'	False	False	False	False	None	True
-	'screen-256color'	'0'	'0'	'1'	False	True	True	False	256	True
-	'screen-256color'	'0'	'1'	-	True	False	True	False	256	False
-	'screen-256color'	'0'	'1'	-	True	True	True	False	256	False
-	'screen-256color'	'0'	'1'	-	False	False	True	False	256	False
-	'screen-256color'	'0'	'1'	-	False	True	True	False	256	False
-	'screen-256color'	'0'	'1'	''	True	False	True	False	256	False
-	'screen-256color'	'0'	'1'	''	True	True	True	False	256	False
-	'screen-256color'	'0'	'1'	''	False	False	True	False	256	False
-	'screen-256color'	'0'	'1'	''	False	True	True	False	256	False
-	'screen-256color'	'0'	'1'	'1'	True	False	True	False	256	True
-	'screen-256color'	'0'	'1'	'1'	True	True	True	False	256	True
-	'screen-256color'	'0'	'1'	'1'	False	False	True	False	256	True
-	'screen-256color'	'0'	'1'	'1'	False	True	True	False	256	True
''	-	-	-	-	True	False	True	False	standard	False
''	-	-	-	-	True	True	True	False	standard	False
''	-	-	-	-	False	False	False	False	None	False
''	-	-	-	-	False	True	True	False	standard	False
''	-	-	-	''	True	False	True	False	standard	False
''	-	-	-	''	True	True	True	False	standard	False
''	-	-	-	''	False	False	False	False	None	False
''	-	-	-	''	False	True	True	False	standard	False
''	-	-	-	'1'	True	False	True	False	standard	True
''	-	-	-	'1'	True	True	True	False	standard	True
''	-	-	-	'1'	False	False	False	False	None	True
''	-	-	-	'1'	False	True	True	False	standard	True
''	-	-	''	-	True	False	True	False	standard	False
''	-	-	''	-	True	True	True	False	standard	False
''	-	-	''	-	False	False	False	False	None	False
''	-	-	''	-	False	True	True	False	standard	False
''	-	-	''	''	True	False	True	False	standard	False
''	-	-	''	''	True	True	True	False	standard	False
''	-	-	''	''	False	False	False	False	None	False
''	-	-	''	''	False	True	True	False	standard	False
''	-	-	''	'1'	True	False	True	False	standard	True
''	-	-	''	'1'	True	True	True	False	standard	True
''	-	-	''	'1'	False	False	False	False	None	True
''	-	-	''	'1'	False	True	True	False	standard	True
''	-	-	'0'	-	True	False	False	False	None	False
''	-	-	'0'	-	True	True	True	False	standard	False
''	-	-	'0'	-	False	False	False	False	None	False
''	-	-	'0'	-	False	True	True	False	standard	False
''	-	-	'0'	''	True	False	False	False	None	False
''	-	-	'0'	''	True	True	True	False	standard	False
''	-	-	'0'	''	False	False	False	False	None	False
''	-	-	'0'	''	False	True	True	False	standard	False
''	-	-	'0'	'1'	True	False	False	False	None	True
''	-	-	'0'	'1'	True	True	True	False	standard	True
''	-	-	'0'	'1'	False	False	False	False	None	True
''	-	-	'0'	'1'	False	True	True	False	standard	True
''	-	-	'1'	-	True	False	True	False	standard	False
''	-	-	'1'	-	True	True	True	False	standard	False
''	-	-	'1'	-	False	False	True	False	standard	False
''	-	-	'1'	-	False	True	True	False	standard	False
''	-	-	'1'	''	True	False	True	False	standard	False
''	-	-	'1'	''	True	True	True	False	standard	False
''	-	-	'1'	''	False	False	True	False	standard	False
''	-	-	'1'	''	False	True	True	False	standard	False
''	-	-	'1'	'1'	True	False	True	False	standard	True
''	-	-	'1'	'1'	True	True	True	False	standard	True
''	-	-	'1'	'1'	False	False	True	False	standard	True
''	-	-	'1'	'1'	False	True	True	False	standard	True
''	-	''	-	-	True	False	False	False	None	False
''	-	''	-	-	True	True	True	False	standard	False
''	-	''	-	-	False	False	False	False	None	False
''	-	''	-	-	False	True	True	False	standard	False
''	-	''	-	''	True	False	False	False	None	False
''	-	''	-	''	True	True	True	False	standard	False
''	-	''	-	''	False	False	False	False	None	False
''	-	''	-	''	False	True	True	False	standard	False
''	-	''	-	'1'	True	False	False	False	None	True
''	-	''	-	'1'	True	True	True	False	standard	True
''	-	''	-	'1'	False	False	False	False	None	True
''	-	''	-	'1'	False	True	True	False	standard	True
''	-	''	''	-	True	False	False	False	None	False
''	-	''	''	-	True	True	True	False	standard	False
''	-	''	''	-	False	False	False	False	None	False
''	-	''	''	-	False	True	True	False	standard	False
''	-	''	''	''	True	False	False	False	None	False
''	-	''	''	''	True	True	True	False	standard	False
''	-	''	''	''	False	False	False	False	None	False
''	-	''	''	''	False	True	True	False	standard	False
''	-	''	''	'1'	True	False	False	False	None	True
''	-	''	''	'1'	True	True	True	False	standard	True
''	-	''	''	'1'	False	False	False	False	None	True
''	-	''	''	'1'	False	True	True	False	standard	True
''	-	''	'0'	-	True	False	False	False	None	False
''	-	''	'0'	-	True	True	True	False	standard	False
''	-	''	'0'	-	False	False	False	False	None	False
''	-	''	'0'	-	False	True	True	False	standard	False
''	-	''	'0'	''	True	False	False	False	None	False
''	-	''	'0'	''	True	True	True	False	standard	False
''	-	''	'0'	''	False	False	False	False	None	False
''	-	''	'0'	''	False	True	True	False	standard	False
''	-	''	'0'	'1'	True	False	False	False	None	True
''	-	''	'0'	'1'	True	True	True	False	standard	True
''	-	''	'0'	'1'	False	False	False	False	None	True
''	-	''	'0'	'1'	False	True	True	False	standard	True
''	-	''	'1'	-	True	False	True	False	standard	False
''	-	''	'1'	-	True	True	True	False	standard	False
''	-	''	'1'	-	False	False	True	False	standard	False
''	-	''	'1'	-	False	True	True	False	standard	False
''	-	''	'1'	''	True	False	True	False	standard	False
''	-	''	'1'	''	True	True	True	False	standard	False
''	-	''	'1'	''	False	False	True	False	standard	False
''	-	''	'1'	''	False	True	True	False	standard	False
''	-	''	'1'	'1'	True	False	True	False	standard	True
''	-	''	'1'	'1'	True	True	True	False	standard	True
''	-	''	'1'	'1'	False	False	True	False	standard	True
''	-	''	'1'	'1'	False	True	True	False	standard	True
''	-	'1'	-	-	True	False	True	False	standard	False
''	-	'1'	-	-	True	True	True	False	standard	False
''	-	'1'	-	-	False	False	True	False	standard	False
''	-	'1'	-	-	False	True	True	False	standard	False
''	-	'1'	-	''	True	False	True	False	standard	False
''	-	'1'	-	''	True	True	True	False	standard	False
''	-	'1'	-	''	False	False	True	False	standard	False
''	-	'1'	-	''	False	True	True	False	standard	False
''	-	'1'	-	'1'	True	False	True	False	standard	True
''	-	'1'	-	'1'	True	True	True	False	standard	True
''	-	'1'	-	'1'	False	False	True	False	standard	True
''	-	'1'	-	'1'	False	True	True	False	standard	True
''	-	'1'	''	-	True	False	True	False	standard	False
''	-	'1'	''	-	True	True	True	False	standard	False
''	-	'1'	''	-	False	False	True	False	standard	False
''	-	'1'	''	-	False	True	True	False	standard	False
''	-	'1'	''	''	True	False	True	False	standard	False
''	-	'1'	''	''	True	True	True	False	standard	False
''	-	'1'	''	''	False	False	True	False	standard	False
''	-	'1'	''	''	False	True	True	False	standard	False
''	-	'1'	''	'1'	True	False	True	False	standard	True
''	-	'1'	''	'1'	True	True	True	False	standard	True
''	-	'1'	''	'1'	False	False	True	False	standard	True
''	-	'1'	''	'1'	False	True	True	False	standard	True
''	-	'1'	'0'	-	True	False	False	False	None	False
''	-	'1'	'0'	-	True	True	True	False	standard	False
''	-	'1'	'0'	-	False	False	False	False	None	False
''	-	'1'	'0'	-	False	True	True	False	standard	False
''	-	'1'	'0'	''	True	False	False	False	None	False
''	-	'1'	'0'	''	True	True	True	False	standard	False
''	-	'1'	'0'	''	False	False	False	False	None	False
''	-	'1'	'0'	''	False	True	True	False	standard	False
''	-	'1'	'0'	'1'	True	False	False	False	None	True
''	-	'1'	'0'	'1'	True	True	True	False	standard	True
''	-	'1'	'0'	'1'	False	False	False	False	None	True
''	-	'1'	'0'	'1'	False	True	True	False	standard	True
''	-	'1'	'1'	-	True	False	True	False	standard	False
''	-	'1'	'1'	-	True	True	True	False	standard	False
''	-	'1'	'1'	-	False	False	True	False	standard	False
''	-	'1'	'1'	-	False	True	True	False	standard	False
''	-	'1'	'1'	''	True	False	True	False	standard	False
''	-	'1'	'1'	''	True	True	True	False	standard	False
''	-	'1'	'1'	''	False	False	True	False	standard	False
''	-	'1'	'1'	''	False	True	True	False	standard	False
''	-	'1'	'1'	'1'	True	False	True	False	standard	True
''	-	'1'	'1'	'1'	True	True	True	False	standard	True
''	-	'1'	'1'	'1'	False	False	True	False	standard	True
''	-	'1'	'1'	'1'	False	True	True	False	standard	True
''	-	'0'	-	-	True	False	True	False	standard	False
''	-	'0'	-	-	True	True	True	False	standard	False
''	-	'0'	-	-	False	False	True	False	standard	False
''	-	'0'	-	-	False	True	True	False	standard	False
''	-	'0'	-	''	True	False	True	False	standard	False
''	-	'0'	-	''	True	True	True	False	standard	False
''	-	'0'	-	''	False	False	True	False	standard	False
''	-	'0'	-	''	False	True	True	False	standard	False
''	-	'0'	-	'1'	True	False	True	False	standard	True
''	-	'0'	-	'1'	True	True	True	False	standard	True
''	-	'0'	-	'1'	False	False	True	False	standard	True
''	-	'0'	-	'1'	False	True	True	False	standard	True
''	-	'0'	''	-	True	False	True	False	standard	False
''	-	'0'	''	-	True	True	True	False	standard	False
''	-	'0'	''	-	False	False	True	False	standard	False
''	-	'0'	''	-	False	True	True	False	standard	False
''	-	'0'	''	''	True	False	True	False	standard	False
''	-	'0'	''	''	True	True	True	False	standard	False
''	-	'0'	''	''	False	False	True	False	standard	False
''	-	'0'	''	''	False	True	True	False	standard	False
''	-	'0'	''	'1'	True	False	True	False	standard	True
''	-	'0'	''	'1'	True	True	True	False	standard	True
''	-	'0'	''	'1'	False	False	True	False	standard	True
''	-	'0'	''	'1'	False	True	True	False	standard	True
''	-	'0'	'0'	-	True	False	False	False	None	False
''	-	'0'	'0'	-	True	True	True	False	standard	False
''	-	'0'	'0'	-	False	False	False	False	None	False
''	-	'0'	'0'	-	False	True	True	False	standard	False
''	-	'0'	'0'	''	True	False	False	False	None	False
''	-	'0'	'0'	''	True	True	True	False	standard	False
''	-	'0'	'0'	''	False	False	False	False	None	False
''	-	'0'	'0'	''	False	True	True	False	standard	False
''	-	'0'	'0'	'1'	True	False	False	False	None	True
''	-	'0'	'0'	'1'	True	True	True	False	standard	True
''	-	'0'	'0'	'1'	False	False	False	False	None	True
''	-	'0'	'0'	'1'	False	True	True	False	standard	True
''	-	'0'	'1'	-	True	False	True	False	standard	False
''	-	'0'	'1'	-	True	True	True	False	standard	False
''	-	'0'	'1'	-	False	False	True	False	standard	False
''	-	'0'	'1'	-	False	True	True	False	standard	False
''	-	'0'	'1'	''	True	False	True	False	standard	False
''	-	'0'	'1'	''	True	True	True	False	standard	False
''	-	'0'	'1'	''	False	False	True	False	standard	False
''	-	'0'	'1'	''	False	True	True	False	standard	False
''	-	'0'	'1'	'1'	True	False	True	False	standard	True
''	-	'0'	'1'	'1'	True	True	True	False	standard	True
''	-	'0'	'1'	'1'	False	False	True	False	standard	True
''	-	'0'	'1'	'1'	False	True	True	False	standard	True
''	''	-	-	-	True	False	True	False	standard	False
''	''	-	-	-	True	True	True	False	standard	False
''	''	-	-	-	False	False	False	False	None	False
''	''	-	-	-	False	True	True	False	standard	False
''	''	-	-	''	True	False	True	False	standard	False
''	''	-	-	''	True	True	True	False	standard	False
''	''	-	-	''	False	False	False	False	None	False
''	''	-	-	''	False	True	True	False	standard	False
''	''	-	-	'1'	True	False	True	False	standard	True
''	''	-	-	'1'	True	True	True	False	standard	True
''	''	-	-	'1'	False	False	False	False	None	True
''	''	-	-	'1'	False	True	True	False	standard	True
''	''	-	''	-	True	False	True	False	standard	False
''	''	-	''	-	True	True	True	False	standard	False
''	''	-	''	-	False	False	False	False	None	False
''	''	-	''	-	False	True	True	False	standard	False
''	''	-	''	''	True	False	True	False	standard	False
''	''	-	''	''	True	True	True	False	standard	False
''	''	-	''	''	False	False	False	False	None	False
''	''	-	''	''	False	True	True	False	standard	False
''	''	-	''	'1'	True	False	True	False	standard	True
''	''	-	''	'1'	True	True	True	False	standard	True
''	''	-	''	'1'	False	False	False	False	None	True
''	''	-	''	'1'	False	True	True	False	standard	True
''	''	-	'0'	-	True	False	False	False	None	False
''	''	-	'0'	-	True	True	True	False	standard	False
''	''	-	'0'	-	False	False	False	False	None	False
''	''	-	'0'	-	False	True	True	False	standard	False
''	''	-	'0'	''	True	False	False	False	None	False
''	''	-	'0'	''	True	True	True	False	standard	False
''	''	-	'0'	''	False	False	False	False	None	False
''	''	-	'0'	''	False	True	True	False	standard	False
''	''	-	'0'	'1'	True	False	False	False	None	True
''	''	-	'0'	'1'	True	True	True	False	standard	True
''	''	-	'0'	'1'	False	False	False	False	None	True
''	''	-	'0'	'1'	False	True	True	False	standard	True
''	''	-	'1'	-	True	False	True	False	standard	False
''	''	-	'1'	-	True	True	True	False	standard	False
''	''	-	'1'	-	False	False	True	False	standard	False
''	''	-	'1'	-	False	True	True	False	standard	False
''	''	-	'1'	''	True	False	True	False	standard	False
''	''	-	'1'	''	True	True	True	False	standard	False
''	''	-	'1'	''	False	False	True	False	standard	False
''	''	-	'1'	''	False	True	True	False	standard	False
''	''	-	'1'	'1'	True	False	True	False	standard	True
''	''	-	'1'	'1'	True	True	True	False	standard	True
''	''	-	'1'	'1'	False	False	True	False	standard	True
''	''	-	'1'	'1'	False	True	True	False	standard	True
''	''	''	-	-	True	False	False	False	None	False
''	''	''	-	-	True	True	True	False	standard	False
''	''	''	-	-	False	False	False	False	None	False
''	''	''	-	-	False	True	True	False	standard	False
''	''	''	-	''	True	False	False	False	None	False
''	''	''	-	''	True	True	True	False	standard	False
''	''	''	-	''	False	False	False	False	None	False
''	''	''	-	''	False	True	True	False	standard	False
''	''	''	-	'1'	True	False	False	False	None	True
''	''	''	-	'1'	True	True	True	False	standard	True
''	''	''	-	'1'	False	False	False	False	None	True
''	''	''	-	'1'	False	True	True	False	standard	True
''	''	''	''	-	True	False	False	False	None	False
''	''	''	''	-	True	True	True	False	standard	False
''	''	''	''	-	False	False	False	False	None	False
''	''	''	''	-	False	True	True	False	standard	False
''	''	''	''	''	True	False	False	False	None	False
''	''	''	''	''	True	True	True	False	standard	False
''	''	''	''	''	False	False	False	False	None	False
''	''	''	''	''	False	True	True	False	standard	False
''	''	''	''	'1'	True	False	False	False	None	True
''	''	''	''	'1'	True	True	True	False	standard	True
''	''	''	''	'1'	False	False	False	False	None	True
''	''	''	''	'1'	False	True	True	False	standard	True
''	''	''	'0'	-	True	False	False	False	None	False
''	''	''	'0'	-	True	True	True	False	standard	False
''	''	''	'0'	-	False	False	False	False	None	False
''	''	''	'0'	-	False	True	True	False	standard	False
''	''	''	'0'	''	True	False	False	False	None	False
''	''	''	'0'	''	True	True	True	False	standard	False
''	''	''	'0'	''	False	False	False	False	None	False
''	''	''	'0'	''	False	True	True	False	standard	False
''	''	''	'0'	'1'	True	False	False	False	None	True
''	''	''	'0'	'1'	True	True	True	False	standard	True
''	''	''	'0'	'1'	False	False	False	False	None	True
''	''	''	'0'	'1'	False	True	True	False	standard	True
''	''	''	'1'	-	True	False	True	False	standard	False
''	''	''	'1'	-	True	True	True	False	standard	False
''	''	''	'1'	-	False	False	True	False	standard	False
''	''	''	'1'	-	False	True	True	False	standard	False
''	''	''	'1'	''	True	False	True	False	standard	False
''	''	''	'1'	''	True	True	True	False	standard	False
''	''	''	'1'	''	False	False	True	False	standard	False
''	''	''	'1'	''	False	True	True	False	standard	False
''	''	''	'1'	'1'	True	False	True	False	standard	True
''	''	''	'1'	'1'	True	True	True	False	standard	True
''	''	''	'1'	'1'	False	False	True	False	standard	True
''	''	''	'1'	'1'	False	True	True	False	standard	True
''	''	'1'	-	-	True	False	True	False	standard	False
''	''	'1'	-	-	True	True	True	False	standard	False
''	''	'1'	-	-	False	False	True	False	standard	False
''	''	'1'	-	-	False	True	True	False	standard	False
''	''	'1'	-	''	True	False	True	False	standard	False
''	''	'1'	-	''	True	True	True	False	standard	False
''	''	'1'	-	''	False	False	True	False	standard	False
''	''	'1'	-	''	False	True	True	False	standard	False
''	''	'1'	-	'1'	True	False	True	False	standard	True
''	''	'1'	-	'1'	True	True	True	False	standard	True
''	''	'1'	-	'1'	False	False	True	False	standard	True
''	''	'1'	-	'1'	False	True	True	False	standard	True
''	''	'1'	''	-	True	False	True	False	standard	False
''	''	'1'	''	-	True	True	True	False	standard	False
''	''	'1'	''	-	False	False	True	False	standard	False
''	''	'1'	''	-	False	True	True	False	standard	False
''	''	'1'	''	''	True	False	True	False	standard	False
''	''	'1'	''	''	True	True	True	False	standard	False
''	''	'1'	''	''	False	False	True	False	standard	False
''	''	'1'	''	''	False	True	True	False	standard	False
''	''	'1'	''	'1'	True	False	True	False	standard	True
''	''	'1'	''	'1'	True	True	True	False	standard	True
''	''	'1'	''	'1'	False	False	True	False	standard	True
''	''	'1'	''	'1'	False	True	True	False	standard	True
''	''	'1'	'0'	-	True	False	False	False	None	False
''	''	'1'	'0'	-	True	True	True	False	standard	False
''	''	'1'	'0'	-	False	False	False	False	None	False
''	''	'1'	'0'	-	False	True	True	False	standard	False
''	''	'1'	'0'	''	True	False	False	False	None	False
''	''	'1'	'0'	''	True	True	True	False	standard	False
''	''	'1'	'0'	''	False	False	False	False	None	False
''	''	'1'	'0'	''	False	True	True	False	standard	False
''	''	'1'	'0'	'1'	True	False	False	False	None	True
''	''	'1'	'0'	'1'	True	True	True	False	standard	True
''	''	'1'	'0'	'1'	False	False	False	False	None	True
''	''	'1'	'0'	'1'	False	True	True	False	standard	True
''	''	'1'	'1'	-	True	False	True	False	standard	False
''	''	'1'	'1'	-	True	True	True	False	standard	False
''	''	'1'	'1'	-	False	False	True	False	standard	False
''	''	'1'	'1'	-	False	True	True	False	standard	False
''	''	'1'	'1'	''	True	False	True	False	standard	False
''	''	'1'	'1'	''	True	True	True	False	standard	False
''	''	'1'	'1'	''	False	False	True	False	standard	False
''	''	'1'	'1'	''	False	True	True	False	standard	False
''	''	'1'	'1'	'1'	True	False	True	False	standard	True
''	''	'1'	'1'	'1'	True	True	True	False	standard	True
''	''	'1'	'1'	'1'	False	False	True	False	standard	True
''	''	'1'	'1'	'1'	False	True	True	False	standard	True
''	''	'0'	-	-	True	False	True	False	standard	False
''	''	'0'	-	-	True	True	True	False	standard	False
''	''	'0'	-	-	False	False	True	False	standard	False
''	''	'0'	-	-	False	True	True	False	standard	False
''	''	'0'	-	''	True	False	True	False	standard	False
''	''	'0'	-	''	True	True	True	False	standard	False
''	''	'0'	-	''	False	False	True	False	standard	False
''	''	'0'	-	''	False	True	True	False	standard	False
''	''	'0'	-	'1'	True	False	True	False	standard	True
''	''	'0'	-	'1'	True	True	True	False	standard	True
''	''	'0'	-	'1'	False	False	True	False	standard	True
''	''	'0'	-	'1'	False	True	True	False	standard	True
''	''	'0'	''	-	True	False	True	False	standard	False
''	''	'0'	''	-	True	True	True	False	standard	False
''	''	'0'	''	-	False	False	True	False	standard	False
''	''	'0'	''	-	False	True	True	False	standard	False
''	''	'0'	''	''	True	False	True	False	standard	False
''	''	'0'	''	''	True	True	True	False	standard	False
''	''	'0'	''	''	False	False	True	False	standard	False
''	''	'0'	''	''	False	True	True	False	standard	False
''	''	'0'	''	'1'	True	False	True	False	standard	True
''	''	'0'	''	'1'	True	True	True	False	standard	True
''	''	'0'	''	'1'	False	False	True	False	standard	True
''	''	'0'	''	'1'	False	True	True	False	standard	True
''	''	'0'	'0'	-	True	False	False	False	None	False
''	''	'0'	'0'	-	True	True	True	False	standard	False
''	''	'0'	'0'	-	False	False	False	False	None	False
''	''	'0'	'0'	-	False	True	True	False	standard	False
''	''	'0'	'0'	''	True	False	False	False	None	False
''	''	'0'	'0'	''	True	True	True	False	standard	False
''	''	'0'	'0'	''	False	False	False	False	None	False
''	''	'0'	'0'	''	False	True	True	False	standard	False
''	''	'0'	'0'	'1'	True	False	False	False	None	True
''	''	'0'	'0'	'1'	True	True	True	False	standard	True
''	''	'0'	'0'	'1'	False	False	False	False	None	True
''	''	'0'	'0'	'1'	False	True	True	False	standard	True
''	''	'0'	'1'	-	True	False	True	False	standard	False
''	''	'0'	'1'	-	True	True	True	False	standard	False
''	''	'0'	'1'	-	False	False	True	False	standard	False
''	''	'0'	'1'	-	False	True	True	False	standard	False
''	''	'0'	'1'	''	True	False	True	False	standard	False
''	''	'0'	'1'	''	True	True	True	False	standard	False
''	''	'0'	'1'	''	False	False	True	False	standard	False
''	''	'0'	'1'	''	False	True	True	False	standard	False
''	''	'0'	'1'	'1'	True	False	True	False	standard	True
''	''	'0'	'1'	'1'	True	True	True	False	standard	True
''	''	'0'	'1'	'1'	False	False	True	False	standard	True
''	''	'0'	'1'	'1'	False	True	True	False	standard	True
''	'dumb'	-	-	-	True	False	True	True	None	False
''	'dumb'	-	-	-	True	True	True	True	None	False
''	'dumb'	-	-	-	False	False	False	False	None	False
''	'dumb'	-	-	-	False	True	True	True	None	False
''	'dumb'	-	-	''	True	False	True	True	None	False
''	'dumb'	-	-	''	True	True	True	True	None	False
''	'dumb'	-	-	''	False	False	False	False	None	False
''	'dumb'	-	-	''	False	True	True	True	None	False
''	'dumb'	-	-	'1'	True	False	True	True	None	True
''	'dumb'	-	-	'1'	True	True	True	True	None	True
''	'dumb'	-	-	'1'	False	False	False	False	None	True
''	'dumb'	-	-	'1'	False	True	True	True	None	True
''	'dumb'	-	''	-	True	False	True	True	None	False
''	'dumb'	-	''	-	True	True	True	True	None	False
''	'dumb'	-	''	-	False	False	False	False	None	False
''	'dumb'	-	''	-	False	True	True	True	None	False
''	'dumb'	-	''	''	True	False	True	True	None	False
''	'dumb'	-	''	''	True	True	True	True	None	False
''	'dumb'	-	''	''	False	False	False	False	None	False
''	'dumb'	-	''	''	False	True	True	True	None	False
''	'dumb'	-	''	'1'	True	False	True	True	None	True
''	'dumb'	-	''	'1'	True	True	True	True	None	True
''	'dumb'	-	''	'1'	False	False	False	False	None	True
''	'dumb'	-	''	'1'	False	True	True	True	None	True
''	'dumb'	-	'0'	-	True	False	False	False	None	False
''	'dumb'	-	'0'	-	True	True	True	True	None	False
''	'dumb'	-	'0'	-	False	False	False	False	None	False
''	'dumb'	-	'0'	-	False	True	True	True	None	False
''	'dumb'	-	'0'	''	True	False	False	False	None	False
''	'dumb'	-	'0'	''	True	True	True	True	None	False
''	'dumb'	-	'0'	''	False	False	False	False	None	False
''	'dumb'	-	'0'	''	False	True	True	True	None	False
''	'dumb'	-	'0'	'1'	True	False	False	False	None	True
''	'dumb'	-	'0'	'1'	True	True	True	True	None	True
''	'dumb'	-	'0'	'1'	False	False	False	False	None	True
''	'dumb'	-	'0'	'1'	False	True	True	True	None	True
''	'dumb'	-	'1'	-	True	False	True	True	None	False
''	'dumb'	-	'1'	-	True	True	True	True	None	False
''	'dumb'	-	'1'	-	False	False	True	True	None	False
''	'dumb'	-	'1'	-	False	True	True	True	None	False
''	'dumb'	-	'1'	''	True	False	True	True	None	False
''	'dumb'	-	'1'	''	True	True	True	True	None	False
''	'dumb'	-	'1'	''	False	False	True	True	None	False
''	'dumb'	-	'1'	''	False	True	True	True	None	False
''	'dumb'	-	'1'	'1'	True	False	True	True	None	True
''	'dumb'	-	'1'	'1'	True	True	True	True	None	True
''	'dumb'	-	'1'	'1'	False	False	True	True	None	True
''	'dumb'	-	'1'	'1'	False	True	True	True	None	True
''	'dumb'	''	-	-	True	False	False	False	None	False
''	'dumb'	''	-	-	True	True	True	True	None	False
''	'dumb'	''	-	-	False	False	False	False	None	False
''	'dumb'	''	-	-	False	True	True	True	None	False
''	'dumb'	''	-	''	True	False	False	False	None	False
''	'dumb'	''	-	''	True	True	True	True	None	False
''	'dumb'	''	-	''	False	False	False	False	None	False
''	'dumb'	''	-	''	False	True	True	True	None	False
''	'dumb'	''	-	'1'	True	False	False	False	None	True
''	'dumb'	''	-	'1'	True	True	True	True	None	True
''	'dumb'	''	-	'1'	False	False	False	False	None	True
''	'dumb'	''	-	'1'	False	True	True	True	None	True
''	'dumb'	''	''	-	True	False	False	False	None	False
''	'dumb'	''	''	-	True	True	True	True	None	False
''	'dumb'	''	''	-	False	False	False	False	None	False
''	'dumb'	''	''	-	False	True	True	True	None	False
''	'dumb'	''	''	''	True	False	False	False	None	False
''	'dumb'	''	''	''	True	True	True	True	None	False
''	'dumb'	''	''	''	False	False	False	False	None	False
''	'dumb'	''	''	''	False	True	True	True	None	False
''	'dumb'	''	''	'1'	True	False	False	False	None	True
''	'dumb'	''	''	'1'	True	True	True	True	None	True
''	'dumb'	''	''	'1'	False	False	False	False	None	True
''	'dumb'	''	''	'1'	False	True	True	True	None	True
''	'dumb'	''	'0'	-	True	False	False	False	None	False
''	'dumb'	''	'0'	-	True	True	True	True	None	False
''	'dumb'	''	'0'	-	False	False	False	False	None	False
''	'dumb'	''	'0'	-	False	True	True	True	None	False
''	'dumb'	''	'0'	''	True	False	False	False	None	False
''	'dumb'	''	'0'	''	True	True	True	True	None	False
''	'dumb'	''	'0'	''	False	False	False	False	None	False
''	'dumb'	''	'0'	''	False	True	True	True	None	False
''	'dumb'	''	'0'	'1'	True	False	False	False	None	True
''	'dumb'	''	'0'	'1'	True	True	True	True	None	True
''	'dumb'	''	'0'	'1'	False	False	False	False	None	True
''	'dumb'	''	'0'	'1'	False	True	True	True	None	True
''	'dumb'	''	'1'	-	True	False	True	True	None	False
''	'dumb'	''	'1'	-	True	True	True	True	None	False
''	'dumb'	''	'1'	-	False	False	True	True	None	False
''	'dumb'	''	'1'	-	False	True	True	True	None	False
''	'dumb'	''	'1'	''	True	False	True	True	None	False
''	'dumb'	''	'1'	''	True	True	True	True	None	False
''	'dumb'	''	'1'	''	False	False	True	True	None	False
''	'dumb'	''	'1'	''	False	True	True	True	None	False
''	'dumb'	''	'1'	'1'	True	False	True	True	None	True
''	'dumb'	''	'1'	'1'	True	True	True	True	None	True
''	'dumb'	''	'1'	'1'	False	False	True	True	None	True
''	'dumb'	''	'1'	'1'	False	True	True	True	None	True
''	'dumb'	'1'	-	-	True	False	True	True	None	False
''	'dumb'	'1'	-	-	True	True	True	True	None	False
''	'dumb'	'1'	-	-	False	False	True	True	None	False
''	'dumb'	'1'	-	-	False	True	True	True	None	False
''	'dumb'	'1'	-	''	True	False	True	True	None	False
''	'dumb'	'1'	-	''	True	True	True	True	None	False
''	'dumb'	'1'	-	''	False	False	True	True	None	False
''	'dumb'	'1'	-	''	False	True	True	True	None	False
''	'dumb'	'1'	-	'1'	True	False	True	True	None	True
''	'dumb'	'1'	-	'1'	True	True	True	True	None	True
''	'dumb'	'1'	-	'1'	False	False	True	True	None	True
''	'dumb'	'1'	-	'1'	False	True	True	True	None	True
''	'dumb'	'1'	''	-	True	False	True	True	None	False
''	'dumb'	'1'	''	-	True	True	True	True	None	False
''	'dumb'	'1'	''	-	False	False	True	True	None	False
''	'dumb'	'1'	''	-	False	True	True	True	None	False
''	'dumb'	'1'	''	''	True	False	True	True	None	False
''	'dumb'	'1'	''	''	True	True	True	True	None	False
''	'dumb'	'1'	''	''	False	False	True	True	None	False
''	'dumb'	'1'	''	''	False	True	True	True	None	False
''	'dumb'	'1'	''	'1'	True	False	True	True	None	True
''	'dumb'	'1'	''	'1'	True	True	True	True	None	True
''	'dumb'	'1'	''	'1'	False	False	True	True	None	True
''	'dumb'	'1'	''	'1'	False	True	True	True	None	True
''	'dumb'	'1'	'0'	-	True	False	False	False	None	False
''	'dumb'	'1'	'0'	-	True	True	True	True	None	False
''	'dumb'	'1'	'0'	-	False	False	False	False	None	False
''	'dumb'	'1'	'0'	-	False	True	True	True	None	False
''	'dumb'	'1'	'0'	''	True	False	False	False	None	False
''	'dumb'	'1'	'0'	''	True	True	True	True	None	False
''	'dumb'	'1'	'0'	''	False	False	False	False	None	False
''	'dumb'	'1'	'0'	''	False	True	True	True	None	False
''	'dumb'	'1'	'0'	'1'	True	False	False	False	None	True
''	'dumb'	'1'	'0'	'1'	True	True	True	True	None	True
''	'dumb'	'1'	'0'	'1'	False	False	False	False	None	True
''	'dumb'	'1'	'0'	'1'	False	True	True	True	None	True
''	'dumb'	'1'	'1'	-	True	False	True	True	None	False
''	'dumb'	'1'	'1'	-	True	True	True	True	None	False
''	'dumb'	'1'	'1'	-	False	False	True	True	None	False
''	'dumb'	'1'	'1'	-	False	True	True	True	None	False
''	'dumb'	'1'	'1'	''	True	False	True	True	None	False
''	'dumb'	'1'	'1'	''	True	True	True	True	None	False
''	'dumb'	'1'	'1'	''	False	False	True	True	None	False
''	'dumb'	'1'	'1'	''	False	True	True	True	None	False
''	'dumb'	'1'	'1'	'1'	True	False	True	True	None	True
''	'dumb'	'1'	'1'	'1'	True	True	True	True	None	True
''	'dumb'	'1'	'1'	'1'	False	False	True	True	None	True
''	'dumb'	'1'	'1'	'1'	False	True	True	True	None	True
''	'dumb'	'0'	-	-	True	False	True	True	None	False
''	'dumb'	'0'	-	-	True	True	True	True	None	False
''	'dumb'	'0'	-	-	False	False	True	True	None	False
''	'dumb'	'0'	-	-	False	True	True	True	None	False
''	'dumb'	'0'	-	''	True	False	True	True	None	False
''	'dumb'	'0'	-	''	True	True	True	True	None	False
''	'dumb'	'0'	-	''	False	False	True	True	None	False
''	'dumb'	'0'	-	''	False	True	True	True	None	False
''	'dumb'	'0'	-	'1'	True	False	True	True	None	True
''	'dumb'	'0'	-	'1'	True	True	True	True	None	True
''	'dumb'	'0'	-	'1'	False	False	True	True	None	True
''	'dumb'	'0'	-	'1'	False	True	True	True	None	True
''	'dumb'	'0'	''	-	True	False	True	True	None	False
''	'dumb'	'0'	''	-	True	True	True	True	None	False
''	'dumb'	'0'	''	-	False	False	True	True	None	False
''	'dumb'	'0'	''	-	False	True	True	True	None	False
''	'dumb'	'0'	''	''	True	False	True	True	None	False
''	'dumb'	'0'	''	''	True	True	True	True	None	False
''	'dumb'	'0'	''	''	False	False	True	True	None	False
''	'dumb'	'0'	''	''	False	True	True	True	None	False
''	'dumb'	'0'	''	'1'	True	False	True	True	None	True
''	'dumb'	'0'	''	'1'	True	True	True	True	None	True
''	'dumb'	'0'	''	'1'	False	False	True	True	None	True
''	'dumb'	'0'	''	'1'	False	True	True	True	None	True
''	'dumb'	'0'	'0'	-	True	False	False	False	None	False
''	'dumb'	'0'	'0'	-	True	True	True	True	None	False
''	'dumb'	'0'	'0'	-	False	False	False	False	None	False
''	'dumb'	'0'	'0'	-	False	True	True	True	None	False
''	'dumb'	'0'	'0'	''	True	False	False	False	None	False
''	'dumb'	'0'	'0'	''	True	True	True	True	None	False
''	'dumb'	'0'	'0'	''	False	False	False	False	None	False
''	'dumb'	'0'	'0'	''	False	True	True	True	None	False
''	'dumb'	'0'	'0'	'1'	True	False	False	False	None	True
''	'dumb'	'0'	'0'	'1'	True	True	True	True	None	True
''	'dumb'	'0'	'0'	'1'	False	False	False	False	None	True
''	'dumb'	'0'	'0'	'1'	False	True	True	True	None	True
''	'dumb'	'0'	'1'	-	True	False	True	True	None	False
''	'dumb'	'0'	'1'	-	True	True	True	True	None	False
''	'dumb'	'0'	'1'	-	False	False	True	True	None	False
''	'dumb'	'0'	'1'	-	False	True	True	True	None	False
''	'dumb'	'0'	'1'	''	True	False	True	True	None	False
''	'dumb'	'0'	'1'	''	True	True	True	True	None	False
''	'dumb'	'0'	'1'	''	False	False	True	True	None	False
''	'dumb'	'0'	'1'	''	False	True	True	True	None	False
''	'dumb'	'0'	'1'	'1'	True	False	True	True	None	True
''	'dumb'	'0'	'1'	'1'	True	True	True	True	None	True
''	'dumb'	'0'	'1'	'1'	False	False	True	True	None	True
''	'dumb'	'0'	'1'	'1'	False	True	True	True	None	True
''	'unknown'	-	-	-	True	False	True	True	None	False
''	'unknown'	-	-	-	True	True	True	True	None	False
''	'unknown'	-	-	-	False	False	False	False	None	False
''	'unknown'	-	-	-	False	True	True	True	None	False
''	'unknown'	-	-	''	True	False	True	True	None	False
''	'unknown'	-	-	''	True	True	True	True	None	False
''	'unknown'	-	-	''	False	False	False	False	None	False
''	'unknown'	-	-	''	False	True	True	True	None	False
''	'unknown'	-	-	'1'	True	False	True	True	None	True
''	'unknown'	-	-	'1'	True	True	True	True	None	True
''	'unknown'	-	-	'1'	False	False	False	False	None	True
''	'unknown'	-	-	'1'	False	True	True	True	None	True
''	'unknown'	-	''	-	True	False	True	True	None	False
''	'unknown'	-	''	-	True	True	True	True	None	False
''	'unknown'	-	''	-	False	False	False	False	None	False
''	'unknown'	-	''	-	False	True	True	True	None	False
''	'unknown'	-	''	''	True	False	True	True	None	False
''	'unknown'	-	''	''	True	True	True	True	None	False
''	'unknown'	-	''	''	False	False	False	False	None	False
''	'unknown'	-	''	''	False	True	True	True	None	False
''	'unknown'	-	''	'1'	True	False	True	True	None	True
''	'unknown'	-	''	'1'	True	True	True	True	None	True
''	'unknown'	-	''	'1'	False	False	False	False	None	True
''	'unknown'	-	''	'1'	False	True	True	True	None	True
''	'unknown'	-	'0'	-	True	False	False	False	None	False
''	'unknown'	-	'0'	-	True	True	True	True	None	False
''	'unknown'	-	'0'	-	False	False	False	False	None	False
''	'unknown'	-	'0'	-	False	True	True	True	None	False
''	'unknown'	-	'0'	''	True	False	False	False	None	False
''	'unknown'	-	'0'	''	True	True	True	True	None	False
''	'unknown'	-	'0'	''	False	False	False	False	None	False
''	'unknown'	-	'0'	''	False	True	True	True	None	False
''	'unknown'	-	'0'	'1'	True	False	False	False	None	True
''	'unknown'	-	'0'	'1'	True	True	True	True	None	True
''	'unknown'	-	'0'	'1'	False	False	False	False	None	True
''	'unknown'	-	'0'	'1'	False	True	True	True	None	True
''	'unknown'	-	'1'	-	True	False	True	True	None	False
''	'unknown'	-	'1'	-	True	True	True	True	None	False
''	'unknown'	-	'1'	-	False	False	True	True	None	False
''	'unknown'	-	'1'	-	False	True	True	True	None	False
''	'unknown'	-	'1'	''	True	False	True	True	None	False
''	'unknown'	-	'1'	''	True	True	True	True	None	False
''	'unknown'	-	'1'	''	False	False	True	True	None	False
''	'unknown'	-	'1'	''	False	True	True	True	None	False
''	'unknown'	-	'1'	'1'	True	False	True	True	None	True
''	'unknown'	-	'1'	'1'	True	True	True	True	None	True
''	'unknown'	-	'1'	'1'	False	False	True	True	None	True
''	'unknown'	-	'1'	'1'	False	True	True	True	None	True
''	'unknown'	''	-	-	True	False	False	False	None	False
''	'unknown'	''	-	-	True	True	True	True	None	False
''	'unknown'	''	-	-	False	False	False	False	None	False
''	'unknown'	''	-	-	False	True	True	True	None	False
''	'unknown'	''	-	''	True	False	False	False	None	False
''	'unknown'	''	-	''	True	True	True	True	None	False
''	'unknown'	''	-	''	False	False	False	False	None	False
''	'unknown'	''	-	''	False	True	True	True	None	False
''	'unknown'	''	-	'1'	True	False	False	False	None	True
''	'unknown'	''	-	'1'	True	True	True	True	None	True
''	'unknown'	''	-	'1'	False	False	False	False	None	True
''	'unknown'	''	-	'1'	False	True	True	True	None	True
''	'unknown'	''	''	-	True	False	False	False	None	False
''	'unknown'	''	''	-	True	True	True	True	None	False
''	'unknown'	''	''	-	False	False	False	False	None	False
''	'unknown'	''	''	-	False	True	True	True	None	False
''	'unknown'	''	''	''	True	False	False	False	None	False
''	'unknown'	''	''	''	True	True	True	True	None	False
''	'unknown'	''	''	''	False	False	False	False	None	False
''	'unknown'	''	''	''	False	True	True	True	None	False
''	'unknown'	''	''	'1'	True	False	False	False	None	True
''	'unknown'	''	''	'1'	True	True	True	True	None	True
''	'unknown'	''	''	'1'	False	False	False	False	None	True
''	'unknown'	''	''	'1'	False	True	True	True	None	True
''	'unknown'	''	'0'	-	True	False	False	False	None	False
''	'unknown'	''	'0'	-	True	True	True	True	None	False
''	'unknown'	''	'0'	-	False	False	False	False	None	False
''	'unknown'	''	'0'	-	False	True	True	True	None	False
''	'unknown'	''	'0'	''	True	False	False	False	None	False
''	'unknown'	''	'0'	''	True	True	True	True	None	False
''	'unknown'	''	'0'	''	False	False	False	False	None	False
''	'unknown'	''	'0'	''	False	True	True	True	None	False
''	'unknown'	''	'0'	'1'	True	False	False	False	None	True
''	'unknown'	''	'0'	'1'	True	True	True	True	None	True
''	'unknown'	''	'0'	'1'	False	False	False	False	None	True
''	'unknown'	''	'0'	'1'	False	True	True	True	None	True
''	'unknown'	''	'1'	-	True	False	True	True	None	False
''	'unknown'	''	'1'	-	True	True	True	True	None	False
''	'unknown'	''	'1'	-	False	False	True	True	None	False
''	'unknown'	''	'1'	-	False	True	True	True	None	False
''	'unknown'	''	'1'	''	True	False	True	True	None	False
''	'unknown'	''	'1'	''	True	True	True	True	None	False
''	'unknown'	''	'1'	''	False	False	True	True	None	False
''	'unknown'	''	'1'	''	False	True	True	True	None	False
''	'unknown'	''	'1'	'1'	True	False	True	True	None	True
''	'unknown'	''	'1'	'1'	True	True	True	True	None	True
''	'unknown'	''	'1'	'1'	False	False	True	True	None	True
''	'unknown'	''	'1'	'1'	False	True	True	True	None	True
''	'unknown'	'1'	-	-	True	False	True	True	None	False
''	'unknown'	'1'	-	-	True	True	True	True	None	False
''	'unknown'	'1'	-	-	False	False	True	True	None	False
''	'unknown'	'1'	-	-	False	True	True	True	None	False
''	'unknown'	'1'	-	''	True	False	True	True	None	False
''	'unknown'	'1'	-	''	True	True	True	True	None	False
''	'unknown'	'1'	-	''	False	False	True	True	None	False
''	'unknown'	'1'	-	''	False	True	True	True	None	False
''	'unknown'	'1'	-	'1'	True	False	True	True	None	True
''	'unknown'	'1'	-	'1'	True	True	True	True	None	True
''	'unknown'	'1'	-	'1'	False	False	True	True	None	True
''	'unknown'	'1'	-	'1'	False	True	True	True	None	True
''	'unknown'	'1'	''	-	True	False	True	True	None	False
''	'unknown'	'1'	''	-	True	True	True	True	None	False
''	'unknown'	'1'	''	-	False	False	True	True	None	False
''	'unknown'	'1'	''	-	False	True	True	True	None	False
''	'unknown'	'1'	''	''	True	False	True	True	None	False
''	'unknown'	'1'	''	''	True	True	True	True	None	False
''	'unknown'	'1'	''	''	False	False	True	True	None	False
''	'unknown'	'1'	''	''	False	True	True	True	None	False
''	'unknown'	'1'	''	'1'	True	False	True	True	None	True
''	'unknown'	'1'	''	'1'	True	True	True	True	None	True
''	'unknown'	'1'	''	'1'	False	False	True	True	None	True
''	'unknown'	'1'	''	'1'	False	True	True	True	None	True
''	'unknown'	'1'	'0'	-	True	False	False	False	None	False
''	'unknown'	'1'	'0'	-	True	True	True	True	None	False
''	'unknown'	'1'	'0'	-	False	False	False	False	None	False
''	'unknown'	'1'	'0'	-	False	True	True	True	None	False
''	'unknown'	'1'	'0'	''	True	False	False	False	None	False
''	'unknown'	'1'	'0'	''	True	True	True	True	None	False
''	'unknown'	'1'	'0'	''	False	False	False	False	None	False
''	'unknown'	'1'	'0'	''	False	True	True	True	None	False
''	'unknown'	'1'	'0'	'1'	True	False	False	False	None	True
''	'unknown'	'1'	'0'	'1'	True	True	True	True	None	True
''	'unknown'	'1'	'0'	'1'	False	False	False	False	None	True
''	'unknown'	'1'	'0'	'1'	False	True	True	True	None	True
''	'unknown'	'1'	'1'	-	True	False	True	True	None	False
''	'unknown'	'1'	'1'	-	True	True	True	True	None	False
''	'unknown'	'1'	'1'	-	False	False	True	True	None	False
''	'unknown'	'1'	'1'	-	False	True	True	True	None	False
''	'unknown'	'1'	'1'	''	True	False	True	True	None	False
''	'unknown'	'1'	'1'	''	True	True	True	True	None	False
''	'unknown'	'1'	'1'	''	False	False	True	True	None	False
''	'unknown'	'1'	'1'	''	False	True	True	True	None	False
''	'unknown'	'1'	'1'	'1'	True	False	True	True	None	True
''	'unknown'	'1'	'1'	'1'	True	True	True	True	None	True
''	'unknown'	'1'	'1'	'1'	False	False	True	True	None	True
''	'unknown'	'1'	'1'	'1'	False	True	True	True	None	True
''	'unknown'	'0'	-	-	True	False	True	True	None	False
''	'unknown'	'0'	-	-	True	True	True	True	None	False
''	'unknown'	'0'	-	-	False	False	True	True	None	False
''	'unknown'	'0'	-	-	False	True	True	True	None	False
''	'unknown'	'0'	-	''	True	False	True	True	None	False
''	'unknown'	'0'	-	''	True	True	True	True	None	False
''	'unknown'	'0'	-	''	False	False	True	True	None	False
''	'unknown'	'0'	-	''	False	True	True	True	None	False
''	'unknown'	'0'	-	'1'	True	False	True	True	None	True
''	'unknown'	'0'	-	'1'	True	True	True	True	None	True
''	'unknown'	'0'	-	'1'	False	False	True	True	None	True
''	'unknown'	'0'	-	'1'	False	True	True	True	None	True
''	'unknown'	'0'	''	-	True	False	True	True	None	False
''	'unknown'	'0'	''	-	True	True	True	True	None	False
''	'unknown'	'0'	''	-	False	False	True	True	None	False
''	'unknown'	'0'	''	-	False	True	True	True	None	False
''	'unknown'	'0'	''	''	True	False	True	True	None	False
''	'unknown'	'0'	''	''	True	True	True	True	None	False
''	'unknown'	'0'	''	''	False	False	True	True	None	False
''	'unknown'	'0'	''	''	False	True	True	True	None	False
''	'unknown'	'0'	''	'1'	True	False	True	True	None	True
''	'unknown'	'0'	''	'1'	True	True	True	True	None	True
''	'unknown'	'0'	''	'1'	False	False	True	True	None	True
''	'unknown'	'0'	''	'1'	False	True	True	True	None	True
''	'unknown'	'0'	'0'	-	True	False	False	False	None	False
''	'unknown'	'0'	'0'	-	True	True	True	True	None	False
''	'unknown'	'0'	'0'	-	False	False	False	False	None	False
''	'unknown'	'0'	'0'	-	False	True	True	True	None	False
''	'unknown'	'0'	'0'	''	True	False	False	False	None	False
''	'unknown'	'0'	'0'	''	True	True	True	True	None	False
''	'unknown'	'0'	'0'	''	False	False	False	False	None	False
''	'unknown'	'0'	'0'	''	False	True	True	True	None	False
''	'unknown'	'0'	'0'	'1'	True	False	False	False	None	True
''	'unknown'	'0'	'0'	'1'	True	True	True	True	None	True
''	'unknown'	'0'	'0'	'1'	False	False	False	False	None	True
''	'unknown'	'0'	'0'	'1'	False	True	True	True	None	True
''	'unknown'	'0'	'1'	-	True	False	True	True	None	False
''	'unknown'	'0'	'1'	-	True	True	True	True	None	False
''	'unknown'	'0'	'1'	-	False	False	True	True	None	False
''	'unknown'	'0'	'1'	-	False	True	True	True	None	False
''	'unknown'	'0'	'1'	''	True	False	True	True	None	False
''	'unknown'	'0'	'1'	''	True	True	True	True	None	False
''	'unknown'	'0'	'1'	''	False	False	True	True	None	False
''	'unknown'	'0'	'1'	''	False	True	True	True	None	False
''	'unknown'	'0'	'1'	'1'	True	False	True	True	None	True
''	'unknown'	'0'	'1'	'1'	True	True	True	True	None	True
''	'unknown'	'0'	'1'	'1'	False	False	True	True	None	True
''	'unknown'	'0'	'1'	'1'	False	True	True	True	None	True
''	'xterm'	-	-	-	True	False	True	False	standard	False
''	'xterm'	-	-	-	True	True	True	False	standard	False
''	'xterm'	-	-	-	False	False	False	False	None	False
''	'xterm'	-	-	-	False	True	True	False	standard	False
''	'xterm'	-	-	''	True	False	True	False	standard	False
''	'xterm'	-	-	''	True	True	True	False	standard	False
''	'xterm'	-	-	''	False	False	False	False	None	False
''	'xterm'	-	-	''	False	True	True	False	standard	False
''	'xterm'	-	-	'1'	True	False	True	False	standard	True
''	'xterm'	-	-	'1'	True	True	True	False	standard	True
''	'xterm'	-	-	'1'	False	False	False	False	None	True
''	'xterm'	-	-	'1'	False	True	True	False	standard	True
''	'xterm'	-	''	-	True	False	True	False	standard	False
''	'xterm'	-	''	-	True	True	True	False	standard	False
''	'xterm'	-	''	-	False	False	False	False	None	False
''	'xterm'	-	''	-	False	True	True	False	standard	False
''	'xterm'	-	''	''	True	False	True	False	standard	False
''	'xterm'	-	''	''	True	True	True	False	standard	False
''	'xterm'	-	''	''	False	False	False	False	None	False
''	'xterm'	-	''	''	False	True	True	False	standard	False
''	'xterm'	-	''	'1'	True	False	True	False	standard	True
''	'xterm'	-	''	'1'	True	True	True	False	standard	True
''	'xterm'	-	''	'1'	False	False	False	False	None	True
''	'xterm'	-	''	'1'	False	True	True	False	standard	True
''	'xterm'	-	'0'	-	True	False	False	False	None	False
''	'xterm'	-	'0'	-	True	True	True	False	standard	False
''	'xterm'	-	'0'	-	False	False	False	False	None	False
''	'xterm'	-	'0'	-	False	True	True	False	standard	False
''	'xterm'	-	'0'	''	True	False	False	False	None	False
''	'xterm'	-	'0'	''	True	True	True	False	standard	False
''	'xterm'	-	'0'	''	False	False	False	False	None	False
''	'xterm'	-	'0'	''	False	True	True	False	standard	False
''	'xterm'	-	'0'	'1'	True	False	False	False	None	True
''	'xterm'	-	'0'	'1'	True	True	True	False	standard	True
''	'xterm'	-	'0'	'1'	False	False	False	False	None	True
''	'xterm'	-	'0'	'1'	False	True	True	False	standard	True
''	'xterm'	-	'1'	-	True	False	True	False	standard	False
''	'xterm'	-	'1'	-	True	True	True	False	standard	False
''	'xterm'	-	'1'	-	False	False	True	False	standard	False
''	'xterm'	-	'1'	-	False	True	True	False	standard	False
''	'xterm'	-	'1'	''	True	False	True	False	standard	False
''	'xterm'	-	'1'	''	True	True	True	False	standard	False
''	'xterm'	-	'1'	''	False	False	True	False	standard	False
''	'xterm'	-	'1'	''	False	True	True	False	standard	False
''	'xterm'	-	'1'	'1'	True	False	True	False	standard	True
''	'xterm'	-	'1'	'1'	True	True	True	False	standard	True
''	'xterm'	-	'1'	'1'	False	False	True	False	standard	True
''	'xterm'	-	'1'	'1'	False	True	True	False	standard	True
''	'xterm'	''	-	-	True	False	False	False	None	False
''	'xterm'	''	-	-	True	True	True	False	standard	False
''	'xterm'	''	-	-	False	False	False	False	None	False
''	'xterm'	''	-	-	False	True	True	False	standard	False
''	'xterm'	''	-	''	True	False	False	False	None	False
''	'xterm'	''	-	''	True	True	True	False	standard	False
''	'xterm'	''	-	''	False	False	False	False	None	False
''	'xterm'	''	-	''	False	True	True	False	standard	False
''	'xterm'	''	-	'1'	True	False	False	False	None	True
''	'xterm'	''	-	'1'	True	True	True	False	standard	True
''	'xterm'	''	-	'1'	False	False	False	False	None	True
''	'xterm'	''	-	'1'	False	True	True	False	standard	True
''	'xterm'	''	''	-	True	False	False	False	None	False
''	'xterm'	''	''	-	True	True	True	False	standard	False
''	'xterm'	''	''	-	False	False	False	False	None	False
''	'xterm'	''	''	-	False	True	True	False	standard	False
''	'xterm'	''	''	''	True	False	False	False	None	False
''	'xterm'	''	''	''	True	True	True	False	standard	False
''	'xterm'	''	''	''	False	False	False	False	None	False
''	'xterm'	''	''	''	False	True	True	False	standard	False
''	'xterm'	''	''	'1'	True	False	False	False	None	True
''	'xterm'	''	''	'1'	True	True	True	False	standard	True
''	'xterm'	''	''	'1'	False	False	False	False	None	True
''	'xterm'	''	''	'1'	False	True	True	False	standard	True
''	'xterm'	''	'0'	-	True	False	False	False	None	False
''	'xterm'	''	'0'	-	True	True	True	False	standard	False
''	'xterm'	''	'0'	-	False	False	False	False	None	False
''	'xterm'	''	'0'	-	False	True	True	False	standard	False
''	'xterm'	''	'0'	''	True	False	False	False	None	False
''	'xterm'	''	'0'	''	True	True	True	False	standard	False
''	'xterm'	''	'0'	''	False	False	False	False	None	False
''	'xterm'	''	'0'	''	False	True	True	False	standard	False
''	'xterm'	''	'0'	'1'	True	False	False	False	None	True
''	'xterm'	''	'0'	'1'	True	True	True	False	standard	True
''	'xterm'	''	'0'	'1'	False	False	False	False	None	True
''	'xterm'	''	'0'	'1'	False	True	True	False	standard	True
''	'xterm'	''	'1'	-	True	False	True	False	standard	False
''	'xterm'	''	'1'	-	True	True	True	False	standard	False
''	'xterm'	''	'1'	-	False	False	True	False	standard	False
''	'xterm'	''	'1'	-	False	True	True	False	standard	False
''	'xterm'	''	'1'	''	True	False	True	False	standard	False
''	'xterm'	''	'1'	''	True	True	True	False	standard	False
''	'xterm'	''	'1'	''	False	False	True	False	standard	False
''	'xterm'	''	'1'	''	False	True	True	False	standard	False
''	'xterm'	''	'1'	'1'	True	False	True	False	standard	True
''	'xterm'	''	'1'	'1'	True	True	True	False	standard	True
''	'xterm'	''	'1'	'1'	False	False	True	False	standard	True
''	'xterm'	''	'1'	'1'	False	True	True	False	standard	True
''	'xterm'	'1'	-	-	True	False	True	False	standard	False
''	'xterm'	'1'	-	-	True	True	True	False	standard	False
''	'xterm'	'1'	-	-	False	False	True	False	standard	False
''	'xterm'	'1'	-	-	False	True	True	False	standard	False
''	'xterm'	'1'	-	''	True	False	True	False	standard	False
''	'xterm'	'1'	-	''	True	True	True	False	standard	False
''	'xterm'	'1'	-	''	False	False	True	False	standard	False
''	'xterm'	'1'	-	''	False	True	True	False	standard	False
''	'xterm'	'1'	-	'1'	True	False	True	False	standard	True
''	'xterm'	'1'	-	'1'	True	True	True	False	standard	True
''	'xterm'	'1'	-	'1'	False	False	True	False	standard	True
''	'xterm'	'1'	-	'1'	False	True	True	False	standard	True
''	'xterm'	'1'	''	-	True	False	True	False	standard	False
''	'xterm'	'1'	''	-	True	True	True	False	standard	False
''	'xterm'	'1'	''	-	False	False	True	False	standard	False
''	'xterm'	'1'	''	-	False	True	True	False	standard	False
''	'xterm'	'1'	''	''	True	False	True	False	standard	False
''	'xterm'	'1'	''	''	True	True	True	False	standard	False
''	'xterm'	'1'	''	''	False	False	True	False	standard	False
''	'xterm'	'1'	''	''	False	True	True	False	standard	False
''	'xterm'	'1'	''	'1'	True	False	True	False	standard	True
''	'xterm'	'1'	''	'1'	True	True	True	False	standard	True
''	'xterm'	'1'	''	'1'	False	False	True	False	standard	True
''	'xterm'	'1'	''	'1'	False	True	True	False	standard	True
''	'xterm'	'1'	'0'	-	True	False	False	False	None	False
''	'xterm'	'1'	'0'	-	True	True	True	False	standard	False
''	'xterm'	'1'	'0'	-	False	False	False	False	None	False
''	'xterm'	'1'	'0'	-	False	True	True	False	standard	False
''	'xterm'	'1'	'0'	''	True	False	False	False	None	False
''	'xterm'	'1'	'0'	''	True	True	True	False	standard	False
''	'xterm'	'1'	'0'	''	False	False	False	False	None	False
''	'xterm'	'1'	'0'	''	False	True	True	False	standard	False
''	'xterm'	'1'	'0'	'1'	True	False	False	False	None	True
''	'xterm'	'1'	'0'	'1'	True	True	True	False	standard	True
''	'xterm'	'1'	'0'	'1'	False	False	False	False	None	True
''	'xterm'	'1'	'0'	'1'	False	True	True	False	standard	True
''	'xterm'	'1'	'1'	-	True	False	True	False	standard	False
''	'xterm'	'1'	'1'	-	True	True	True	False	standard	False
''	'xterm'	'1'	'1'	-	False	False	True	False	standard	False
''	'xterm'	'1'	'1'	-	False	True	True	False	standard	False
''	'xterm'	'1'	'1'	''	True	False	True	False	standard	False
''	'xterm'	'1'	'1'	''	True	True	True	False	standard	False
''	'xterm'	'1'	'1'	''	False	False	True	False	standard	False
''	'xterm'	'1'	'1'	''	False	True	True	False	standard	False
''	'xterm'	'1'	'1'	'1'	True	False	True	False	standard	True
''	'xterm'	'1'	'1'	'1'	True	True	True	False	standard	True
''	'xterm'	'1'	'1'	'1'	False	False	True	False	standard	True
''	'xterm'	'1'	'1'	'1'	False	True	True	False	standard	True
''	'xterm'	'0'	-	-	True	False	True	False	standard	False
''	'xterm'	'0'	-	-	True	True	True	False	standard	False
''	'xterm'	'0'	-	-	False	False	True	False	standard	False
''	'xterm'	'0'	-	-	False	True	True	False	standard	False
''	'xterm'	'0'	-	''	True	False	True	False	standard	False
''	'xterm'	'0'	-	''	True	True	True	False	standard	False
''	'xterm'	'0'	-	''	False	False	True	False	standard	False
''	'xterm'	'0'	-	''	False	True	True	False	standard	False
''	'xterm'	'0'	-	'1'	True	False	True	False	standard	True
''	'xterm'	'0'	-	'1'	True	True	True	False	standard	True
''	'xterm'	'0'	-	'1'	False	False	True	False	standard	True
''	'xterm'	'0'	-	'1'	False	True	True	False	standard	True
''	'xterm'	'0'	''	-	True	False	True	False	standard	False
''	'xterm'	'0'	''	-	True	True	True	False	standard	False
''	'xterm'	'0'	''	-	False	False	True	False	standard	False
''	'xterm'	'0'	''	-	False	True	True	False	standard	False
''	'xterm'	'0'	''	''	True	False	True	False	standard	False
''	'xterm'	'0'	''	''	True	True	True	False	standard	False
''	'xterm'	'0'	''	''	False	False	True	False	standard	False
''	'xterm'	'0'	''	''	False	True	True	False	standard	False
''	'xterm'	'0'	''	'1'	True	False	True	False	standard	True
''	'xterm'	'0'	''	'1'	True	True	True	False	standard	True
''	'xterm'	'0'	''	'1'	False	False	True	False	standard	True
''	'xterm'	'0'	''	'1'	False	True	True	False	standard	True
''	'xterm'	'0'	'0'	-	True	False	False	False	None	False
''	'xterm'	'0'	'0'	-	True	True	True	False	standard	False
''	'xterm'	'0'	'0'	-	False	False	False	False	None	False
''	'xterm'	'0'	'0'	-	False	True	True	False	standard	False
''	'xterm'	'0'	'0'	''	True	False	False	False	None	False
''	'xterm'	'0'	'0'	''	True	True	True	False	standard	False
''	'xterm'	'0'	'0'	''	False	False	False	False	None	False
''	'xterm'	'0'	'0'	''	False	True	True	False	standard	False
''	'xterm'	'0'	'0'	'1'	True	False	False	False	None	True
''	'xterm'	'0'	'0'	'1'	True	True	True	False	standard	True
''	'xterm'	'0'	'0'	'1'	False	False	False	False	None	True
''	'xterm'	'0'	'0'	'1'	False	True	True	False	standard	True
''	'xterm'	'0'	'1'	-	True	False	True	False	standard	False
''	'xterm'	'0'	'1'	-	True	True	True	False	standard	False
''	'xterm'	'0'	'1'	-	False	False	True	False	standard	False
''	'xterm'	'0'	'1'	-	False	True	True	False	standard	False
''	'xterm'	'0'	'1'	''	True	False	True	False	standard	False
''	'xterm'	'0'	'1'	''	True	True	True	False	standard	False
''	'xterm'	'0'	'1'	''	False	False	True	False	standard	False
''	'xterm'	'0'	'1'	''	False	True	True	False	standard	False
''	'xterm'	'0'	'1'	'1'	True	False	True	False	standard	True
''	'xterm'	'0'	'1'	'1'	True	True	True	False	standard	True
''	'xterm'	'0'	'1'	'1'	False	False	True	False	standard	True
''	'xterm'	'0'	'1'	'1'	False	True	True	False	standard	True
''	'xterm-256color'	-	-	-	True	False	True	False	256	False
''	'xterm-256color'	-	-	-	True	True	True	False	256	False
''	'xterm-256color'	-	-	-	False	False	False	False	None	False
''	'xterm-256color'	-	-	-	False	True	True	False	256	False
''	'xterm-256color'	-	-	''	True	False	True	False	256	False
''	'xterm-256color'	-	-	''	True	True	True	False	256	False
''	'xterm-256color'	-	-	''	False	False	False	False	None	False
''	'xterm-256color'	-	-	''	False	True	True	False	256	False
''	'xterm-256color'	-	-	'1'	True	False	True	False	256	True
''	'xterm-256color'	-	-	'1'	True	True	True	False	256	True
''	'xterm-256color'	-	-	'1'	False	False	False	False	None	True
''	'xterm-256color'	-	-	'1'	False	True	True	False	256	True
''	'xterm-256color'	-	''	-	True	False	True	False	256	False
''	'xterm-256color'	-	''	-	True	True	True	False	256	False
''	'xterm-256color'	-	''	-	False	False	False	False	None	False
''	'xterm-256color'	-	''	-	False	True	True	False	256	False
''	'xterm-256color'	-	''	''	True	False	True	False	256	False
''	'xterm-256color'	-	''	''	True	True	True	False	256	False
''	'xterm-256color'	-	''	''	False	False	False	False	None	False
''	'xterm-256color'	-	''	''	False	True	True	False	256	False
''	'xterm-256color'	-	''	'1'	True	False	True	False	256	True
''	'xterm-256color'	-	''	'1'	True	True	True	False	256	True
''	'xterm-256color'	-	''	'1'	False	False	False	False	None	True
''	'xterm-256color'	-	''	'1'	False	True	True	False	256	True
''	'xterm-256color'	-	'0'	-	True	False	False	False	None	False
''	'xterm-256color'	-	'0'	-	True	True	True	False	256	False
''	'xterm-256color'	-	'0'	-	False	False	False	False	None	False
''	'xterm-256color'	-	'0'	-	False	True	True	False	256	False
''	'xterm-256color'	-	'0'	''	True	False	False	False	None	False
''	'xterm-256color'	-	'0'	''	True	True	True	False	256	False
''	'xterm-256color'	-	'0'	''	False	False	False	False	None	False
''	'xterm-256color'	-	'0'	''	False	True	True	False	256	False
''	'xterm-256color'	-	'0'	'1'	True	False	False	False	None	True
''	'xterm-256color'	-	'0'	'1'	True	True	True	False	256	True
''	'xterm-256color'	-	'0'	'1'	False	False	False	False	None	True
''	'xterm-256color'	-	'0'	'1'	False	True	True	False	256	True
''	'xterm-256color'	-	'1'	-	True	False	True	False	256	False
''	'xterm-256color'	-	'1'	-	True	True	True	False	256	False
''	'xterm-256color'	-	'1'	-	False	False	True	False	256	False
''	'xterm-256color'	-	'1'	-	False	True	True	False	256	False
''	'xterm-256color'	-	'1'	''	True	False	True	False	256	False
''	'xterm-256color'	-	'1'	''	True	True	True	False	256	False
''	'xterm-256color'	-	'1'	''	False	False	True	False	256	False
''	'xterm-256color'	-	'1'	''	False	True	True	False	256	False
''	'xterm-256color'	-	'1'	'1'	True	False	True	False	256	True
''	'xterm-256color'	-	'1'	'1'	True	True	True	False	256	True
''	'xterm-256color'	-	'1'	'1'	False	False	True	False	256	True
''	'xterm-256color'	-	'1'	'1'	False	True	True	False	256	True
''	'xterm-256color'	''	-	-	True	False	False	False	None	False
''	'xterm-256color'	''	-	-	True	True	True	False	256	False
''	'xterm-256color'	''	-	-	False	False	False	False	None	False
''	'xterm-256color'	''	-	-	False	True	True	False	256	False
''	'xterm-256color'	''	-	''	True	False	False	False	None	False
''	'xterm-256color'	''	-	''	True	True	True	False	256	False
''	'xterm-256color'	''	-	''	False	False	False	False	None	False
''	'xterm-256color'	''	-	''	False	True	True	False	256	False
''	'xterm-256color'	''	-	'1'	True	False	False	False	None	True
''	'xterm-256color'	''	-	'1'	True	True	True	False	256	True
''	'xterm-256color'	''	-	'1'	False	False	False	False	None	True
''	'xterm-256color'	''	-	'1'	False	True	True	False	256	True
''	'xterm-256color'	''	''	-	True	False	False	False	None	False
''	'xterm-256color'	''	''	-	True	True	True	False	256	False
''	'xterm-256color'	''	''	-	False	False	False	False	None	False
''	'xterm-256color'	''	''	-	False	True	True	False	256	False
''	'xterm-256color'	''	''	''	True	False	False	False	None	False
''	'xterm-256color'	''	''	''	True	True	True	False	256	False
''	'xterm-256color'	''	''	''	False	False	False	False	None	False
''	'xterm-256color'	''	''	''	False	True	True	False	256	False
''	'xterm-256color'	''	''	'1'	True	False	False	False	None	True
''	'xterm-256color'	''	''	'1'	True	True	True	False	256	True
''	'xterm-256color'	''	''	'1'	False	False	False	False	None	True
''	'xterm-256color'	''	''	'1'	False	True	True	False	256	True
''	'xterm-256color'	''	'0'	-	True	False	False	False	None	False
''	'xterm-256color'	''	'0'	-	True	True	True	False	256	False
''	'xterm-256color'	''	'0'	-	False	False	False	False	None	False
''	'xterm-256color'	''	'0'	-	False	True	True	False	256	False
''	'xterm-256color'	''	'0'	''	True	False	False	False	None	False
''	'xterm-256color'	''	'0'	''	True	True	True	False	256	False
''	'xterm-256color'	''	'0'	''	False	False	False	False	None	False
''	'xterm-256color'	''	'0'	''	False	True	True	False	256	False
''	'xterm-256color'	''	'0'	'1'	True	False	False	False	None	True
''	'xterm-256color'	''	'0'	'1'	True	True	True	False	256	True
''	'xterm-256color'	''	'0'	'1'	False	False	False	False	None	True
''	'xterm-256color'	''	'0'	'1'	False	True	True	False	256	True
''	'xterm-256color'	''	'1'	-	True	False	True	False	256	False
''	'xterm-256color'	''	'1'	-	True	True	True	False	256	False
''	'xterm-256color'	''	'1'	-	False	False	True	False	256	False
''	'xterm-256color'	''	'1'	-	False	True	True	False	256	False
''	'xterm-256color'	''	'1'	''	True	False	True	False	256	False
''	'xterm-256color'	''	'1'	''	True	True	True	False	256	False
''	'xterm-256color'	''	'1'	''	False	False	True	False	256	False
''	'xterm-256color'	''	'1'	''	False	True	True	False	256	False
''	'xterm-256color'	''	'1'	'1'	True	False	True	False	256	True
''	'xterm-256color'	''	'1'	'1'	True	True	True	False	256	True
''	'xterm-256color'	''	'1'	'1'	False	False	True	False	256	True
''	'xterm-256color'	''	'1'	'1'	False	True	True	False	256	True
''	'xterm-256color'	'1'	-	-	True	False	True	False	256	False
''	'xterm-256color'	'1'	-	-	True	True	True	False	256	False
''	'xterm-256color'	'1'	-	-	False	False	True	False	256	False
''	'xterm-256color'	'1'	-	-	False	True	True	False	256	False
''	'xterm-256color'	'1'	-	''	True	False	True	False	256	False
''	'xterm-256color'	'1'	-	''	True	True	True	False	256	False
''	'xterm-256color'	'1'	-	''	False	False	True	False	256	False
''	'xterm-256color'	'1'	-	''	False	True	True	False	256	False
''	'xterm-256color'	'1'	-	'1'	True	False	True	False	256	True
''	'xterm-256color'	'1'	-	'1'	True	True	True	False	256	True
''	'xterm-256color'	'1'	-	'1'	False	False	True	False	256	True
''	'xterm-256color'	'1'	-	'1'	False	True	True	False	256	True
''	'xterm-256color'	'1'	''	-	True	False	True	False	256	False
''	'xterm-256color'	'1'	''	-	True	True	True	False	256	False
''	'xterm-256color'	'1'	''	-	False	False	True	False	256	False
''	'xterm-256color'	'1'	''	-	False	True	True	False	256	False
''	'xterm-256color'	'1'	''	''	True	False	True	False	256	False
''	'xterm-256color'	'1'	''	''	True	True	True	False	256	False
''	'xterm-256color'	'1'	''	''	False	False	True	False	256	False
''	'xterm-256color'	'1'	''	''	False	True	True	False	256	False
''	'xterm-256color'	'1'	''	'1'	True	False	True	False	256	True
''	'xterm-256color'	'1'	''	'1'	True	True	True	False	256	True
''	'xterm-256color'	'1'	''	'1'	False	False	True	False	256	True
''	'xterm-256color'	'1'	''	'1'	False	True	True	False	256	True
''	'xterm-256color'	'1'	'0'	-	True	False	False	False	None	False
''	'xterm-256color'	'1'	'0'	-	True	True	True	False	256	False
''	'xterm-256color'	'1'	'0'	-	False	False	False	False	None	False
''	'xterm-256color'	'1'	'0'	-	False	True	True	False	256	False
''	'xterm-256color'	'1'	'0'	''	True	False	False	False	None	False
''	'xterm-256color'	'1'	'0'	''	True	True	True	False	256	False
''	'xterm-256color'	'1'	'0'	''	False	False	False	False	None	False
''	'xterm-256color'	'1'	'0'	''	False	True	True	False	256	False
''	'xterm-256color'	'1'	'0'	'1'	True	False	False	False	None	True
''	'xterm-256color'	'1'	'0'	'1'	True	True	True	False	256	True
''	'xterm-256color'	'1'	'0'	'1'	False	False	False	False	None	True
''	'xterm-256color'	'1'	'0'	'1'	False	True	True	False	256	True
''	'xterm-256color'	'1'	'1'	-	True	False	True	False	256	False
''	'xterm-256color'	'1'	'1'	-	True	True	True	False	256	False
''	'xterm-256color'	'1'	'1'	-	False	False	True	False	256	False
''	'xterm-256color'	'1'	'1'	-	False	True	True	False	256	False
''	'xterm-256color'	'1'	'1'	''	True	False	True	False	256	False
''	'xterm-256color'	'1'	'1'	''	True	True	True	False	256	False
''	'xterm-256color'	'1'	'1'	''	False	False	True	False	256	False
''	'xterm-256color'	'1'	'1'	''	False	True	True	False	256	False
''	'xterm-256color'	'1'	'1'	'1'	True	False	True	False	256	True
''	'xterm-256color'	'1'	'1'	'1'	True	True	True	False	256	True
''	'xterm-256color'	'1'	'1'	'1'	False	False	True	False	256	True
''	'xterm-256color'	'1'	'1'	'1'	False	True	True	False	256	True
''	'xterm-256color'	'0'	-	-	True	False	True	False	256	False
''	'xterm-256color'	'0'	-	-	True	True	True	False	256	False
''	'xterm-256color'	'0'	-	-	False	False	True	False	256	False
''	'xterm-256color'	'0'	-	-	False	True	True	False	256	False
''	'xterm-256color'	'0'	-	''	True	False	True	False	256	False
''	'xterm-256color'	'0'	-	''	True	True	True	False	256	False
''	'xterm-256color'	'0'	-	''	False	False	True	False	256	False
''	'xterm-256color'	'0'	-	''	False	True	True	False	256	False
''	'xterm-256color'	'0'	-	'1'	True	False	True	False	256	True
''	'xterm-256color'	'0'	-	'1'	True	True	True	False	256	True
''	'xterm-256color'	'0'	-	'1'	False	False	True	False	256	True
''	'xterm-256color'	'0'	-	'1'	False	True	True	False	256	True
''	'xterm-256color'	'0'	''	-	True	False	True	False	256	False
''	'xterm-256color'	'0'	''	-	True	True	True	False	256	False
''	'xterm-256color'	'0'	''	-	False	False	True	False	256	False
''	'xterm-256color'	'0'	''	-	False	True	True	False	256	False
''	'xterm-256color'	'0'	''	''	True	False	True	False	256	False
''	'xterm-256color'	'0'	''	''	True	True	True	False	256	False
''	'xterm-256color'	'0'	''	''	False	False	True	False	256	False
''	'xterm-256color'	'0'	''	''	False	True	True	False	256	False
''	'xterm-256color'	'0'	''	'1'	True	False	True	False	256	True
''	'xterm-256color'	'0'	''	'1'	True	True	True	False	256	True
''	'xterm-256color'	'0'	''	'1'	False	False	True	False	256	True
''	'xterm-256color'	'0'	''	'1'	False	True	True	False	256	True
''	'xterm-256color'	'0'	'0'	-	True	False	False	False	None	False
''	'xterm-256color'	'0'	'0'	-	True	True	True	False	256	False
''	'xterm-256color'	'0'	'0'	-	False	False	False	False	None	False
''	'xterm-256color'	'0'	'0'	-	False	True	True	False	256	False
''	'xterm-256color'	'0'	'0'	''	True	False	False	False	None	False
''	'xterm-256color'	'0'	'0'	''	True	True	True	False	256	False
''	'xterm-256color'	'0'	'0'	''	False	False	False	False	None	False
''	'xterm-256color'	'0'	'0'	''	False	True	True	False	256	False
''	'xterm-256color'	'0'	'0'	'1'	True	False	False	False	None	True
''	'xterm-256color'	'0'	'0'	'1'	True	True	True	False	256	True
''	'xterm-256color'	'0'	'0'	'1'	False	False	False	False	None	True
''	'xterm-256color'	'0'	'0'	'1'	False	True	True	False	256	True
''	'xterm-256color'	'0'	'1'	-	True	False	True	False	256	False
''	'xterm-256color'	'0'	'1'	-	True	True	True	False	256	False
''	'xterm-256color'	'0'	'1'	-	False	False	True	False	256	False
''	'xterm-256color'	'0'	'1'	-	False	True	True	False	256	False
''	'xterm-256color'	'0'	'1'	''	True	False	True	False	256	False
''	'xterm-256color'	'0'	'1'	''	True	True	True	False	256	False
''	'xterm-256color'	'0'	'1'	''	False	False	True	False	256	False
''	'xterm-256color'	'0'	'1'	''	False	True	True	False	256	False
''	'xterm-256color'	'0'	'1'	'1'	True	False	True	False	256	True
''	'xterm-256color'	'0'	'1'	'1'	True	True	True	False	256	True
''	'xterm-256color'	'0'	'1'	'1'	False	False	True	False	256	True
''	'xterm-256color'	'0'	'1'	'1'	False	True	True	False	256	True
''	'xterm-16color'	-	-	-	True	False	True	False	standard	False
''	'xterm-16color'	-	-	-	True	True	True	False	standard	False
''	'xterm-16color'	-	-	-	False	False	False	False	None	False
''	'xterm-16color'	-	-	-	False	True	True	False	standard	False
''	'xterm-16color'	-	-	''	True	False	True	False	standard	False
''	'xterm-16color'	-	-	''	True	True	True	False	standard	False
''	'xterm-16color'	-	-	''	False	False	False	False	None	False
''	'xterm-16color'	-	-	''	False	True	True	False	standard	False
''	'xterm-16color'	-	-	'1'	True	False	True	False	standard	True
''	'xterm-16color'	-	-	'1'	True	True	True	False	standard	True
''	'xterm-16color'	-	-	'1'	False	False	False	False	None	True
''	'xterm-16color'	-	-	'1'	False	True	True	False	standard	True
''	'xterm-16color'	-	''	-	True	False	True	False	standard	False
''	'xterm-16color'	-	''	-	True	True	True	False	standard	False
''	'xterm-16color'	-	''	-	False	False	False	False	None	False
''	'xterm-16color'	-	''	-	False	True	True	False	standard	False
''	'xterm-16color'	-	''	''	True	False	True	False	standard	False
''	'xterm-16color'	-	''	''	True	True	True	False	standard	False
''	'xterm-16color'	-	''	''	False	False	False	False	None	False
''	'xterm-16color'	-	''	''	False	True	True	False	standard	False
''	'xterm-16color'	-	''	'1'	True	False	True	False	standard	True
''	'xterm-16color'	-	''	'1'	True	True	True	False	standard	True
''	'xterm-16color'	-	''	'1'	False	False	False	False	None	True
''	'xterm-16color'	-	''	'1'	False	True	True	False	standard	True
''	'xterm-16color'	-	'0'	-	True	False	False	False	None	False
''	'xterm-16color'	-	'0'	-	True	True	True	False	standard	False
''	'xterm-16color'	-	'0'	-	False	False	False	False	None	False
''	'xterm-16color'	-	'0'	-	False	True	True	False	standard	False
''	'xterm-16color'	-	'0'	''	True	False	False	False	None	False
''	'xterm-16color'	-	'0'	''	True	True	True	False	standard	False
''	'xterm-16color'	-	'0'	''	False	False	False	False	None	False
''	'xterm-16color'	-	'0'	''	False	True	True	False	standard	False
''	'xterm-16color'	-	'0'	'1'	True	False	False	False	None	True
''	'xterm-16color'	-	'0'	'1'	True	True	True	False	standard	True
''	'xterm-16color'	-	'0'	'1'	False	False	False	False	None	True
''	'xterm-16color'	-	'0'	'1'	False	True	True	False	standard	True
''	'xterm-16color'	-	'1'	-	True	False	True	False	standard	False
''	'xterm-16color'	-	'1'	-	True	True	True	False	standard	False
''	'xterm-16color'	-	'1'	-	False	False	True	False	standard	False
''	'xterm-16color'	-	'1'	-	False	True	True	False	standard	False
''	'xterm-16color'	-	'1'	''	True	False	True	False	standard	False
''	'xterm-16color'	-	'1'	''	True	True	True	False	standard	False
''	'xterm-16color'	-	'1'	''	False	False	True	False	standard	False
''	'xterm-16color'	-	'1'	''	False	True	True	False	standard	False
''	'xterm-16color'	-	'1'	'1'	True	False	True	False	standard	True
''	'xterm-16color'	-	'1'	'1'	True	True	True	False	standard	True
''	'xterm-16color'	-	'1'	'1'	False	False	True	False	standard	True
''	'xterm-16color'	-	'1'	'1'	False	True	True	False	standard	True
''	'xterm-16color'	''	-	-	True	False	False	False	None	False
''	'xterm-16color'	''	-	-	True	True	True	False	standard	False
''	'xterm-16color'	''	-	-	False	False	False	False	None	False
''	'xterm-16color'	''	-	-	False	True	True	False	standard	False
''	'xterm-16color'	''	-	''	True	False	False	False	None	False
''	'xterm-16color'	''	-	''	True	True	True	False	standard	False
''	'xterm-16color'	''	-	''	False	False	False	False	None	False
''	'xterm-16color'	''	-	''	False	True	True	False	standard	False
''	'xterm-16color'	''	-	'1'	True	False	False	False	None	True
''	'xterm-16color'	''	-	'1'	True	True	True	False	standard	True
''	'xterm-16color'	''	-	'1'	False	False	False	False	None	True
''	'xterm-16color'	''	-	'1'	False	True	True	False	standard	True
''	'xterm-16color'	''	''	-	True	False	False	False	None	False
''	'xterm-16color'	''	''	-	True	True	True	False	standard	False
''	'xterm-16color'	''	''	-	False	False	False	False	None	False
''	'xterm-16color'	''	''	-	False	True	True	False	standard	False
''	'xterm-16color'	''	''	''	True	False	False	False	None	False
''	'xterm-16color'	''	''	''	True	True	True	False	standard	False
''	'xterm-16color'	''	''	''	False	False	False	False	None	False
''	'xterm-16color'	''	''	''	False	True	True	False	standard	False
''	'xterm-16color'	''	''	'1'	True	False	False	False	None	True
''	'xterm-16color'	''	''	'1'	True	True	True	False	standard	True
''	'xterm-16color'	''	''	'1'	False	False	False	False	None	True
''	'xterm-16color'	''	''	'1'	False	True	True	False	standard	True
''	'xterm-16color'	''	'0'	-	True	False	False	False	None	False
''	'xterm-16color'	''	'0'	-	True	True	True	False	standard	False
''	'xterm-16color'	''	'0'	-	False	False	False	False	None	False
''	'xterm-16color'	''	'0'	-	False	True	True	False	standard	False
''	'xterm-16color'	''	'0'	''	True	False	False	False	None	False
''	'xterm-16color'	''	'0'	''	True	True	True	False	standard	False
''	'xterm-16color'	''	'0'	''	False	False	False	False	None	False
''	'xterm-16color'	''	'0'	''	False	True	True	False	standard	False
''	'xterm-16color'	''	'0'	'1'	True	False	False	False	None	True
''	'xterm-16color'	''	'0'	'1'	True	True	True	False	standard	True
''	'xterm-16color'	''	'0'	'1'	False	False	False	False	None	True
''	'xterm-16color'	''	'0'	'1'	False	True	True	False	standard	True
''	'xterm-16color'	''	'1'	-	True	False	True	False	standard	False
''	'xterm-16color'	''	'1'	-	True	True	True	False	standard	False
''	'xterm-16color'	''	'1'	-	False	False	True	False	standard	False
''	'xterm-16color'	''	'1'	-	False	True	True	False	standard	False
''	'xterm-16color'	''	'1'	''	True	False	True	False	standard	False
''	'xterm-16color'	''	'1'	''	True	True	True	False	standard	False
''	'xterm-16color'	''	'1'	''	False	False	True	False	standard	False
''	'xterm-16color'	''	'1'	''	False	True	True	False	standard	False
''	'xterm-16color'	''	'1'	'1'	True	False	True	False	standard	True
''	'xterm-16color'	''	'1'	'1'	True	True	True	False	standard	True
''	'xterm-16color'	''	'1'	'1'	False	False	True	False	standard	True
''	'xterm-16color'	''	'1'	'1'	False	True	True	False	standard	True
''	'xterm-16color'	'1'	-	-	True	False	True	False	standard	False
''	'xterm-16color'	'1'	-	-	True	True	True	False	standard	False
''	'xterm-16color'	'1'	-	-	False	False	True	False	standard	False
''	'xterm-16color'	'1'	-	-	False	True	True	False	standard	False
''	'xterm-16color'	'1'	-	''	True	False	True	False	standard	False
''	'xterm-16color'	'1'	-	''	True	True	True	False	standard	False
''	'xterm-16color'	'1'	-	''	False	False	True	False	standard	False
''	'xterm-16color'	'1'	-	''	False	True	True	False	standard	False
''	'xterm-16color'	'1'	-	'1'	True	False	True	False	standard	True
''	'xterm-16color'	'1'	-	'1'	True	True	True	False	standard	True
''	'xterm-16color'	'1'	-	'1'	False	False	True	False	standard	True
''	'xterm-16color'	'1'	-	'1'	False	True	True	False	standard	True
''	'xterm-16color'	'1'	''	-	True	False	True	False	standard	False
''	'xterm-16color'	'1'	''	-	True	True	True	False	standard	False
''	'xterm-16color'	'1'	''	-	False	False	True	False	standard	False
''	'xterm-16color'	'1'	''	-	False	True	True	False	standard	False
''	'xterm-16color'	'1'	''	''	True	False	True	False	standard	False
''	'xterm-16color'	'1'	''	''	True	True	True	False	standard	False
''	'xterm-16color'	'1'	''	''	False	False	True	False	standard	False
''	'xterm-16color'	'1'	''	''	False	True	True	False	standard	False
''	'xterm-16color'	'1'	''	'1'	True	False	True	False	standard	True
''	'xterm-16color'	'1'	''	'1'	True	True	True	False	standard	True
''	'xterm-16color'	'1'	''	'1'	False	False	True	False	standard	True
''	'xterm-16color'	'1'	''	'1'	False	True	True	False	standard	True
''	'xterm-16color'	'1'	'0'	-	True	False	False	False	None	False
''	'xterm-16color'	'1'	'0'	-	True	True	True	False	standard	False
''	'xterm-16color'	'1'	'0'	-	False	False	False	False	None	False
''	'xterm-16color'	'1'	'0'	-	False	True	True	False	standard	False
''	'xterm-16color'	'1'	'0'	''	True	False	False	False	None	False
''	'xterm-16color'	'1'	'0'	''	True	True	True	False	standard	False
''	'xterm-16color'	'1'	'0'	''	False	False	False	False	None	False
''	'xterm-16color'	'1'	'0'	''	False	True	True	False	standard	False
''	'xterm-16color'	'1'	'0'	'1'	True	False	False	False	None	True
''	'xterm-16color'	'1'	'0'	'1'	True	True	True	False	standard	True
''	'xterm-16color'	'1'	'0'	'1'	False	False	False	False	None	True
''	'xterm-16color'	'1'	'0'	'1'	False	True	True	False	standard	True
''	'xterm-16color'	'1'	'1'	-	True	False	True	False	standard	False
''	'xterm-16color'	'1'	'1'	-	True	True	True	False	standard	False
''	'xterm-16color'	'1'	'1'	-	False	False	True	False	standard	False
''	'xterm-16color'	'1'	'1'	-	False	True	True	False	standard	False
''	'xterm-16color'	'1'	'1'	''	True	False	True	False	standard	False
''	'xterm-16color'	'1'	'1'	''	True	True	True	False	standard	False
''	'xterm-16color'	'1'	'1'	''	False	False	True	False	standard	False
''	'xterm-16color'	'1'	'1'	''	False	True	True	False	standard	False
''	'xterm-16color'	'1'	'1'	'1'	True	False	True	False	standard	True
''	'xterm-16color'	'1'	'1'	'1'	True	True	True	False	standard	True
''	'xterm-16color'	'1'	'1'	'1'	False	False	True	False	standard	True
''	'xterm-16color'	'1'	'1'	'1'	False	True	True	False	standard	True
''	'xterm-16color'	'0'	-	-	True	False	True	False	standard	False
''	'xterm-16color'	'0'	-	-	True	True	True	False	standard	False
''	'xterm-16color'	'0'	-	-	False	False	True	False	standard	False
''	'xterm-16color'	'0'	-	-	False	True	True	False	standard	False
''	'xterm-16color'	'0'	-	''	True	False	True	False	standard	False
''	'xterm-16color'	'0'	-	''	True	True	True	False	standard	False
''	'xterm-16color'	'0'	-	''	False	False	True	False	standard	False
''	'xterm-16color'	'0'	-	''	False	True	True	False	standard	False
''	'xterm-16color'	'0'	-	'1'	True	False	True	False	standard	True
''	'xterm-16color'	'0'	-	'1'	True	True	True	False	standard	True
''	'xterm-16color'	'0'	-	'1'	False	False	True	False	standard	True
''	'xterm-16color'	'0'	-	'1'	False	True	True	False	standard	True
''	'xterm-16color'	'0'	''	-	True	False	True	False	standard	False
''	'xterm-16color'	'0'	''	-	True	True	True	False	standard	False
''	'xterm-16color'	'0'	''	-	False	False	True	False	standard	False
''	'xterm-16color'	'0'	''	-	False	True	True	False	standard	False
''	'xterm-16color'	'0'	''	''	True	False	True	False	standard	False
''	'xterm-16color'	'0'	''	''	True	True	True	False	standard	False
''	'xterm-16color'	'0'	''	''	False	False	True	False	standard	False
''	'xterm-16color'	'0'	''	''	False	True	True	False	standard	False
''	'xterm-16color'	'0'	''	'1'	True	False	True	False	standard	True
''	'xterm-16color'	'0'	''	'1'	True	True	True	False	standard	True
''	'xterm-16color'	'0'	''	'1'	False	False	True	False	standard	True
''	'xterm-16color'	'0'	''	'1'	False	True	True	False	standard	True
''	'xterm-16color'	'0'	'0'	-	True	False	False	False	None	False
''	'xterm-16color'	'0'	'0'	-	True	True	True	False	standard	False
''	'xterm-16color'	'0'	'0'	-	False	False	False	False	None	False
''	'xterm-16color'	'0'	'0'	-	False	True	True	False	standard	False
''	'xterm-16color'	'0'	'0'	''	True	False	False	False	None	False
''	'xterm-16color'	'0'	'0'	''	True	True	True	False	standard	False
''	'xterm-16color'	'0'	'0'	''	False	False	False	False	None	False
''	'xterm-16color'	'0'	'0'	''	False	True	True	False	standard	False
''	'xterm-16color'	'0'	'0'	'1'	True	False	False	False	None	True
''	'xterm-16color'	'0'	'0'	'1'	True	True	True	False	standard	True
''	'xterm-16color'	'0'	'0'	'1'	False	False	False	False	None	True
''	'xterm-16color'	'0'	'0'	'1'	False	True	True	False	standard	True
''	'xterm-16color'	'0'	'1'	-	True	False	True	False	standard	False
''	'xterm-16color'	'0'	'1'	-	True	True	True	False	standard	False
''	'xterm-16color'	'0'	'1'	-	False	False	True	False	standard	False
''	'xterm-16color'	'0'	'1'	-	False	True	True	False	standard	False
''	'xterm-16color'	'0'	'1'	''	True	False	True	False	standard	False
''	'xterm-16color'	'0'	'1'	''	True	True	True	False	standard	False
''	'xterm-16color'	'0'	'1'	''	False	False	True	False	standard	False
''	'xterm-16color'	'0'	'1'	''	False	True	True	False	standard	False
''	'xterm-16color'	'0'	'1'	'1'	True	False	True	False	standard	True
''	'xterm-16color'	'0'	'1'	'1'	True	True	True	False	standard	True
''	'xterm-16color'	'0'	'1'	'1'	False	False	True	False	standard	True
''	'xterm-16color'	'0'	'1'	'1'	False	True	True	False	standard	True
''	'kitty'	-	-	-	True	False	True	False	256	False
''	'kitty'	-	-	-	True	True	True	False	256	False
''	'kitty'	-	-	-	False	False	False	False	None	False
''	'kitty'	-	-	-	False	True	True	False	256	False
''	'kitty'	-	-	''	True	False	True	False	256	False
''	'kitty'	-	-	''	True	True	True	False	256	False
''	'kitty'	-	-	''	False	False	False	False	None	False
''	'kitty'	-	-	''	False	True	True	False	256	False
''	'kitty'	-	-	'1'	True	False	True	False	256	True
''	'kitty'	-	-	'1'	True	True	True	False	256	True
''	'kitty'	-	-	'1'	False	False	False	False	None	True
''	'kitty'	-	-	'1'	False	True	True	False	256	True
''	'kitty'	-	''	-	True	False	True	False	256	False
''	'kitty'	-	''	-	True	True	True	False	256	False
''	'kitty'	-	''	-	False	False	False	False	None	False
''	'kitty'	-	''	-	False	True	True	False	256	False
''	'kitty'	-	''	''	True	False	True	False	256	False
''	'kitty'	-	''	''	True	True	True	False	256	False
''	'kitty'	-	''	''	False	False	False	False	None	False
''	'kitty'	-	''	''	False	True	True	False	256	False
''	'kitty'	-	''	'1'	True	False	True	False	256	True
''	'kitty'	-	''	'1'	True	True	True	False	256	True
''	'kitty'	-	''	'1'	False	False	False	False	None	True
''	'kitty'	-	''	'1'	False	True	True	False	256	True
''	'kitty'	-	'0'	-	True	False	False	False	None	False
''	'kitty'	-	'0'	-	True	True	True	False	256	False
''	'kitty'	-	'0'	-	False	False	False	False	None	False
''	'kitty'	-	'0'	-	False	True	True	False	256	False
''	'kitty'	-	'0'	''	True	False	False	False	None	False
''	'kitty'	-	'0'	''	True	True	True	False	256	False
''	'kitty'	-	'0'	''	False	False	False	False	None	False
''	'kitty'	-	'0'	''	False	True	True	False	256	False
''	'kitty'	-	'0'	'1'	True	False	False	False	None	True
''	'kitty'	-	'0'	'1'	True	True	True	False	256	True
''	'kitty'	-	'0'	'1'	False	False	False	False	None	True
''	'kitty'	-	'0'	'1'	False	True	True	False	256	True
''	'kitty'	-	'1'	-	True	False	True	False	256	False
''	'kitty'	-	'1'	-	True	True	True	False	256	False
''	'kitty'	-	'1'	-	False	False	True	False	256	False
''	'kitty'	-	'1'	-	False	True	True	False	256	False
''	'kitty'	-	'1'	''	True	False	True	False	256	False
''	'kitty'	-	'1'	''	True	True	True	False	256	False
''	'kitty'	-	'1'	''	False	False	True	False	256	False
''	'kitty'	-	'1'	''	False	True	True	False	256	False
''	'kitty'	-	'1'	'1'	True	False	True	False	256	True
''	'kitty'	-	'1'	'1'	True	True	True	False	256	True
''	'kitty'	-	'1'	'1'	False	False	True	False	256	True
''	'kitty'	-	'1'	'1'	False	True	True	False	256	True
''	'kitty'	''	-	-	True	False	False	False	None	False
''	'kitty'	''	-	-	True	True	True	False	256	False
''	'kitty'	''	-	-	False	False	False	False	None	False
''	'kitty'	''	-	-	False	True	True	False	256	False
''	'kitty'	''	-	''	True	False	False	False	None	False
''	'kitty'	''	-	''	True	True	True	False	256	False
''	'kitty'	''	-	''	False	False	False	False	None	False
''	'kitty'	''	-	''	False	True	True	False	256	False
''	'kitty'	''	-	'1'	True	False	False	False	None	True
''	'kitty'	''	-	'1'	True	True	True	False	256	True
''	'kitty'	''	-	'1'	False	False	False	False	None	True
''	'kitty'	''	-	'1'	False	True	True	False	256	True
''	'kitty'	''	''	-	True	False	False	False	None	False
''	'kitty'	''	''	-	True	True	True	False	256	False
''	'kitty'	''	''	-	False	False	False	False	None	False
''	'kitty'	''	''	-	False	True	True	False	256	False
''	'kitty'	''	''	''	True	False	False	False	None	False
''	'kitty'	''	''	''	True	True	True	False	256	False
''	'kitty'	''	''	''	False	False	False	False	None	False
''	'kitty'	''	''	''	False	True	True	False	256	False
''	'kitty'	''	''	'1'	True	False	False	False	None	True
''	'kitty'	''	''	'1'	True	True	True	False	256	True
''	'kitty'	''	''	'1'	False	False	False	False	None	True
''	'kitty'	''	''	'1'	False	True	True	False	256	True
''	'kitty'	''	'0'	-	True	False	False	False	None	False
''	'kitty'	''	'0'	-	True	True	True	False	256	False
''	'kitty'	''	'0'	-	False	False	False	False	None	False
''	'kitty'	''	'0'	-	False	True	True	False	256	False
''	'kitty'	''	'0'	''	True	False	False	False	None	False
''	'kitty'	''	'0'	''	True	True	True	False	256	False
''	'kitty'	''	'0'	''	False	False	False	False	None	False
''	'kitty'	''	'0'	''	False	True	True	False	256	False
''	'kitty'	''	'0'	'1'	True	False	False	False	None	True
''	'kitty'	''	'0'	'1'	True	True	True	False	256	True
''	'kitty'	''	'0'	'1'	False	False	False	False	None	True
''	'kitty'	''	'0'	'1'	False	True	True	False	256	True
''	'kitty'	''	'1'	-	True	False	True	False	256	False
''	'kitty'	''	'1'	-	True	True	True	False	256	False
''	'kitty'	''	'1'	-	False	False	True	False	256	False
''	'kitty'	''	'1'	-	False	True	True	False	256	False
''	'kitty'	''	'1'	''	True	False	True	False	256	False
''	'kitty'	''	'1'	''	True	True	True	False	256	False
''	'kitty'	''	'1'	''	False	False	True	False	256	False
''	'kitty'	''	'1'	''	False	True	True	False	256	False
''	'kitty'	''	'1'	'1'	True	False	True	False	256	True
''	'kitty'	''	'1'	'1'	True	True	True	False	256	True
''	'kitty'	''	'1'	'1'	False	False	True	False	256	True
''	'kitty'	''	'1'	'1'	False	True	True	False	256	True
''	'kitty'	'1'	-	-	True	False	True	False	256	False
''	'kitty'	'1'	-	-	True	True	True	False	256	False
''	'kitty'	'1'	-	-	False	False	True	False	256	False
''	'kitty'	'1'	-	-	False	True	True	False	256	False
''	'kitty'	'1'	-	''	True	False	True	False	256	False
''	'kitty'	'1'	-	''	True	True	True	False	256	False
''	'kitty'	'1'	-	''	False	False	True	False	256	False
''	'kitty'	'1'	-	''	False	True	True	False	256	False
''	'kitty'	'1'	-	'1'	True	False	True	False	256	True
''	'kitty'	'1'	-	'1'	True	True	True	False	256	True
''	'kitty'	'1'	-	'1'	False	False	True	False	256	True
''	'kitty'	'1'	-	'1'	False	True	True	False	256	True
''	'kitty'	'1'	''	-	True	False	True	False	256	False
''	'kitty'	'1'	''	-	True	True	True	False	256	False
''	'kitty'	'1'	''	-	False	False	True	False	256	False
''	'kitty'	'1'	''	-	False	True	True	False	256	False
''	'kitty'	'1'	''	''	True	False	True	False	256	False
''	'kitty'	'1'	''	''	True	True	True	False	256	False
''	'kitty'	'1'	''	''	False	False	True	False	256	False
''	'kitty'	'1'	''	''	False	True	True	False	256	False
''	'kitty'	'1'	''	'1'	True	False	True	False	256	True
''	'kitty'	'1'	''	'1'	True	True	True	False	256	True
''	'kitty'	'1'	''	'1'	False	False	True	False	256	True
''	'kitty'	'1'	''	'1'	False	True	True	False	256	True
''	'kitty'	'1'	'0'	-	True	False	False	False	None	False
''	'kitty'	'1'	'0'	-	True	True	True	False	256	False
''	'kitty'	'1'	'0'	-	False	False	False	False	None	False
''	'kitty'	'1'	'0'	-	False	True	True	False	256	False
''	'kitty'	'1'	'0'	''	True	False	False	False	None	False
''	'kitty'	'1'	'0'	''	True	True	True	False	256	False
''	'kitty'	'1'	'0'	''	False	False	False	False	None	False
''	'kitty'	'1'	'0'	''	False	True	True	False	256	False
''	'kitty'	'1'	'0'	'1'	True	False	False	False	None	True
''	'kitty'	'1'	'0'	'1'	True	True	True	False	256	True
''	'kitty'	'1'	'0'	'1'	False	False	False	False	None	True
''	'kitty'	'1'	'0'	'1'	False	True	True	False	256	True
''	'kitty'	'1'	'1'	-	True	False	True	False	256	False
''	'kitty'	'1'	'1'	-	True	True	True	False	256	False
''	'kitty'	'1'	'1'	-	False	False	True	False	256	False
''	'kitty'	'1'	'1'	-	False	True	True	False	256	False
''	'kitty'	'1'	'1'	''	True	False	True	False	256	False
''	'kitty'	'1'	'1'	''	True	True	True	False	256	False
''	'kitty'	'1'	'1'	''	False	False	True	False	256	False
''	'kitty'	'1'	'1'	''	False	True	True	False	256	False
''	'kitty'	'1'	'1'	'1'	True	False	True	False	256	True
''	'kitty'	'1'	'1'	'1'	True	True	True	False	256	True
''	'kitty'	'1'	'1'	'1'	False	False	True	False	256	True
''	'kitty'	'1'	'1'	'1'	False	True	True	False	256	True
''	'kitty'	'0'	-	-	True	False	True	False	256	False
''	'kitty'	'0'	-	-	True	True	True	False	256	False
''	'kitty'	'0'	-	-	False	False	True	False	256	False
''	'kitty'	'0'	-	-	False	True	True	False	256	False
''	'kitty'	'0'	-	''	True	False	True	False	256	False
''	'kitty'	'0'	-	''	True	True	True	False	256	False
''	'kitty'	'0'	-	''	False	False	True	False	256	False
''	'kitty'	'0'	-	''	False	True	True	False	256	False
''	'kitty'	'0'	-	'1'	True	False	True	False	256	True
''	'kitty'	'0'	-	'1'	True	True	True	False	256	True
''	'kitty'	'0'	-	'1'	False	False	True	False	256	True
''	'kitty'	'0'	-	'1'	False	True	True	False	256	True
''	'kitty'	'0'	''	-	True	False	True	False	256	False
''	'kitty'	'0'	''	-	True	True	True	False	256	False
''	'kitty'	'0'	''	-	False	False	True	False	256	False
''	'kitty'	'0'	''	-	False	True	True	False	256	False
''	'kitty'	'0'	''	''	True	False	True	False	256	False
''	'kitty'	'0'	''	''	True	True	True	False	256	False
''	'kitty'	'0'	''	''	False	False	True	False	256	False
''	'kitty'	'0'	''	''	False	True	True	False	256	False
''	'kitty'	'0'	''	'1'	True	False	True	False	256	True
''	'kitty'	'0'	''	'1'	True	True	True	False	256	True
''	'kitty'	'0'	''	'1'	False	False	True	False	256	True
''	'kitty'	'0'	''	'1'	False	True	True	False	256	True
''	'kitty'	'0'	'0'	-	True	False	False	False	None	False
''	'kitty'	'0'	'0'	-	True	True	True	False	256	False
''	'kitty'	'0'	'0'	-	False	False	False	False	None	False
''	'kitty'	'0'	'0'	-	False	True	True	False	256	False
''	'kitty'	'0'	'0'	''	True	False	False	False	None	False
''	'kitty'	'0'	'0'	''	True	True	True	False	256	False
''	'kitty'	'0'	'0'	''	False	False	False	False	None	False
''	'kitty'	'0'	'0'	''	False	True	True	False	256	False
''	'kitty'	'0'	'0'	'1'	True	False	False	False	None	True
''	'kitty'	'0'	'0'	'1'	True	True	True	False	256	True
''	'kitty'	'0'	'0'	'1'	False	False	False	False	None	True
''	'kitty'	'0'	'0'	'1'	False	True	True	False	256	True
''	'kitty'	'0'	'1'	-	True	False	True	False	256	False
''	'kitty'	'0'	'1'	-	True	True	True	False	256	False
''	'kitty'	'0'	'1'	-	False	False	True	False	256	False
''	'kitty'	'0'	'1'	-	False	True	True	False	256	False
''	'kitty'	'0'	'1'	''	True	False	True	False	256	False
''	'kitty'	'0'	'1'	''	True	True	True	False	256	False
''	'kitty'	'0'	'1'	''	False	False	True	False	256	False
''	'kitty'	'0'	'1'	''	False	True	True	False	256	False
''	'kitty'	'0'	'1'	'1'	True	False	True	False	256	True
''	'kitty'	'0'	'1'	'1'	True	True	True	False	256	True
''	'kitty'	'0'	'1'	'1'	False	False	True	False	256	True
''	'kitty'	'0'	'1'	'1'	False	True	True	False	256	True
''	'screen-256color'	-	-	-	True	False	True	False	256	False
''	'screen-256color'	-	-	-	True	True	True	False	256	False
''	'screen-256color'	-	-	-	False	False	False	False	None	False
''	'screen-256color'	-	-	-	False	True	True	False	256	False
''	'screen-256color'	-	-	''	True	False	True	False	256	False
''	'screen-256color'	-	-	''	True	True	True	False	256	False
''	'screen-256color'	-	-	''	False	False	False	False	None	False
''	'screen-256color'	-	-	''	False	True	True	False	256	False
''	'screen-256color'	-	-	'1'	True	False	True	False	256	True
''	'screen-256color'	-	-	'1'	True	True	True	False	256	True
''	'screen-256color'	-	-	'1'	False	False	False	False	None	True
''	'screen-256color'	-	-	'1'	False	True	True	False	256	True
''	'screen-256color'	-	''	-	True	False	True	False	256	False
''	'screen-256color'	-	''	-	True	True	True	False	256	False
''	'screen-256color'	-	''	-	False	False	False	False	None	False
''	'screen-256color'	-	''	-	False	True	True	False	256	False
''	'screen-256color'	-	''	''	True	False	True	False	256	False
''	'screen-256color'	-	''	''	True	True	True	False	256	False
''	'screen-256color'	-	''	''	False	False	False	False	None	False
''	'screen-256color'	-	''	''	False	True	True	False	256	False
''	'screen-256color'	-	''	'1'	True	False	True	False	256	True
''	'screen-256color'	-	''	'1'	True	True	True	False	256	True
''	'screen-256color'	-	''	'1'	False	False	False	False	None	True
''	'screen-256color'	-	''	'1'	False	True	True	False	256	True
''	'screen-256color'	-	'0'	-	True	False	False	False	None	False
''	'screen-256color'	-	'0'	-	True	True	True	False	256	False
''	'screen-256color'	-	'0'	-	False	False	False	False	None	False
''	'screen-256color'	-	'0'	-	False	True	True	False	256	False
''	'screen-256color'	-	'0'	''	True	False	False	False	None	False
''	'screen-256color'	-	'0'	''	True	True	True	False	256	False
''	'screen-256color'	-	'0'	''	False	False	False	False	None	False
''	'screen-256color'	-	'0'	''	False	True	True	False	256	False
''	'screen-256color'	-	'0'	'1'	True	False	False	False	None	True
''	'screen-256color'	-	'0'	'1'	True	True	True	False	256	True
''	'screen-256color'	-	'0'	'1'	False	False	False	False	None	True
''	'screen-256color'	-	'0'	'1'	False	True	True	False	256	True
''	'screen-256color'	-	'1'	-	True	False	True	False	256	False
''	'screen-256color'	-	'1'	-	True	True	True	False	256	False
''	'screen-256color'	-	'1'	-	False	False	True	False	256	False
''	'screen-256color'	-	'1'	-	False	True	True	False	256	False
''	'screen-256color'	-	'1'	''	True	False	True	False	256	False
''	'screen-256color'	-	'1'	''	True	True	True	False	256	False
''	'screen-256color'	-	'1'	''	False	False	True	False	256	False
''	'screen-256color'	-	'1'	''	False	True	True	False	256	False
''	'screen-256color'	-	'1'	'1'	True	False	True	False	256	True
''	'screen-256color'	-	'1'	'1'	True	True	True	False	256	True
''	'screen-256color'	-	'1'	'1'	False	False	True	False	256	True
''	'screen-256color'	-	'1'	'1'	False	True	True	False	256	True
''	'screen-256color'	''	-	-	True	False	False	False	None	False
''	'screen-256color'	''	-	-	True	True	True	False	256	False
''	'screen-256color'	''	-	-	False	False	False	False	None	False
''	'screen-256color'	''	-	-	False	True	True	False	256	False
''	'screen-256color'	''	-	''	True	False	False	False	None	False
''	'screen-256color'	''	-	''	True	True	True	False	256	False
''	'screen-256color'	''	-	''	False	False	False	False	None	False
''	'screen-256color'	''	-	''	False	True	True	False	256	False
''	'screen-256color'	''	-	'1'	True	False	False	False	None	True
''	'screen-256color'	''	-	'1'	True	True	True	False	256	True
''	'screen-256color'	''	-	'1'	False	False	False	False	None	True
''	'screen-256color'	''	-	'1'	False	True	True	False	256	True
''	'screen-256color'	''	''	-	True	False	False	False	None	False
''	'screen-256color'	''	''	-	True	True	True	False	256	False
''	'screen-256color'	''	''	-	False	False	False	False	None	False
''	'screen-256color'	''	''	-	False	True	True	False	256	False
''	'screen-256color'	''	''	''	True	False	False	False	None	False
''	'screen-256color'	''	''	''	True	True	True	False	256	False
''	'screen-256color'	''	''	''	False	False	False	False	None	False
''	'screen-256color'	''	''	''	False	True	True	False	256	False
''	'screen-256color'	''	''	'1'	True	False	False	False	None	True
''	'screen-256color'	''	''	'1'	True	True	True	False	256	True
''	'screen-256color'	''	''	'1'	False	False	False	False	None	True
''	'screen-256color'	''	''	'1'	False	True	True	False	256	True
''	'screen-256color'	''	'0'	-	True	False	False	False	None	False
''	'screen-256color'	''	'0'	-	True	True	True	False	256	False
''	'screen-256color'	''	'0'	-	False	False	False	False	None	False
''	'screen-256color'	''	'0'	-	False	True	True	False	256	False
''	'screen-256color'	''	'0'	''	True	False	False	False	None	False
''	'screen-256color'	''	'0'	''	True	True	True	False	256	False
''	'screen-256color'	''	'0'	''	False	False	False	False	None	False
''	'screen-256color'	''	'0'	''	False	True	True	False	256	False
''	'screen-256color'	''	'0'	'1'	True	False	False	False	None	True
''	'screen-256color'	''	'0'	'1'	True	True	True	False	256	True
''	'screen-256color'	''	'0'	'1'	False	False	False	False	None	True
''	'screen-256color'	''	'0'	'1'	False	True	True	False	256	True
''	'screen-256color'	''	'1'	-	True	False	True	False	256	False
''	'screen-256color'	''	'1'	-	True	True	True	False	256	False
''	'screen-256color'	''	'1'	-	False	False	True	False	256	False
''	'screen-256color'	''	'1'	-	False	True	True	False	256	False
''	'screen-256color'	''	'1'	''	True	False	True	False	256	False
''	'screen-256color'	''	'1'	''	True	True	True	False	256	False
''	'screen-256color'	''	'1'	''	False	False	True	False	256	False
''	'screen-256color'	''	'1'	''	False	True	True	False	256	False
''	'screen-256color'	''	'1'	'1'	True	False	True	False	256	True
''	'screen-256color'	''	'1'	'1'	True	True	True	False	256	True
''	'screen-256color'	''	'1'	'1'	False	False	True	False	256	True
''	'screen-256color'	''	'1'	'1'	False	True	True	False	256	True
''	'screen-256color'	'1'	-	-	True	False	True	False	256	False
''	'screen-256color'	'1'	-	-	True	True	True	False	256	False
''	'screen-256color'	'1'	-	-	False	False	True	False	256	False
''	'screen-256color'	'1'	-	-	False	True	True	False	256	False
''	'screen-256color'	'1'	-	''	True	False	True	False	256	False
''	'screen-256color'	'1'	-	''	True	True	True	False	256	False
''	'screen-256color'	'1'	-	''	False	False	True	False	256	False
''	'screen-256color'	'1'	-	''	False	True	True	False	256	False
''	'screen-256color'	'1'	-	'1'	True	False	True	False	256	True
''	'screen-256color'	'1'	-	'1'	True	True	True	False	256	True
''	'screen-256color'	'1'	-	'1'	False	False	True	False	256	True
''	'screen-256color'	'1'	-	'1'	False	True	True	False	256	True
''	'screen-256color'	'1'	''	-	True	False	True	False	256	False
''	'screen-256color'	'1'	''	-	True	True	True	False	256	False
''	'screen-256color'	'1'	''	-	False	False	True	False	256	False
''	'screen-256color'	'1'	''	-	False	True	True	False	256	False
''	'screen-256color'	'1'	''	''	True	False	True	False	256	False
''	'screen-256color'	'1'	''	''	True	True	True	False	256	False
''	'screen-256color'	'1'	''	''	False	False	True	False	256	False
''	'screen-256color'	'1'	''	''	False	True	True	False	256	False
''	'screen-256color'	'1'	''	'1'	True	False	True	False	256	True
''	'screen-256color'	'1'	''	'1'	True	True	True	False	256	True
''	'screen-256color'	'1'	''	'1'	False	False	True	False	256	True
''	'screen-256color'	'1'	''	'1'	False	True	True	False	256	True
''	'screen-256color'	'1'	'0'	-	True	False	False	False	None	False
''	'screen-256color'	'1'	'0'	-	True	True	True	False	256	False
''	'screen-256color'	'1'	'0'	-	False	False	False	False	None	False
''	'screen-256color'	'1'	'0'	-	False	True	True	False	256	False
''	'screen-256color'	'1'	'0'	''	True	False	False	False	None	False
''	'screen-256color'	'1'	'0'	''	True	True	True	False	256	False
''	'screen-256color'	'1'	'0'	''	False	False	False	False	None	False
''	'screen-256color'	'1'	'0'	''	False	True	True	False	256	False
''	'screen-256color'	'1'	'0'	'1'	True	False	False	False	None	True
''	'screen-256color'	'1'	'0'	'1'	True	True	True	False	256	True
''	'screen-256color'	'1'	'0'	'1'	False	False	False	False	None	True
''	'screen-256color'	'1'	'0'	'1'	False	True	True	False	256	True
''	'screen-256color'	'1'	'1'	-	True	False	True	False	256	False
''	'screen-256color'	'1'	'1'	-	True	True	True	False	256	False
''	'screen-256color'	'1'	'1'	-	False	False	True	False	256	False
''	'screen-256color'	'1'	'1'	-	False	True	True	False	256	False
''	'screen-256color'	'1'	'1'	''	True	False	True	False	256	False
''	'screen-256color'	'1'	'1'	''	True	True	True	False	256	False
''	'screen-256color'	'1'	'1'	''	False	False	True	False	256	False
''	'screen-256color'	'1'	'1'	''	False	True	True	False	256	False
''	'screen-256color'	'1'	'1'	'1'	True	False	True	False	256	True
''	'screen-256color'	'1'	'1'	'1'	True	True	True	False	256	True
''	'screen-256color'	'1'	'1'	'1'	False	False	True	False	256	True
''	'screen-256color'	'1'	'1'	'1'	False	True	True	False	256	True
''	'screen-256color'	'0'	-	-	True	False	True	False	256	False
''	'screen-256color'	'0'	-	-	True	True	True	False	256	False
''	'screen-256color'	'0'	-	-	False	False	True	False	256	False
''	'screen-256color'	'0'	-	-	False	True	True	False	256	False
''	'screen-256color'	'0'	-	''	True	False	True	False	256	False
''	'screen-256color'	'0'	-	''	True	True	True	False	256	False
''	'screen-256color'	'0'	-	''	False	False	True	False	256	False
''	'screen-256color'	'0'	-	''	False	True	True	False	256	False
''	'screen-256color'	'0'	-	'1'	True	False	True	False	256	True
''	'screen-256color'	'0'	-	'1'	True	True	True	False	256	True
''	'screen-256color'	'0'	-	'1'	False	False	True	False	256	True
''	'screen-256color'	'0'	-	'1'	False	True	True	False	256	True
''	'screen-256color'	'0'	''	-	True	False	True	False	256	False
''	'screen-256color'	'0'	''	-	True	True	True	False	256	False
''	'screen-256color'	'0'	''	-	False	False	True	False	256	False
''	'screen-256color'	'0'	''	-	False	True	True	False	256	False
''	'screen-256color'	'0'	''	''	True	False	True	False	256	False
''	'screen-256color'	'0'	''	''	True	True	True	False	256	False
''	'screen-256color'	'0'	''	''	False	False	True	False	256	False
''	'screen-256color'	'0'	''	''	False	True	True	False	256	False
''	'screen-256color'	'0'	''	'1'	True	False	True	False	256	True
''	'screen-256color'	'0'	''	'1'	True	True	True	False	256	True
''	'screen-256color'	'0'	''	'1'	False	False	True	False	256	True
''	'screen-256color'	'0'	''	'1'	False	True	True	False	256	True
''	'screen-256color'	'0'	'0'	-	True	False	False	False	None	False
''	'screen-256color'	'0'	'0'	-	True	True	True	False	256	False
''	'screen-256color'	'0'	'0'	-	False	False	False	False	None	False
''	'screen-256color'	'0'	'0'	-	False	True	True	False	256	False
''	'screen-256color'	'0'	'0'	''	True	False	False	False	None	False
''	'screen-256color'	'0'	'0'	''	True	True	True	False	256	False
''	'screen-256color'	'0'	'0'	''	False	False	False	False	None	False
''	'screen-256color'	'0'	'0'	''	False	True	True	False	256	False
''	'screen-256color'	'0'	'0'	'1'	True	False	False	False	None	True
''	'screen-256color'	'0'	'0'	'1'	True	True	True	False	256	True
''	'screen-256color'	'0'	'0'	'1'	False	False	False	False	None	True
''	'screen-256color'	'0'	'0'	'1'	False	True	True	False	256	True
''	'screen-256color'	'0'	'1'	-	True	False	True	False	256	False
''	'screen-256color'	'0'	'1'	-	True	True	True	False	256	False
''	'screen-256color'	'0'	'1'	-	False	False	True	False	256	False
''	'screen-256color'	'0'	'1'	-	False	True	True	False	256	False
''	'screen-256color'	'0'	'1'	''	True	False	True	False	256	False
''	'screen-256color'	'0'	'1'	''	True	True	True	False	256	False
''	'screen-256color'	'0'	'1'	''	False	False	True	False	256	False
''	'screen-256color'	'0'	'1'	''	False	True	True	False	256	False
''	'screen-256color'	'0'	'1'	'1'	True	False	True	False	256	True
''	'screen-256color'	'0'	'1'	'1'	True	True	True	False	256	True
''	'screen-256color'	'0'	'1'	'1'	False	False	True	False	256	True
''	'screen-256color'	'0'	'1'	'1'	False	True	True	False	256	True
'truecolor'	-	-	-	-	True	False	True	False	truecolor	False
'truecolor'	-	-	-	-	True	True	True	False	truecolor	False
'truecolor'	-	-	-	-	False	False	False	False	None	False
'truecolor'	-	-	-	-	False	True	True	False	truecolor	False
'truecolor'	-	-	-	''	True	False	True	False	truecolor	False
'truecolor'	-	-	-	''	True	True	True	False	truecolor	False
'truecolor'	-	-	-	''	False	False	False	False	None	False
'truecolor'	-	-	-	''	False	True	True	False	truecolor	False
'truecolor'	-	-	-	'1'	True	False	True	False	truecolor	True
'truecolor'	-	-	-	'1'	True	True	True	False	truecolor	True
'truecolor'	-	-	-	'1'	False	False	False	False	None	True
'truecolor'	-	-	-	'1'	False	True	True	False	truecolor	True
'truecolor'	-	-	''	-	True	False	True	False	truecolor	False
'truecolor'	-	-	''	-	True	True	True	False	truecolor	False
'truecolor'	-	-	''	-	False	False	False	False	None	False
'truecolor'	-	-	''	-	False	True	True	False	truecolor	False
'truecolor'	-	-	''	''	True	False	True	False	truecolor	False
'truecolor'	-	-	''	''	True	True	True	False	truecolor	False
'truecolor'	-	-	''	''	False	False	False	False	None	False
'truecolor'	-	-	''	''	False	True	True	False	truecolor	False
'truecolor'	-	-	''	'1'	True	False	True	False	truecolor	True
'truecolor'	-	-	''	'1'	True	True	True	False	truecolor	True
'truecolor'	-	-	''	'1'	False	False	False	False	None	True
'truecolor'	-	-	''	'1'	False	True	True	False	truecolor	True
'truecolor'	-	-	'0'	-	True	False	False	False	None	False
'truecolor'	-	-	'0'	-	True	True	True	False	truecolor	False
'truecolor'	-	-	'0'	-	False	False	False	False	None	False
'truecolor'	-	-	'0'	-	False	True	True	False	truecolor	False
'truecolor'	-	-	'0'	''	True	False	False	False	None	False
'truecolor'	-	-	'0'	''	True	True	True	False	truecolor	False
'truecolor'	-	-	'0'	''	False	False	False	False	None	False
'truecolor'	-	-	'0'	''	False	True	True	False	truecolor	False
'truecolor'	-	-	'0'	'1'	True	False	False	False	None	True
'truecolor'	-	-	'0'	'1'	True	True	True	False	truecolor	True
'truecolor'	-	-	'0'	'1'	False	False	False	False	None	True
'truecolor'	-	-	'0'	'1'	False	True	True	False	truecolor	True
'truecolor'	-	-	'1'	-	True	False	True	False	truecolor	False
'truecolor'	-	-	'1'	-	True	True	True	False	truecolor	False
'truecolor'	-	-	'1'	-	False	False	True	False	truecolor	False
'truecolor'	-	-	'1'	-	False	True	True	False	truecolor	False
'truecolor'	-	-	'1'	''	True	False	True	False	truecolor	False
'truecolor'	-	-	'1'	''	True	True	True	False	truecolor	False
'truecolor'	-	-	'1'	''	False	False	True	False	truecolor	False
'truecolor'	-	-	'1'	''	False	True	True	False	truecolor	False
'truecolor'	-	-	'1'	'1'	True	False	True	False	truecolor	True
'truecolor'	-	-	'1'	'1'	True	True	True	False	truecolor	True
'truecolor'	-	-	'1'	'1'	False	False	True	False	truecolor	True
'truecolor'	-	-	'1'	'1'	False	True	True	False	truecolor	True
'truecolor'	-	''	-	-	True	False	False	False	None	False
'truecolor'	-	''	-	-	True	True	True	False	truecolor	False
'truecolor'	-	''	-	-	False	False	False	False	None	False
'truecolor'	-	''	-	-	False	True	True	False	truecolor	False
'truecolor'	-	''	-	''	True	False	False	False	None	False
'truecolor'	-	''	-	''	True	True	True	False	truecolor	False
'truecolor'	-	''	-	''	False	False	False	False	None	False
'truecolor'	-	''	-	''	False	True	True	False	truecolor	False
'truecolor'	-	''	-	'1'	True	False	False	False	None	True
'truecolor'	-	''	-	'1'	True	True	True	False	truecolor	True
'truecolor'	-	''	-	'1'	False	False	False	False	None	True
'truecolor'	-	''	-	'1'	False	True	True	False	truecolor	True
'truecolor'	-	''	''	-	True	False	False	False	None	False
'truecolor'	-	''	''	-	True	True	True	False	truecolor	False
'truecolor'	-	''	''	-	False	False	False	False	None	False
'truecolor'	-	''	''	-	False	True	True	False	truecolor	False
'truecolor'	-	''	''	''	True	False	False	False	None	False
'truecolor'	-	''	''	''	True	True	True	False	truecolor	False
'truecolor'	-	''	''	''	False	False	False	False	None	False
'truecolor'	-	''	''	''	False	True	True	False	truecolor	False
'truecolor'	-	''	''	'1'	True	False	False	False	None	True
'truecolor'	-	''	''	'1'	True	True	True	False	truecolor	True
'truecolor'	-	''	''	'1'	False	False	False	False	None	True
'truecolor'	-	''	''	'1'	False	True	True	False	truecolor	True
'truecolor'	-	''	'0'	-	True	False	False	False	None	False
'truecolor'	-	''	'0'	-	True	True	True	False	truecolor	False
'truecolor'	-	''	'0'	-	False	False	False	False	None	False
'truecolor'	-	''	'0'	-	False	True	True	False	truecolor	False
'truecolor'	-	''	'0'	''	True	False	False	False	None	False
'truecolor'	-	''	'0'	''	True	True	True	False	truecolor	False
'truecolor'	-	''	'0'	''	False	False	False	False	None	False
'truecolor'	-	''	'0'	''	False	True	True	False	truecolor	False
'truecolor'	-	''	'0'	'1'	True	False	False	False	None	True
'truecolor'	-	''	'0'	'1'	True	True	True	False	truecolor	True
'truecolor'	-	''	'0'	'1'	False	False	False	False	None	True
'truecolor'	-	''	'0'	'1'	False	True	True	False	truecolor	True
'truecolor'	-	''	'1'	-	True	False	True	False	truecolor	False
'truecolor'	-	''	'1'	-	True	True	True	False	truecolor	False
'truecolor'	-	''	'1'	-	False	False	True	False	truecolor	False
'truecolor'	-	''	'1'	-	False	True	True	False	truecolor	False
'truecolor'	-	''	'1'	''	True	False	True	False	truecolor	False
'truecolor'	-	''	'1'	''	True	True	True	False	truecolor	False
'truecolor'	-	''	'1'	''	False	False	True	False	truecolor	False
'truecolor'	-	''	'1'	''	False	True	True	False	truecolor	False
'truecolor'	-	''	'1'	'1'	True	False	True	False	truecolor	True
'truecolor'	-	''	'1'	'1'	True	True	True	False	truecolor	True
'truecolor'	-	''	'1'	'1'	False	False	True	False	truecolor	True
'truecolor'	-	''	'1'	'1'	False	True	True	False	truecolor	True
'truecolor'	-	'1'	-	-	True	False	True	False	truecolor	False
'truecolor'	-	'1'	-	-	True	True	True	False	truecolor	False
'truecolor'	-	'1'	-	-	False	False	True	False	truecolor	False
'truecolor'	-	'1'	-	-	False	True	True	False	truecolor	False
'truecolor'	-	'1'	-	''	True	False	True	False	truecolor	False
'truecolor'	-	'1'	-	''	True	True	True	False	truecolor	False
'truecolor'	-	'1'	-	''	False	False	True	False	truecolor	False
'truecolor'	-	'1'	-	''	False	True	True	False	truecolor	False
'truecolor'	-	'1'	-	'1'	True	False	True	False	truecolor	True
'truecolor'	-	'1'	-	'1'	True	True	True	False	truecolor	True
'truecolor'	-	'1'	-	'1'	False	False	True	False	truecolor	True
'truecolor'	-	'1'	-	'1'	False	True	True	False	truecolor	True
'truecolor'	-	'1'	''	-	True	False	True	False	truecolor	False
'truecolor'	-	'1'	''	-	True	True	True	False	truecolor	False
'truecolor'	-	'1'	''	-	False	False	True	False	truecolor	False
'truecolor'	-	'1'	''	-	False	True	True	False	truecolor	False
'truecolor'	-	'1'	''	''	True	False	True	False	truecolor	False
'truecolor'	-	'1'	''	''	True	True	True	False	truecolor	False
'truecolor'	-	'1'	''	''	False	False	True	False	truecolor	False
'truecolor'	-	'1'	''	''	False	True	True	False	truecolor	False
'truecolor'	-	'1'	''	'1'	True	False	True	False	truecolor	True
'truecolor'	-	'1'	''	'1'	True	True	True	False	truecolor	True
'truecolor'	-	'1'	''	'1'	False	False	True	False	truecolor	True
'truecolor'	-	'1'	''	'1'	False	True	True	False	truecolor	True
'truecolor'	-	'1'	'0'	-	True	False	False	False	None	False
'truecolor'	-	'1'	'0'	-	True	True	True	False	truecolor	False
'truecolor'	-	'1'	'0'	-	False	False	False	False	None	False
'truecolor'	-	'1'	'0'	-	False	True	True	False	truecolor	False
'truecolor'	-	'1'	'0'	''	True	False	False	False	None	False
'truecolor'	-	'1'	'0'	''	True	True	True	False	truecolor	False
'truecolor'	-	'1'	'0'	''	False	False	False	False	None	False
'truecolor'	-	'1'	'0'	''	False	True	True	False	truecolor	False
'truecolor'	-	'1'	'0'	'1'	True	False	False	False	None	True
'truecolor'	-	'1'	'0'	'1'	True	True	True	False	truecolor	True
'truecolor'	-	'1'	'0'	'1'	False	False	False	False	None	True
'truecolor'	-	'1'	'0'	'1'	False	True	True	False	truecolor	True
'truecolor'	-	'1'	'1'	-	True	False	True	False	truecolor	False
'truecolor'	-	'1'	'1'	-	True	True	True	False	truecolor	False
'truecolor'	-	'1'	'1'	-	False	False	True	False	truecolor	False
'truecolor'	-	'1'	'1'	-	False	True	True	False	truecolor	False
'truecolor'	-	'1'	'1'	''	True	False	True	False	truecolor	False
'truecolor'	-	'1'	'1'	''	True	True	True	False	truecolor	False
'truecolor'	-	'1'	'1'	''	False	False	True	False	truecolor	False
'truecolor'	-	'1'	'1'	''	False	True	True	False	truecolor	False
'truecolor'	-	'1'	'1'	'1'	True	False	True	False	truecolor	True
'truecolor'	-	'1'	'1'	'1'	True	True	True	False	truecolor	True
'truecolor'	-	'1'	'1'	'1'	False	False	True	False	truecolor	True
'truecolor'	-	'1'	'1'	'1'	False	True	True	False	truecolor	True
'truecolor'	-	'0'	-	-	True	False	True	False	truecolor	False
'truecolor'	-	'0'	-	-	True	True	True	False	truecolor	False
'truecolor'	-	'0'	-	-	False	False	True	False	truecolor	False
'truecolor'	-	'0'	-	-	False	True	True	False	truecolor	False
'truecolor'	-	'0'	-	''	True	False	True	False	truecolor	False
'truecolor'	-	'0'	-	''	True	True	True	False	truecolor	False
'truecolor'	-	'0'	-	''	False	False	True	False	truecolor	False
'truecolor'	-	'0'	-	''	False	True	True	False	truecolor	False
'truecolor'	-	'0'	-	'1'	True	False	True	False	truecolor	True
'truecolor'	-	'0'	-	'1'	True	True	True	False	truecolor	True
'truecolor'	-	'0'	-	'1'	False	False	True	False	truecolor	True
'truecolor'	-	'0'	-	'1'	False	True	True	False	truecolor	True
'truecolor'	-	'0'	''	-	True	False	True	False	truecolor	False
'truecolor'	-	'0'	''	-	True	True	True	False	truecolor	False
'truecolor'	-	'0'	''	-	False	False	True	False	truecolor	False
'truecolor'	-	'0'	''	-	False	True	True	False	truecolor	False
'truecolor'	-	'0'	''	''	True	False	True	False	truecolor	False
'truecolor'	-	'0'	''	''	True	True	True	False	truecolor	False
'truecolor'	-	'0'	''	''	False	False	True	False	truecolor	False
'truecolor'	-	'0'	''	''	False	True	True	False	truecolor	False
'truecolor'	-	'0'	''	'1'	True	False	True	False	truecolor	True
'truecolor'	-	'0'	''	'1'	True	True	True	False	truecolor	True
'truecolor'	-	'0'	''	'1'	False	False	True	False	truecolor	True
'truecolor'	-	'0'	''	'1'	False	True	True	False	truecolor	True
'truecolor'	-	'0'	'0'	-	True	False	False	False	None	False
'truecolor'	-	'0'	'0'	-	True	True	True	False	truecolor	False
'truecolor'	-	'0'	'0'	-	False	False	False	False	None	False
'truecolor'	-	'0'	'0'	-	False	True	True	False	truecolor	False
'truecolor'	-	'0'	'0'	''	True	False	False	False	None	False
'truecolor'	-	'0'	'0'	''	True	True	True	False	truecolor	False
'truecolor'	-	'0'	'0'	''	False	False	False	False	None	False
'truecolor'	-	'0'	'0'	''	False	True	True	False	truecolor	False
'truecolor'	-	'0'	'0'	'1'	True	False	False	False	None	True
'truecolor'	-	'0'	'0'	'1'	True	True	True	False	truecolor	True
'truecolor'	-	'0'	'0'	'1'	False	False	False	False	None	True
'truecolor'	-	'0'	'0'	'1'	False	True	True	False	truecolor	True
'truecolor'	-	'0'	'1'	-	True	False	True	False	truecolor	False
'truecolor'	-	'0'	'1'	-	True	True	True	False	truecolor	False
'truecolor'	-	'0'	'1'	-	False	False	True	False	truecolor	False
'truecolor'	-	'0'	'1'	-	False	True	True	False	truecolor	False
'truecolor'	-	'0'	'1'	''	True	False	True	False	truecolor	False
'truecolor'	-	'0'	'1'	''	True	True	True	False	truecolor	False
'truecolor'	-	'0'	'1'	''	False	False	True	False	truecolor	False
'truecolor'	-	'0'	'1'	''	False	True	True	False	truecolor	False
'truecolor'	-	'0'	'1'	'1'	True	False	True	False	truecolor	True
'truecolor'	-	'0'	'1'	'1'	True	True	True	False	truecolor	True
'truecolor'	-	'0'	'1'	'1'	False	False	True	False	truecolor	True
'truecolor'	-	'0'	'1'	'1'	False	True	True	False	truecolor	True
'truecolor'	''	-	-	-	True	False	True	False	truecolor	False
'truecolor'	''	-	-	-	True	True	True	False	truecolor	False
'truecolor'	''	-	-	-	False	False	False	False	None	False
'truecolor'	''	-	-	-	False	True	True	False	truecolor	False
'truecolor'	''	-	-	''	True	False	True	False	truecolor	False
'truecolor'	''	-	-	''	True	True	True	False	truecolor	False
'truecolor'	''	-	-	''	False	False	False	False	None	False
'truecolor'	''	-	-	''	False	True	True	False	truecolor	False
'truecolor'	''	-	-	'1'	True	False	True	False	truecolor	True
'truecolor'	''	-	-	'1'	True	True	True	False	truecolor	True
'truecolor'	''	-	-	'1'	False	False	False	False	None	True
'truecolor'	''	-	-	'1'	False	True	True	False	truecolor	True
'truecolor'	''	-	''	-	True	False	True	False	truecolor	False
'truecolor'	''	-	''	-	True	True	True	False	truecolor	False
'truecolor'	''	-	''	-	False	False	False	False	None	False
'truecolor'	''	-	''	-	False	True	True	False	truecolor	False
'truecolor'	''	-	''	''	True	False	True	False	truecolor	False
'truecolor'	''	-	''	''	True	True	True	False	truecolor	False
'truecolor'	''	-	''	''	False	False	False	False	None	False
'truecolor'	''	-	''	''	False	True	True	False	truecolor	False
'truecolor'	''	-	''	'1'	True	False	True	False	truecolor	True
'truecolor'	''	-	''	'1'	True	True	True	False	truecolor	True
'truecolor'	''	-	''	'1'	False	False	False	False	None	True
'truecolor'	''	-	''	'1'	False	True	True	False	truecolor	True
'truecolor'	''	-	'0'	-	True	False	False	False	None	False
'truecolor'	''	-	'0'	-	True	True	True	False	truecolor	False
'truecolor'	''	-	'0'	-	False	False	False	False	None	False
'truecolor'	''	-	'0'	-	False	True	True	False	truecolor	False
'truecolor'	''	-	'0'	''	True	False	False	False	None	False
'truecolor'	''	-	'0'	''	True	True	True	False	truecolor	False
'truecolor'	''	-	'0'	''	False	False	False	False	None	False
'truecolor'	''	-	'0'	''	False	True	True	False	truecolor	False
'truecolor'	''	-	'0'	'1'	True	False	False	False	None	True
'truecolor'	''	-	'0'	'1'	True	True	True	False	truecolor	True
'truecolor'	''	-	'0'	'1'	False	False	False	False	None	True
'truecolor'	''	-	'0'	'1'	False	True	True	False	truecolor	True
'truecolor'	''	-	'1'	-	True	False	True	False	truecolor	False
'truecolor'	''	-	'1'	-	True	True	True	False	truecolor	False
'truecolor'	''	-	'1'	-	False	False	True	False	truecolor	False
'truecolor'	''	-	'1'	-	False	True	True	False	truecolor	False
'truecolor'	''	-	'1'	''	True	False	True	False	truecolor	False
'truecolor'	''	-	'1'	''	True	True	True	False	truecolor	False
'truecolor'	''	-	'1'	''	False	False	True	False	truecolor	False
'truecolor'	''	-	'1'	''	False	True	True	False	truecolor	False
'truecolor'	''	-	'1'	'1'	True	False	True	False	truecolor	True
'truecolor'	''	-	'1'	'1'	True	True	True	False	truecolor	True
'truecolor'	''	-	'1'	'1'	False	False	True	False	truecolor	True
'truecolor'	''	-	'1'	'1'	False	True	True	False	truecolor	True
'truecolor'	''	''	-	-	True	False	False	False	None	False
'truecolor'	''	''	-	-	True	True	True	False	truecolor	False
'truecolor'	''	''	-	-	False	False	False	False	None	False
'truecolor'	''	''	-	-	False	True	True	False	truecolor	False
'truecolor'	''	''	-	''	True	False	False	False	None	False
'truecolor'	''	''	-	''	True	True	True	False	truecolor	False
'truecolor'	''	''	-	''	False	False	False	False	None	False
'truecolor'	''	''	-	''	False	True	True	False	truecolor	False
'truecolor'	''	''	-	'1'	True	False	False	False	None	True
'truecolor'	''	''	-	'1'	True	True	True	False	truecolor	True
'truecolor'	''	''	-	'1'	False	False	False	False	None	True
'truecolor'	''	''	-	'1'	False	True	True	False	truecolor	True
'truecolor'	''	''	''	-	True	False	False	False	None	False
'truecolor'	''	''	''	-	True	True	True	False	truecolor	False
'truecolor'	''	''	''	-	False	False	False	False	None	False
'truecolor'	''	''	''	-	False	True	True	False	truecolor	False
'truecolor'	''	''	''	''	True	False	False	False	None	False
'truecolor'	''	''	''	''	True	True	True	False	truecolor	False
'truecolor'	''	''	''	''	False	False	False	False	None	False
'truecolor'	''	''	''	''	False	True	True	False	truecolor	False
'truecolor'	''	''	''	'1'	True	False	False	False	None	True
'truecolor'	''	''	''	'1'	True	True	True	False	truecolor	True
'truecolor'	''	''	''	'1'	False	False	False	False	None	True
'truecolor'	''	''	''	'1'	False	True	True	False	truecolor	True
'truecolor'	''	''	'0'	-	True	False	False	False	None	False
'truecolor'	''	''	'0'	-	True	True	True	False	truecolor	False
'truecolor'	''	''	'0'	-	False	False	False	False	None	False
'truecolor'	''	''	'0'	-	False	True	True	False	truecolor	False
'truecolor'	''	''	'0'	''	True	False	False	False	None	False
'truecolor'	''	''	'0'	''	True	True	True	False	truecolor	False
'truecolor'	''	''	'0'	''	False	False	False	False	None	False
'truecolor'	''	''	'0'	''	False	True	True	False	truecolor	False
'truecolor'	''	''	'0'	'1'	True	False	False	False	None	True
'truecolor'	''	''	'0'	'1'	True	True	True	False	truecolor	True
'truecolor'	''	''	'0'	'1'	False	False	False	False	None	True
'truecolor'	''	''	'0'	'1'	False	True	True	False	truecolor	True
'truecolor'	''	''	'1'	-	True	False	True	False	truecolor	False
'truecolor'	''	''	'1'	-	True	True	True	False	truecolor	False
'truecolor'	''	''	'1'	-	False	False	True	False	truecolor	False
'truecolor'	''	''	'1'	-	False	True	True	False	truecolor	False
'truecolor'	''	''	'1'	''	True	False	True	False	truecolor	False
'truecolor'	''	''	'1'	''	True	True	True	False	truecolor	False
'truecolor'	''	''	'1'	''	False	False	True	False	truecolor	False
'truecolor'	''	''	'1'	''	False	True	True	False	truecolor	False
'truecolor'	''	''	'1'	'1'	True	False	True	False	truecolor	True
'truecolor'	''	''	'1'	'1'	True	True	True	False	truecolor	True
'truecolor'	''	''	'1'	'1'	False	False	True	False	truecolor	True
'truecolor'	''	''	'1'	'1'	False	True	True	False	truecolor	True
'truecolor'	''	'1'	-	-	True	False	True	False	truecolor	False
'truecolor'	''	'1'	-	-	True	True	True	False	truecolor	False
'truecolor'	''	'1'	-	-	False	False	True	False	truecolor	False
'truecolor'	''	'1'	-	-	False	True	True	False	truecolor	False
'truecolor'	''	'1'	-	''	True	False	True	False	truecolor	False
'truecolor'	''	'1'	-	''	True	True	True	False	truecolor	False
'truecolor'	''	'1'	-	''	False	False	True	False	truecolor	False
'truecolor'	''	'1'	-	''	False	True	True	False	truecolor	False
'truecolor'	''	'1'	-	'1'	True	False	True	False	truecolor	True
'truecolor'	''	'1'	-	'1'	True	True	True	False	truecolor	True
'truecolor'	''	'1'	-	'1'	False	False	True	False	truecolor	True
'truecolor'	''	'1'	-	'1'	False	True	True	False	truecolor	True
'truecolor'	''	'1'	''	-	True	False	True	False	truecolor	False
'truecolor'	''	'1'	''	-	True	True	True	False	truecolor	False
'truecolor'	''	'1'	''	-	False	False	True	False	truecolor	False
'truecolor'	''	'1'	''	-	False	True	True	False	truecolor	False
'truecolor'	''	'1'	''	''	True	False	True	False	truecolor	False
'truecolor'	''	'1'	''	''	True	True	True	False	truecolor	False
'truecolor'	''	'1'	''	''	False	False	True	False	truecolor	False
'truecolor'	''	'1'	''	''	False	True	True	False	truecolor	False
'truecolor'	''	'1'	''	'1'	True	False	True	False	truecolor	True
'truecolor'	''	'1'	''	'1'	True	True	True	False	truecolor	True
'truecolor'	''	'1'	''	'1'	False	False	True	False	truecolor	True
'truecolor'	''	'1'	''	'1'	False	True	True	False	truecolor	True
'truecolor'	''	'1'	'0'	-	True	False	False	False	None	False
'truecolor'	''	'1'	'0'	-	True	True	True	False	truecolor	False
'truecolor'	''	'1'	'0'	-	False	False	False	False	None	False
'truecolor'	''	'1'	'0'	-	False	True	True	False	truecolor	False
'truecolor'	''	'1'	'0'	''	True	False	False	False	None	False
'truecolor'	''	'1'	'0'	''	True	True	True	False	truecolor	False
'truecolor'	''	'1'	'0'	''	False	False	False	False	None	False
'truecolor'	''	'1'	'0'	''	False	True	True	False	truecolor	False
'truecolor'	''	'1'	'0'	'1'	True	False	False	False	None	True
'truecolor'	''	'1'	'0'	'1'	True	True	True	False	truecolor	True
'truecolor'	''	'1'	'0'	'1'	False	False	False	False	None	True
'truecolor'	''	'1'	'0'	'1'	False	True	True	False	truecolor	True
'truecolor'	''	'1'	'1'	-	True	False	True	False	truecolor	False
'truecolor'	''	'1'	'1'	-	True	True	True	False	truecolor	False
'truecolor'	''	'1'	'1'	-	False	False	True	False	truecolor	False
'truecolor'	''	'1'	'1'	-	False	True	True	False	truecolor	False
'truecolor'	''	'1'	'1'	''	True	False	True	False	truecolor	False
'truecolor'	''	'1'	'1'	''	True	True	True	False	truecolor	False
'truecolor'	''	'1'	'1'	''	False	False	True	False	truecolor	False
'truecolor'	''	'1'	'1'	''	False	True	True	False	truecolor	False
'truecolor'	''	'1'	'1'	'1'	True	False	True	False	truecolor	True
'truecolor'	''	'1'	'1'	'1'	True	True	True	False	truecolor	True
'truecolor'	''	'1'	'1'	'1'	False	False	True	False	truecolor	True
'truecolor'	''	'1'	'1'	'1'	False	True	True	False	truecolor	True
'truecolor'	''	'0'	-	-	True	False	True	False	truecolor	False
'truecolor'	''	'0'	-	-	True	True	True	False	truecolor	False
'truecolor'	''	'0'	-	-	False	False	True	False	truecolor	False
'truecolor'	''	'0'	-	-	False	True	True	False	truecolor	False
'truecolor'	''	'0'	-	''	True	False	True	False	truecolor	False
'truecolor'	''	'0'	-	''	True	True	True	False	truecolor	False
'truecolor'	''	'0'	-	''	False	False	True	False	truecolor	False
'truecolor'	''	'0'	-	''	False	True	True	False	truecolor	False
'truecolor'	''	'0'	-	'1'	True	False	True	False	truecolor	True
'truecolor'	''	'0'	-	'1'	True	True	True	False	truecolor	True
'truecolor'	''	'0'	-	'1'	False	False	True	False	truecolor	True
'truecolor'	''	'0'	-	'1'	False	True	True	False	truecolor	True
'truecolor'	''	'0'	''	-	True	False	True	False	truecolor	False
'truecolor'	''	'0'	''	-	True	True	True	False	truecolor	False
'truecolor'	''	'0'	''	-	False	False	True	False	truecolor	False
'truecolor'	''	'0'	''	-	False	True	True	False	truecolor	False
'truecolor'	''	'0'	''	''	True	False	True	False	truecolor	False
'truecolor'	''	'0'	''	''	True	True	True	False	truecolor	False
'truecolor'	''	'0'	''	''	False	False	True	False	truecolor	False
'truecolor'	''	'0'	''	''	False	True	True	False	truecolor	False
'truecolor'	''	'0'	''	'1'	True	False	True	False	truecolor	True
'truecolor'	''	'0'	''	'1'	True	True	True	False	truecolor	True
'truecolor'	''	'0'	''	'1'	False	False	True	False	truecolor	True
'truecolor'	''	'0'	''	'1'	False	True	True	False	truecolor	True
'truecolor'	''	'0'	'0'	-	True	False	False	False	None	False
'truecolor'	''	'0'	'0'	-	True	True	True	False	truecolor	False
'truecolor'	''	'0'	'0'	-	False	False	False	False	None	False
'truecolor'	''	'0'	'0'	-	False	True	True	False	truecolor	False
'truecolor'	''	'0'	'0'	''	True	False	False	False	None	False
'truecolor'	''	'0'	'0'	''	True	True	True	False	truecolor	False
'truecolor'	''	'0'	'0'	''	False	False	False	False	None	False
'truecolor'	''	'0'	'0'	''	False	True	True	False	truecolor	False
'truecolor'	''	'0'	'0'	'1'	True	False	False	False	None	True
'truecolor'	''	'0'	'0'	'1'	True	True	True	False	truecolor	True
'truecolor'	''	'0'	'0'	'1'	False	False	False	False	None	True
'truecolor'	''	'0'	'0'	'1'	False	True	True	False	truecolor	True
'truecolor'	''	'0'	'1'	-	True	False	True	False	truecolor	False
'truecolor'	''	'0'	'1'	-	True	True	True	False	truecolor	False
'truecolor'	''	'0'	'1'	-	False	False	True	False	truecolor	False
'truecolor'	''	'0'	'1'	-	False	True	True	False	truecolor	False
'truecolor'	''	'0'	'1'	''	True	False	True	False	truecolor	False
'truecolor'	''	'0'	'1'	''	True	True	True	False	truecolor	False
'truecolor'	''	'0'	'1'	''	False	False	True	False	truecolor	False
'truecolor'	''	'0'	'1'	''	False	True	True	False	truecolor	False
'truecolor'	''	'0'	'1'	'1'	True	False	True	False	truecolor	True
'truecolor'	''	'0'	'1'	'1'	True	True	True	False	truecolor	True
'truecolor'	''	'0'	'1'	'1'	False	False	True	False	truecolor	True
'truecolor'	''	'0'	'1'	'1'	False	True	True	False	truecolor	True
'truecolor'	'dumb'	-	-	-	True	False	True	True	None	False
'truecolor'	'dumb'	-	-	-	True	True	True	True	None	False
'truecolor'	'dumb'	-	-	-	False	False	False	False	None	False
'truecolor'	'dumb'	-	-	-	False	True	True	True	None	False
'truecolor'	'dumb'	-	-	''	True	False	True	True	None	False
'truecolor'	'dumb'	-	-	''	True	True	True	True	None	False
'truecolor'	'dumb'	-	-	''	False	False	False	False	None	False
'truecolor'	'dumb'	-	-	''	False	True	True	True	None	False
'truecolor'	'dumb'	-	-	'1'	True	False	True	True	None	True
'truecolor'	'dumb'	-	-	'1'	True	True	True	True	None	True
'truecolor'	'dumb'	-	-	'1'	False	False	False	False	None	True
'truecolor'	'dumb'	-	-	'1'	False	True	True	True	None	True
'truecolor'	'dumb'	-	''	-	True	False	True	True	None	False
'truecolor'	'dumb'	-	''	-	True	True	True	True	None	False
'truecolor'	'dumb'	-	''	-	False	False	False	False	None	False
'truecolor'	'dumb'	-	''	-	False	True	True	True	None	False
'truecolor'	'dumb'	-	''	''	True	False	True	True	None	False
'truecolor'	'dumb'	-	''	''	True	True	True	True	None	False
'truecolor'	'dumb'	-	''	''	False	False	False	False	None	False
'truecolor'	'dumb'	-	''	''	False	True	True	True	None	False
'truecolor'	'dumb'	-	''	'1'	True	False	True	True	None	True
'truecolor'	'dumb'	-	''	'1'	True	True	True	True	None	True
'truecolor'	'dumb'	-	''	'1'	False	False	False	False	None	True
'truecolor'	'dumb'	-	''	'1'	False	True	True	True	None	True
'truecolor'	'dumb'	-	'0'	-	True	False	False	False	None	False
'truecolor'	'dumb'	-	'0'	-	True	True	True	True	None	False
'truecolor'	'dumb'	-	'0'	-	False	False	False	False	None	False
'truecolor'	'dumb'	-	'0'	-	False	True	True	True	None	False
'truecolor'	'dumb'	-	'0'	''	True	False	False	False	None	False
'truecolor'	'dumb'	-	'0'	''	True	True	True	True	None	False
'truecolor'	'dumb'	-	'0'	''	False	False	False	False	None	False
'truecolor'	'dumb'	-	'0'	''	False	True	True	True	None	False
'truecolor'	'dumb'	-	'0'	'1'	True	False	False	False	None	True
'truecolor'	'dumb'	-	'0'	'1'	True	True	True	True	None	True
'truecolor'	'dumb'	-	'0'	'1'	False	False	False	False	None	True
'truecolor'	'dumb'	-	'0'	'1'	False	True	True	True	None	True
'truecolor'	'dumb'	-	'1'	-	True	False	True	True	None	False
'truecolor'	'dumb'	-	'1'	-	True	True	True	True	None	False
'truecolor'	'dumb'	-	'1'	-	False	False	True	True	None	False
'truecolor'	'dumb'	-	'1'	-	False	True	True	True	None	False
'truecolor'	'dumb'	-	'1'	''	True	False	True	True	None	False
'truecolor'	'dumb'	-	'1'	''	True	True	True	True	None	False
'truecolor'	'dumb'	-	'1'	''	False	False	True	True	None	False
'truecolor'	'dumb'	-	'1'	''	False	True	True	True	None	False
'truecolor'	'dumb'	-	'1'	'1'	True	False	True	True	None	True
'truecolor'	'dumb'	-	'1'	'1'	True	True	True	True	None	True
'truecolor'	'dumb'	-	'1'	'1'	False	False	True	True	None	True
'truecolor'	'dumb'	-	'1'	'1'	False	True	True	True	None	True
'truecolor'	'dumb'	''	-	-	True	False	False	False	None	False
'truecolor'	'dumb'	''	-	-	True	True	True	True	None	False
'truecolor'	'dumb'	''	-	-	False	False	False	False	None	False
'truecolor'	'dumb'	''	-	-	False	True	True	True	None	False
'truecolor'	'dumb'	''	-	''	True	False	False	False	None	False
'truecolor'	'dumb'	''	-	''	True	True	True	True	None	False
'truecolor'	'dumb'	''	-	''	False	False	False	False	None	False
'truecolor'	'dumb'	''	-	''	False	True	True	True	None	False
'truecolor'	'dumb'	''	-	'1'	True	False	False	False	None	True
'truecolor'	'dumb'	''	-	'1'	True	True	True	True	None	True
'truecolor'	'dumb'	''	-	'1'	False	False	False	False	None	True
'truecolor'	'dumb'	''	-	'1'	False	True	True	True	None	True
'truecolor'	'dumb'	''	''	-	True	False	False	False	None	False
'truecolor'	'dumb'	''	''	-	True	True	True	True	None	False
'truecolor'	'dumb'	''	''	-	False	False	False	False	None	False
'truecolor'	'dumb'	''	''	-	False	True	True	True	None	False
'truecolor'	'dumb'	''	''	''	True	False	False	False	None	False
'truecolor'	'dumb'	''	''	''	True	True	True	True	None	False
'truecolor'	'dumb'	''	''	''	False	False	False	False	None	False
'truecolor'	'dumb'	''	''	''	False	True	True	True	None	False
'truecolor'	'dumb'	''	''	'1'	True	False	False	False	None	True
'truecolor'	'dumb'	''	''	'1'	True	True	True	True	None	True
'truecolor'	'dumb'	''	''	'1'	False	False	False	False	None	True
'truecolor'	'dumb'	''	''	'1'	False	True	True	True	None	True
'truecolor'	'dumb'	''	'0'	-	True	False	False	False	None	False
'truecolor'	'dumb'	''	'0'	-	True	True	True	True	None	False
'truecolor'	'dumb'	''	'0'	-	False	False	False	False	None	False
'truecolor'	'dumb'	''	'0'	-	False	True	True	True	None	False
'truecolor'	'dumb'	''	'0'	''	True	False	False	False	None	False
'truecolor'	'dumb'	''	'0'	''	True	True	True	True	None	False
'truecolor'	'dumb'	''	'0'	''	False	False	False	False	None	False
'truecolor'	'dumb'	''	'0'	''	False	True	True	True	None	False
'truecolor'	'dumb'	''	'0'	'1'	True	False	False	False	None	True
'truecolor'	'dumb'	''	'0'	'1'	True	True	True	True	None	True
'truecolor'	'dumb'	''	'0'	'1'	False	False	False	False	None	True
'truecolor'	'dumb'	''	'0'	'1'	False	True	True	True	None	True
'truecolor'	'dumb'	''	'1'	-	True	False	True	True	None	False
'truecolor'	'dumb'	''	'1'	-	True	True	True	True	None	False
'truecolor'	'dumb'	''	'1'	-	False	False	True	True	None	False
'truecolor'	'dumb'	''	'1'	-	False	True	True	True	None	False
'truecolor'	'dumb'	''	'1'	''	True	False	True	True	None	False
'truecolor'	'dumb'	''	'1'	''	True	True	True	True	None	False
'truecolor'	'dumb'	''	'1'	''	False	False	True	True	None	False
'truecolor'	'dumb'	''	'1'	''	False	True	True	True	None	False
'truecolor'	'dumb'	''	'1'	'1'	True	False	True	True	None	True
'truecolor'	'dumb'	''	'1'	'1'	True	True	True	True	None	True
'truecolor'	'dumb'	''	'1'	'1'	False	False	True	True	None	True
'truecolor'	'dumb'	''	'1'	'1'	False	True	True	True	None	True
'truecolor'	'dumb'	'1'	-	-	True	False	True	True	None	False
'truecolor'	'dumb'	'1'	-	-	True	True	True	True	None	False
'truecolor'	'dumb'	'1'	-	-	False	False	True	True	None	False
'truecolor'	'dumb'	'1'	-	-	False	True	True	True	None	False
'truecolor'	'dumb'	'1'	-	''	True	False	True	True	None	False
'truecolor'	'dumb'	'1'	-	''	True	True	True	True	None	False
'truecolor'	'dumb'	'1'	-	''	False	False	True	True	None	False
'truecolor'	'dumb'	'1'	-	''	False	True	True	True	None	False
'truecolor'	'dumb'	'1'	-	'1'	True	False	True	True	None	True
'truecolor'	'dumb'	'1'	-	'1'	True	True	True	True	None	True
'truecolor'	'dumb'	'1'	-	'1'	False	False	True	True	None	True
'truecolor'	'dumb'	'1'	-	'1'	False	True	True	True	None	True
'truecolor'	'dumb'	'1'	''	-	True	False	True	True	None	False
'truecolor'	'dumb'	'1'	''	-	True	True	True	True	None	False
'truecolor'	'dumb'	'1'	''	-	False	False	True	True	None	False
'truecolor'	'dumb'	'1'	''	-	False	True	True	True	None	False
'truecolor'	'dumb'	'1'	''	''	True	False	True	True	None	False
'truecolor'	'dumb'	'1'	''	''	True	True	True	True	None	False
'truecolor'	'dumb'	'1'	''	''	False	False	True	True	None	False
'truecolor'	'dumb'	'1'	''	''	False	True	True	True	None	False
'truecolor'	'dumb'	'1'	''	'1'	True	False	True	True	None	True
'truecolor'	'dumb'	'1'	''	'1'	True	True	True	True	None	True
'truecolor'	'dumb'	'1'	''	'1'	False	False	True	True	None	True
'truecolor'	'dumb'	'1'	''	'1'	False	True	True	True	None	True
'truecolor'	'dumb'	'1'	'0'	-	True	False	False	False	None	False
'truecolor'	'dumb'	'1'	'0'	-	True	True	True	True	None	False
'truecolor'	'dumb'	'1'	'0'	-	False	False	False	False	None	False
'truecolor'	'dumb'	'1'	'0'	-	False	True	True	True	None	False
'truecolor'	'dumb'	'1'	'0'	''	True	False	False	False	None	False
'truecolor'	'dumb'	'1'	'0'	''	True	True	True	True	None	False
'truecolor'	'dumb'	'1'	'0'	''	False	False	False	False	None	False
'truecolor'	'dumb'	'1'	'0'	''	False	True	True	True	None	False
'truecolor'	'dumb'	'1'	'0'	'1'	True	False	False	False	None	True
'truecolor'	'dumb'	'1'	'0'	'1'	True	True	True	True	None	True
'truecolor'	'dumb'	'1'	'0'	'1'	False	False	False	False	None	True
'truecolor'	'dumb'	'1'	'0'	'1'	False	True	True	True	None	True
'truecolor'	'dumb'	'1'	'1'	-	True	False	True	True	None	False
'truecolor'	'dumb'	'1'	'1'	-	True	True	True	True	None	False
'truecolor'	'dumb'	'1'	'1'	-	False	False	True	True	None	False
'truecolor'	'dumb'	'1'	'1'	-	False	True	True	True	None	False
'truecolor'	'dumb'	'1'	'1'	''	True	False	True	True	None	False
'truecolor'	'dumb'	'1'	'1'	''	True	True	True	True	None	False
'truecolor'	'dumb'	'1'	'1'	''	False	False	True	True	None	False
'truecolor'	'dumb'	'1'	'1'	''	False	True	True	True	None	False
'truecolor'	'dumb'	'1'	'1'	'1'	True	False	True	True	None	True
'truecolor'	'dumb'	'1'	'1'	'1'	True	True	True	True	None	True
'truecolor'	'dumb'	'1'	'1'	'1'	False	False	True	True	None	True
'truecolor'	'dumb'	'1'	'1'	'1'	False	True	True	True	None	True
'truecolor'	'dumb'	'0'	-	-	True	False	True	True	None	False
'truecolor'	'dumb'	'0'	-	-	True	True	True	True	None	False
'truecolor'	'dumb'	'0'	-	-	False	False	True	True	None	False
'truecolor'	'dumb'	'0'	-	-	False	True	True	True	None	False
'truecolor'	'dumb'	'0'	-	''	True	False	True	True	None	False
'truecolor'	'dumb'	'0'	-	''	True	True	True	True	None	False
'truecolor'	'dumb'	'0'	-	''	False	False	True	True	None	False
'truecolor'	'dumb'	'0'	-	''	False	True	True	True	None	False
'truecolor'	'dumb'	'0'	-	'1'	True	False	True	True	None	True
'truecolor'	'dumb'	'0'	-	'1'	True	True	True	True	None	True
'truecolor'	'dumb'	'0'	-	'1'	False	False	True	True	None	True
'truecolor'	'dumb'	'0'	-	'1'	False	True	True	True	None	True
'truecolor'	'dumb'	'0'	''	-	True	False	True	True	None	False
'truecolor'	'dumb'	'0'	''	-	True	True	True	True	None	False
'truecolor'	'dumb'	'0'	''	-	False	False	True	True	None	False
'truecolor'	'dumb'	'0'	''	-	False	True	True	True	None	False
'truecolor'	'dumb'	'0'	''	''	True	False	True	True	None	False
'truecolor'	'dumb'	'0'	''	''	True	True	True	True	None	False
'truecolor'	'dumb'	'0'	''	''	False	False	True	True	None	False
'truecolor'	'dumb'	'0'	''	''	False	True	True	True	None	False
'truecolor'	'dumb'	'0'	''	'1'	True	False	True	True	None	True
'truecolor'	'dumb'	'0'	''	'1'	True	True	True	True	None	True
'truecolor'	'dumb'	'0'	''	'1'	False	False	True	True	None	True
'truecolor'	'dumb'	'0'	''	'1'	False	True	True	True	None	True
'truecolor'	'dumb'	'0'	'0'	-	True	False	False	False	None	False
'truecolor'	'dumb'	'0'	'0'	-	True	True	True	True	None	False
'truecolor'	'dumb'	'0'	'0'	-	False	False	False	False	None	False
'truecolor'	'dumb'	'0'	'0'	-	False	True	True	True	None	False
'truecolor'	'dumb'	'0'	'0'	''	True	False	False	False	None	False
'truecolor'	'dumb'	'0'	'0'	''	True	True	True	True	None	False
'truecolor'	'dumb'	'0'	'0'	''	False	False	False	False	None	False
'truecolor'	'dumb'	'0'	'0'	''	False	True	True	True	None	False
'truecolor'	'dumb'	'0'	'0'	'1'	True	False	False	False	None	True
'truecolor'	'dumb'	'0'	'0'	'1'	True	True	True	True	None	True
'truecolor'	'dumb'	'0'	'0'	'1'	False	False	False	False	None	True
'truecolor'	'dumb'	'0'	'0'	'1'	False	True	True	True	None	True
'truecolor'	'dumb'	'0'	'1'	-	True	False	True	True	None	False
'truecolor'	'dumb'	'0'	'1'	-	True	True	True	True	None	False
'truecolor'	'dumb'	'0'	'1'	-	False	False	True	True	None	False
'truecolor'	'dumb'	'0'	'1'	-	False	True	True	True	None	False
'truecolor'	'dumb'	'0'	'1'	''	True	False	True	True	None	False
'truecolor'	'dumb'	'0'	'1'	''	True	True	True	True	None	False
'truecolor'	'dumb'	'0'	'1'	''	False	False	True	True	None	False
'truecolor'	'dumb'	'0'	'1'	''	False	True	True	True	None	False
'truecolor'	'dumb'	'0'	'1'	'1'	True	False	True	True	None	True
'truecolor'	'dumb'	'0'	'1'	'1'	True	True	True	True	None	True
'truecolor'	'dumb'	'0'	'1'	'1'	False	False	True	True	None	True
'truecolor'	'dumb'	'0'	'1'	'1'	False	True	True	True	None	True
'truecolor'	'unknown'	-	-	-	True	False	True	True	None	False
'truecolor'	'unknown'	-	-	-	True	True	True	True	None	False
'truecolor'	'unknown'	-	-	-	False	False	False	False	None	False
'truecolor'	'unknown'	-	-	-	False	True	True	True	None	False
'truecolor'	'unknown'	-	-	''	True	False	True	True	None	False
'truecolor'	'unknown'	-	-	''	True	True	True	True	None	False
'truecolor'	'unknown'	-	-	''	False	False	False	False	None	False
'truecolor'	'unknown'	-	-	''	False	True	True	True	None	False
'truecolor'	'unknown'	-	-	'1'	True	False	True	True	None	True
'truecolor'	'unknown'	-	-	'1'	True	True	True	True	None	True
'truecolor'	'unknown'	-	-	'1'	False	False	False	False	None	True
'truecolor'	'unknown'	-	-	'1'	False	True	True	True	None	True
'truecolor'	'unknown'	-	''	-	True	False	True	True	None	False
'truecolor'	'unknown'	-	''	-	True	True	True	True	None	False
'truecolor'	'unknown'	-	''	-	False	False	False	False	None	False
'truecolor'	'unknown'	-	''	-	False	True	True	True	None	False
'truecolor'	'unknown'	-	''	''	True	False	True	True	None	False
'truecolor'	'unknown'	-	''	''	True	True	True	True	None	False
'truecolor'	'unknown'	-	''	''	False	False	False	False	None	False
'truecolor'	'unknown'	-	''	''	False	True	True	True	None	False
'truecolor'	'unknown'	-	''	'1'	True	False	True	True	None	True
'truecolor'	'unknown'	-	''	'1'	True	True	True	True	None	True
'truecolor'	'unknown'	-	''	'1'	False	False	False	False	None	True
'truecolor'	'unknown'	-	''	'1'	False	True	True	True	None	True
'truecolor'	'unknown'	-	'0'	-	True	False	False	False	None	False
'truecolor'	'unknown'	-	'0'	-	True	True	True	True	None	False
'truecolor'	'unknown'	-	'0'	-	False	False	False	False	None	False
'truecolor'	'unknown'	-	'0'	-	False	True	True	True	None	False
'truecolor'	'unknown'	-	'0'	''	True	False	False	False	None	False
'truecolor'	'unknown'	-	'0'	''	True	True	True	True	None	False
'truecolor'	'unknown'	-	'0'	''	False	False	False	False	None	False
'truecolor'	'unknown'	-	'0'	''	False	True	True	True	None	False
'truecolor'	'unknown'	-	'0'	'1'	True	False	False	False	None	True
'truecolor'	'unknown'	-	'0'	'1'	True	True	True	True	None	True
'truecolor'	'unknown'	-	'0'	'1'	False	False	False	False	None	True
'truecolor'	'unknown'	-	'0'	'1'	False	True	True	True	None	True
'truecolor'	'unknown'	-	'1'	-	True	False	True	True	None	False
'truecolor'	'unknown'	-	'1'	-	True	True	True	True	None	False
'truecolor'	'unknown'	-	'1'	-	False	False	True	True	None	False
'truecolor'	'unknown'	-	'1'	-	False	True	True	True	None	False
'truecolor'	'unknown'	-	'1'	''	True	False	True	True	None	False
'truecolor'	'unknown'	-	'1'	''	True	True	True	True	None	False
'truecolor'	'unknown'	-	'1'	''	False	False	True	True	None	False
'truecolor'	'unknown'	-	'1'	''	False	True	True	True	None	False
'truecolor'	'unknown'	-	'1'	'1'	True	False	True	True	None	True
'truecolor'	'unknown'	-	'1'	'1'	True	True	True	True	None	True
'truecolor'	'unknown'	-	'1'	'1'	False	False	True	True	None	True
'truecolor'	'unknown'	-	'1'	'1'	False	True	True	True	None	True
'truecolor'	'unknown'	''	-	-	True	False	False	False	None	False
'truecolor'	'unknown'	''	-	-	True	True	True	True	None	False
'truecolor'	'unknown'	''	-	-	False	False	False	False	None	False
'truecolor'	'unknown'	''	-	-	False	True	True	True	None	False
'truecolor'	'unknown'	''	-	''	True	False	False	False	None	False
'truecolor'	'unknown'	''	-	''	True	True	True	True	None	False
'truecolor'	'unknown'	''	-	''	False	False	False	False	None	False
'truecolor'	'unknown'	''	-	''	False	True	True	True	None	False
'truecolor'	'unknown'	''	-	'1'	True	False	False	False	None	True
'truecolor'	'unknown'	''	-	'1'	True	True	True	True	None	True
'truecolor'	'unknown'	''	-	'1'	False	False	False	False	None	True
'truecolor'	'unknown'	''	-	'1'	False	True	True	True	None	True
'truecolor'	'unknown'	''	''	-	True	False	False	False	None	False
'truecolor'	'unknown'	''	''	-	True	True	True	True	None	False
'truecolor'	'unknown'	''	''	-	False	False	False	False	None	False
'truecolor'	'unknown'	''	''	-	False	True	True	True	None	False
'truecolor'	'unknown'	''	''	''	True	False	False	False	None	False
'truecolor'	'unknown'	''	''	''	True	True	True	True	None	False
'truecolor'	'unknown'	''	''	''	False	False	False	False	None	False
'truecolor'	'unknown'	''	''	''	False	True	True	True	None	False
'truecolor'	'unknown'	''	''	'1'	True	False	False	False	None	True
'truecolor'	'unknown'	''	''	'1'	True	True	True	True	None	True
'truecolor'	'unknown'	''	''	'1'	False	False	False	False	None	True
'truecolor'	'unknown'	''	''	'1'	False	True	True	True	None	True
'truecolor'	'unknown'	''	'0'	-	True	False	False	False	None	False
'truecolor'	'unknown'	''	'0'	-	True	True	True	True	None	False
'truecolor'	'unknown'	''	'0'	-	False	False	False	False	None	False
'truecolor'	'unknown'	''	'0'	-	False	True	True	True	None	False
'truecolor'	'unknown'	''	'0'	''	True	False	False	False	None	False
'truecolor'	'unknown'	''	'0'	''	True	True	True	True	None	False
'truecolor'	'unknown'	''	'0'	''	False	False	False	False	None	False
'truecolor'	'unknown'	''	'0'	''	False	True	True	True	None	False
'truecolor'	'unknown'	''	'0'	'1'	True	False	False	False	None	True
'truecolor'	'unknown'	''	'0'	'1'	True	True	True	True	None	True
'truecolor'	'unknown'	''	'0'	'1'	False	False	False	False	None	True
'truecolor'	'unknown'	''	'0'	'1'	False	True	True	True	None	True
'truecolor'	'unknown'	''	'1'	-	True	False	True	True	None	False
'truecolor'	'unknown'	''	'1'	-	True	True	True	True	None	False
'truecolor'	'unknown'	''	'1'	-	False	False	True	True	None	False
'truecolor'	'unknown'	''	'1'	-	False	True	True	True	None	False
'truecolor'	'unknown'	''	'1'	''	True	False	True	True	None	False
'truecolor'	'unknown'	''	'1'	''	True	True	True	True	None	False
'truecolor'	'unknown'	''	'1'	''	False	False	True	True	None	False
'truecolor'	'unknown'	''	'1'	''	False	True	True	True	None	False
'truecolor'	'unknown'	''	'1'	'1'	True	False	True	True	None	True
'truecolor'	'unknown'	''	'1'	'1'	True	True	True	True	None	True
'truecolor'	'unknown'	''	'1'	'1'	False	False	True	True	None	True
'truecolor'	'unknown'	''	'1'	'1'	False	True	True	True	None	True
'truecolor'	'unknown'	'1'	-	-	True	False	True	True	None	False
'truecolor'	'unknown'	'1'	-	-	True	True	True	True	None	False
'truecolor'	'unknown'	'1'	-	-	False	False	True	True	None	False
'truecolor'	'unknown'	'1'	-	-	False	True	True	True	None	False
'truecolor'	'unknown'	'1'	-	''	True	False	True	True	None	False
'truecolor'	'unknown'	'1'	-	''	True	True	True	True	None	False
'truecolor'	'unknown'	'1'	-	''	False	False	True	True	None	False
'truecolor'	'unknown'	'1'	-	''	False	True	True	True	None	False
'truecolor'	'unknown'	'1'	-	'1'	True	False	True	True	None	True
'truecolor'	'unknown'	'1'	-	'1'	True	True	True	True	None	True
'truecolor'	'unknown'	'1'	-	'1'	False	False	True	True	None	True
'truecolor'	'unknown'	'1'	-	'1'	False	True	True	True	None	True
'truecolor'	'unknown'	'1'	''	-	True	False	True	True	None	False
'truecolor'	'unknown'	'1'	''	-	True	True	True	True	None	False
'truecolor'	'unknown'	'1'	''	-	False	False	True	True	None	False
'truecolor'	'unknown'	'1'	''	-	False	True	True	True	None	False
'truecolor'	'unknown'	'1'	''	''	True	False	True	True	None	False
'truecolor'	'unknown'	'1'	''	''	True	True	True	True	None	False
'truecolor'	'unknown'	'1'	''	''	False	False	True	True	None	False
'truecolor'	'unknown'	'1'	''	''	False	True	True	True	None	False
'truecolor'	'unknown'	'1'	''	'1'	True	False	True	True	None	True
'truecolor'	'unknown'	'1'	''	'1'	True	True	True	True	None	True
'truecolor'	'unknown'	'1'	''	'1'	False	False	True	True	None	True
'truecolor'	'unknown'	'1'	''	'1'	False	True	True	True	None	True
'truecolor'	'unknown'	'1'	'0'	-	True	False	False	False	None	False
'truecolor'	'unknown'	'1'	'0'	-	True	True	True	True	None	False
'truecolor'	'unknown'	'1'	'0'	-	False	False	False	False	None	False
'truecolor'	'unknown'	'1'	'0'	-	False	True	True	True	None	False
'truecolor'	'unknown'	'1'	'0'	''	True	False	False	False	None	False
'truecolor'	'unknown'	'1'	'0'	''	True	True	True	True	None	False
'truecolor'	'unknown'	'1'	'0'	''	False	False	False	False	None	False
'truecolor'	'unknown'	'1'	'0'	''	False	True	True	True	None	False
'truecolor'	'unknown'	'1'	'0'	'1'	True	False	False	False	None	True
'truecolor'	'unknown'	'1'	'0'	'1'	True	True	True	True	None	True
'truecolor'	'unknown'	'1'	'0'	'1'	False	False	False	False	None	True
'truecolor'	'unknown'	'1'	'0'	'1'	False	True	True	True	None	True
'truecolor'	'unknown'	'1'	'1'	-	True	False	True	True	None	False
'truecolor'	'unknown'	'1'	'1'	-	True	True	True	True	None	False
'truecolor'	'unknown'	'1'	'1'	-	False	False	True	True	None	False
'truecolor'	'unknown'	'1'	'1'	-	False	True	True	True	None	False
'truecolor'	'unknown'	'1'	'1'	''	True	False	True	True	None	False
'truecolor'	'unknown'	'1'	'1'	''	True	True	True	True	None	False
'truecolor'	'unknown'	'1'	'1'	''	False	False	True	True	None	False
'truecolor'	'unknown'	'1'	'1'	''	False	True	True	True	None	False
'truecolor'	'unknown'	'1'	'1'	'1'	True	False	True	True	None	True
'truecolor'	'unknown'	'1'	'1'	'1'	True	True	True	True	None	True
'truecolor'	'unknown'	'1'	'1'	'1'	False	False	True	True	None	True
'truecolor'	'unknown'	'1'	'1'	'1'	False	True	True	True	None	True
'truecolor'	'unknown'	'0'	-	-	True	False	True	True	None	False
'truecolor'	'unknown'	'0'	-	-	True	True	True	True	None	False
'truecolor'	'unknown'	'0'	-	-	False	False	True	True	None	False
'truecolor'	'unknown'	'0'	-	-	False	True	True	True	None	False
'truecolor'	'unknown'	'0'	-	''	True	False	True	True	None	False
'truecolor'	'unknown'	'0'	-	''	True	True	True	True	None	False
'truecolor'	'unknown'	'0'	-	''	False	False	True	True	None	False
'truecolor'	'unknown'	'0'	-	''	False	True	True	True	None	False
'truecolor'	'unknown'	'0'	-	'1'	True	False	True	True	None	True
'truecolor'	'unknown'	'0'	-	'1'	True	True	True	True	None	True
'truecolor'	'unknown'	'0'	-	'1'	False	False	True	True	None	True
'truecolor'	'unknown'	'0'	-	'1'	False	True	True	True	None	True
'truecolor'	'unknown'	'0'	''	-	True	False	True	True	None	False
'truecolor'	'unknown'	'0'	''	-	True	True	True	True	None	False
'truecolor'	'unknown'	'0'	''	-	False	False	True	True	None	False
'truecolor'	'unknown'	'0'	''	-	False	True	True	True	None	False
'truecolor'	'unknown'	'0'	''	''	True	False	True	True	None	False
'truecolor'	'unknown'	'0'	''	''	True	True	True	True	None	False
'truecolor'	'unknown'	'0'	''	''	False	False	True	True	None	False
'truecolor'	'unknown'	'0'	''	''	False	True	True	True	None	False
'truecolor'	'unknown'	'0'	''	'1'	True	False	True	True	None	True
'truecolor'	'unknown'	'0'	''	'1'	True	True	True	True	None	True
'truecolor'	'unknown'	'0'	''	'1'	False	False	True	True	None	True
'truecolor'	'unknown'	'0'	''	'1'	False	True	True	True	None	True
'truecolor'	'unknown'	'0'	'0'	-	True	False	False	False	None	False
'truecolor'	'unknown'	'0'	'0'	-	True	True	True	True	None	False
'truecolor'	'unknown'	'0'	'0'	-	False	False	False	False	None	False
'truecolor'	'unknown'	'0'	'0'	-	False	True	True	True	None	False
'truecolor'	'unknown'	'0'	'0'	''	True	False	False	False	None	False
'truecolor'	'unknown'	'0'	'0'	''	True	True	True	True	None	False
'truecolor'	'unknown'	'0'	'0'	''	False	False	False	False	None	False
'truecolor'	'unknown'	'0'	'0'	''	False	True	True	True	None	False
'truecolor'	'unknown'	'0'	'0'	'1'	True	False	False	False	None	True
'truecolor'	'unknown'	'0'	'0'	'1'	True	True	True	True	None	True
'truecolor'	'unknown'	'0'	'0'	'1'	False	False	False	False	None	True
'truecolor'	'unknown'	'0'	'0'	'1'	False	True	True	True	None	True
'truecolor'	'unknown'	'0'	'1'	-	True	False	True	True	None	False
'truecolor'	'unknown'	'0'	'1'	-	True	True	True	True	None	False
'truecolor'	'unknown'	'0'	'1'	-	False	False	True	True	None	False
'truecolor'	'unknown'	'0'	'1'	-	False	True	True	True	None	False
'truecolor'	'unknown'	'0'	'1'	''	True	False	True	True	None	False
'truecolor'	'unknown'	'0'	'1'	''	True	True	True	True	None	False
'truecolor'	'unknown'	'0'	'1'	''	False	False	True	True	None	False
'truecolor'	'unknown'	'0'	'1'	''	False	True	True	True	None	False
'truecolor'	'unknown'	'0'	'1'	'1'	True	False	True	True	None	True
'truecolor'	'unknown'	'0'	'1'	'1'	True	True	True	True	None	True
'truecolor'	'unknown'	'0'	'1'	'1'	False	False	True	True	None	True
'truecolor'	'unknown'	'0'	'1'	'1'	False	True	True	True	None	True
'truecolor'	'xterm'	-	-	-	True	False	True	False	truecolor	False
'truecolor'	'xterm'	-	-	-	True	True	True	False	truecolor	False
'truecolor'	'xterm'	-	-	-	False	False	False	False	None	False
'truecolor'	'xterm'	-	-	-	False	True	True	False	truecolor	False
'truecolor'	'xterm'	-	-	''	True	False	True	False	truecolor	False
'truecolor'	'xterm'	-	-	''	True	True	True	False	truecolor	False
'truecolor'	'xterm'	-	-	''	False	False	False	False	None	False
'truecolor'	'xterm'	-	-	''	False	True	True	False	truecolor	False
'truecolor'	'xterm'	-	-	'1'	True	False	True	False	truecolor	True
'truecolor'	'xterm'	-	-	'1'	True	True	True	False	truecolor	True
'truecolor'	'xterm'	-	-	'1'	False	False	False	False	None	True
'truecolor'	'xterm'	-	-	'1'	False	True	True	False	truecolor	True
'truecolor'	'xterm'	-	''	-	True	False	True	False	truecolor	False
'truecolor'	'xterm'	-	''	-	True	True	True	False	truecolor	False
'truecolor'	'xterm'	-	''	-	False	False	False	False	None	False
'truecolor'	'xterm'	-	''	-	False	True	True	False	truecolor	False
'truecolor'	'xterm'	-	''	''	True	False	True	False	truecolor	False
'truecolor'	'xterm'	-	''	''	True	True	True	False	truecolor	False
'truecolor'	'xterm'	-	''	''	False	False	False	False	None	False
'truecolor'	'xterm'	-	''	''	False	True	True	False	truecolor	False
'truecolor'	'xterm'	-	''	'1'	True	False	True	False	truecolor	True
'truecolor'	'xterm'	-	''	'1'	True	True	True	False	truecolor	True
'truecolor'	'xterm'	-	''	'1'	False	False	False	False	None	True
'truecolor'	'xterm'	-	''	'1'	False	True	True	False	truecolor	True
'truecolor'	'xterm'	-	'0'	-	True	False	False	False	None	False
'truecolor'	'xterm'	-	'0'	-	True	True	True	False	truecolor	False
'truecolor'	'xterm'	-	'0'	-	False	False	False	False	None	False
'truecolor'	'xterm'	-	'0'	-	False	True	True	False	truecolor	False
'truecolor'	'xterm'	-	'0'	''	True	False	False	False	None	False
'truecolor'	'xterm'	-	'0'	''	True	True	True	False	truecolor	False
'truecolor'	'xterm'	-	'0'	''	False	False	False	False	None	False
'truecolor'	'xterm'	-	'0'	''	False	True	True	False	truecolor	False
'truecolor'	'xterm'	-	'0'	'1'	True	False	False	False	None	True
'truecolor'	'xterm'	-	'0'	'1'	True	True	True	False	truecolor	True
'truecolor'	'xterm'	-	'0'	'1'	False	False	False	False	None	True
'truecolor'	'xterm'	-	'0'	'1'	False	True	True	False	truecolor	True
'truecolor'	'xterm'	-	'1'	-	True	False	True	False	truecolor	False
'truecolor'	'xterm'	-	'1'	-	True	True	True	False	truecolor	False
'truecolor'	'xterm'	-	'1'	-	False	False	True	False	truecolor	False
'truecolor'	'xterm'	-	'1'	-	False	True	True	False	truecolor	False
'truecolor'	'xterm'	-	'1'	''	True	False	True	False	truecolor	False
'truecolor'	'xterm'	-	'1'	''	True	True	True	False	truecolor	False
'truecolor'	'xterm'	-	'1'	''	False	False	True	False	truecolor	False
'truecolor'	'xterm'	-	'1'	''	False	True	True	False	truecolor	False
'truecolor'	'xterm'	-	'1'	'1'	True	False	True	False	truecolor	True
'truecolor'	'xterm'	-	'1'	'1'	True	True	True	False	truecolor	True
'truecolor'	'xterm'	-	'1'	'1'	False	False	True	False	truecolor	True
'truecolor'	'xterm'	-	'1'	'1'	False	True	True	False	truecolor	True
'truecolor'	'xterm'	''	-	-	True	False	False	False	None	False
'truecolor'	'xterm'	''	-	-	True	True	True	False	truecolor	False
'truecolor'	'xterm'	''	-	-	False	False	False	False	None	False
'truecolor'	'xterm'	''	-	-	False	True	True	False	truecolor	False
'truecolor'	'xterm'	''	-	''	True	False	False	False	None	False
'truecolor'	'xterm'	''	-	''	True	True	True	False	truecolor	False
'truecolor'	'xterm'	''	-	''	False	False	False	False	None	False
'truecolor'	'xterm'	''	-	''	False	True	True	False	truecolor	False
'truecolor'	'xterm'	''	-	'1'	True	False	False	False	None	True
'truecolor'	'xterm'	''	-	'1'	True	True	True	False	truecolor	True
'truecolor'	'xterm'	''	-	'1'	False	False	False	False	None	True
'truecolor'	'xterm'	''	-	'1'	False	True	True	False	truecolor	True
'truecolor'	'xterm'	''	''	-	True	False	False	False	None	False
'truecolor'	'xterm'	''	''	-	True	True	True	False	truecolor	False
'truecolor'	'xterm'	''	''	-	False	False	False	False	None	False
'truecolor'	'xterm'	''	''	-	False	True	True	False	truecolor	False
'truecolor'	'xterm'	''	''	''	True	False	False	False	None	False
'truecolor'	'xterm'	''	''	''	True	True	True	False	truecolor	False
'truecolor'	'xterm'	''	''	''	False	False	False	False	None	False
'truecolor'	'xterm'	''	''	''	False	True	True	False	truecolor	False
'truecolor'	'xterm'	''	''	'1'	True	False	False	False	None	True
'truecolor'	'xterm'	''	''	'1'	True	True	True	False	truecolor	True
'truecolor'	'xterm'	''	''	'1'	False	False	False	False	None	True
'truecolor'	'xterm'	''	''	'1'	False	True	True	False	truecolor	True
'truecolor'	'xterm'	''	'0'	-	True	False	False	False	None	False
'truecolor'	'xterm'	''	'0'	-	True	True	True	False	truecolor	False
'truecolor'	'xterm'	''	'0'	-	False	False	False	False	None	False
'truecolor'	'xterm'	''	'0'	-	False	True	True	False	truecolor	False
'truecolor'	'xterm'	''	'0'	''	True	False	False	False	None	False
'truecolor'	'xterm'	''	'0'	''	True	True	True	False	truecolor	False
'truecolor'	'xterm'	''	'0'	''	False	False	False	False	None	False
'truecolor'	'xterm'	''	'0'	''	False	True	True	False	truecolor	False
'truecolor'	'xterm'	''	'0'	'1'	True	False	False	False	None	True
'truecolor'	'xterm'	''	'0'	'1'	True	True	True	False	truecolor	True
'truecolor'	'xterm'	''	'0'	'1'	False	False	False	False	None	True
'truecolor'	'xterm'	''	'0'	'1'	False	True	True	False	truecolor	True
'truecolor'	'xterm'	''	'1'	-	True	False	True	False	truecolor	False
'truecolor'	'xterm'	''	'1'	-	True	True	True	False	truecolor	False
'truecolor'	'xterm'	''	'1'	-	False	False	True	False	truecolor	False
'truecolor'	'xterm'	''	'1'	-	False	True	True	False	truecolor	False
'truecolor'	'xterm'	''	'1'	''	True	False	True	False	truecolor	False
'truecolor'	'xterm'	''	'1'	''	True	True	True	False	truecolor	False
'truecolor'	'xterm'	''	'1'	''	False	False	True	False	truecolor	False
'truecolor'	'xterm'	''	'1'	''	False	True	True	False	truecolor	False
'truecolor'	'xterm'	''	'1'	'1'	True	False	True	False	truecolor	True
'truecolor'	'xterm'	''	'1'	'1'	True	True	True	False	truecolor	True
'truecolor'	'xterm'	''	'1'	'1'	False	False	True	False	truecolor	True
'truecolor'	'xterm'	''	'1'	'1'	False	True	True	False	truecolor	True
'truecolor'	'xterm'	'1'	-	-	True	False	True	False	truecolor	False
'truecolor'	'xterm'	'1'	-	-	True	True	True	False	truecolor	False
'truecolor'	'xterm'	'1'	-	-	False	False	True	False	truecolor	False
'truecolor'	'xterm'	'1'	-	-	False	True	True	False	truecolor	False
'truecolor'	'xterm'	'1'	-	''	True	False	True	False	truecolor	False
'truecolor'	'xterm'	'1'	-	''	True	True	True	False	truecolor	False
'truecolor'	'xterm'	'1'	-	''	False	False	True	False	truecolor	False
'truecolor'	'xterm'	'1'	-	''	False	True	True	False	truecolor	False
'truecolor'	'xterm'	'1'	-	'1'	True	False	True	False	truecolor	True
'truecolor'	'xterm'	'1'	-	'1'	True	True	True	False	truecolor	True
'truecolor'	'xterm'	'1'	-	'1'	False	False	True	False	truecolor	True
'truecolor'	'xterm'	'1'	-	'1'	False	True	True	False	truecolor	True
'truecolor'	'xterm'	'1'	''	-	True	False	True	False	truecolor	False
'truecolor'	'xterm'	'1'	''	-	True	True	True	False	truecolor	False
'truecolor'	'xterm'	'1'	''	-	False	False	True	False	truecolor	False
'truecolor'	'xterm'	'1'	''	-	False	True	True	False	truecolor	False
'truecolor'	'xterm'	'1'	''	''	True	False	True	False	truecolor	False
'truecolor'	'xterm'	'1'	''	''	True	True	True	False	truecolor	False
'truecolor'	'xterm'	'1'	''	''	False	False	True	False	truecolor	False
'truecolor'	'xterm'	'1'	''	''	False	True	True	False	truecolor	False
'truecolor'	'xterm'	'1'	''	'1'	True	False	True	False	truecolor	True
'truecolor'	'xterm'	'1'	''	'1'	True	True	True	False	truecolor	True
'truecolor'	'xterm'	'1'	''	'1'	False	False	True	False	truecolor	True
'truecolor'	'xterm'	'1'	''	'1'	False	True	True	False	truecolor	True
'truecolor'	'xterm'	'1'	'0'	-	True	False	False	False	None	False
'truecolor'	'xterm'	'1'	'0'	-	True	True	True	False	truecolor	False
'truecolor'	'xterm'	'1'	'0'	-	False	False	False	False	None	False
'truecolor'	'xterm'	'1'	'0'	-	False	True	True	False	truecolor	False
'truecolor'	'xterm'	'1'	'0'	''	True	False	False	False	None	False
'truecolor'	'xterm'	'1'	'0'	''	True	True	True	False	truecolor	False
'truecolor'	'xterm'	'1'	'0'	''	False	False	False	False	None	False
'truecolor'	'xterm'	'1'	'0'	''	False	True	True	False	truecolor	False
'truecolor'	'xterm'	'1'	'0'	'1'	True	False	False	False	None	True
'truecolor'	'xterm'	'1'	'0'	'1'	True	True	True	False	truecolor	True
'truecolor'	'xterm'	'1'	'0'	'1'	False	False	False	False	None	True
'truecolor'	'xterm'	'1'	'0'	'1'	False	True	True	False	truecolor	True
'truecolor'	'xterm'	'1'	'1'	-	True	False	True	False	truecolor	False
'truecolor'	'xterm'	'1'	'1'	-	True	True	True	False	truecolor	False
'truecolor'	'xterm'	'1'	'1'	-	False	False	True	False	truecolor	False
'truecolor'	'xterm'	'1'	'1'	-	False	True	True	False	truecolor	False
'truecolor'	'xterm'	'1'	'1'	''	True	False	True	False	truecolor	False
'truecolor'	'xterm'	'1'	'1'	''	True	True	True	False	truecolor	False
'truecolor'	'xterm'	'1'	'1'	''	False	False	True	False	truecolor	False
'truecolor'	'xterm'	'1'	'1'	''	False	True	True	False	truecolor	False
'truecolor'	'xterm'	'1'	'1'	'1'	True	False	True	False	truecolor	True
'truecolor'	'xterm'	'1'	'1'	'1'	True	True	True	False	truecolor	True
'truecolor'	'xterm'	'1'	'1'	'1'	False	False	True	False	truecolor	True
'truecolor'	'xterm'	'1'	'1'	'1'	False	True	True	False	truecolor	True
'truecolor'	'xterm'	'0'	-	-	True	False	True	False	truecolor	False
'truecolor'	'xterm'	'0'	-	-	True	True	True	False	truecolor	False
'truecolor'	'xterm'	'0'	-	-	False	False	True	False	truecolor	False
'truecolor'	'xterm'	'0'	-	-	False	True	True	False	truecolor	False
'truecolor'	'xterm'	'0'	-	''	True	False	True	False	truecolor	False
'truecolor'	'xterm'	'0'	-	''	True	True	True	False	truecolor	False
'truecolor'	'xterm'	'0'	-	''	False	False	True	False	truecolor	False
'truecolor'	'xterm'	'0'	-	''	False	True	True	False	truecolor	False
'truecolor'	'xterm'	'0'	-	'1'	True	False	True	False	truecolor	True
'truecolor'	'xterm'	'0'	-	'1'	True	True	True	False	truecolor	True
'truecolor'	'xterm'	'0'	-	'1'	False	False	True	False	truecolor	True
'truecolor'	'xterm'	'0'	-	'1'	False	True	True	False	truecolor	True
'truecolor'	'xterm'	'0'	''	-	True	False	True	False	truecolor	False
'truecolor'	'xterm'	'0'	''	-	True	True	True	False	truecolor	False
'truecolor'	'xterm'	'0'	''	-	False	False	True	False	truecolor	False
'truecolor'	'xterm'	'0'	''	-	False	True	True	False	truecolor	False
'truecolor'	'xterm'	'0'	''	''	True	False	True	False	truecolor	False
'truecolor'	'xterm'	'0'	''	''	True	True	True	False	truecolor	False
'truecolor'	'xterm'	'0'	''	''	False	False	True	False	truecolor	False
'truecolor'	'xterm'	'0'	''	''	False	True	True	False	truecolor	False
'truecolor'	'xterm'	'0'	''	'1'	True	False	True	False	truecolor	True
'truecolor'	'xterm'	'0'	''	'1'	True	True	True	False	truecolor	True
'truecolor'	'xterm'	'0'	''	'1'	False	False	True	False	truecolor	True
'truecolor'	'xterm'	'0'	''	'1'	False	True	True	False	truecolor	True
'truecolor'	'xterm'	'0'	'0'	-	True	False	False	False	None	False
'truecolor'	'xterm'	'0'	'0'	-	True	True	True	False	truecolor	False
'truecolor'	'xterm'	'0'	'0'	-	False	False	False	False	None	False
'truecolor'	'xterm'	'0'	'0'	-	False	True	True	False	truecolor	False
'truecolor'	'xterm'	'0'	'0'	''	True	False	False	False	None	False
'truecolor'	'xterm'	'0'	'0'	''	True	True	True	False	truecolor	False
'truecolor'	'xterm'	'0'	'0'	''	False	False	False	False	None	False
'truecolor'	'xterm'	'0'	'0'	''	False	True	True	False	truecolor	False
'truecolor'	'xterm'	'0'	'0'	'1'	True	False	False	False	None	True
'truecolor'	'xterm'	'0'	'0'	'1'	True	True	True	False	truecolor	True
'truecolor'	'xterm'	'0'	'0'	'1'	False	False	False	False	None	True
'truecolor'	'xterm'	'0'	'0'	'1'	False	True	True	False	truecolor	True
'truecolor'	'xterm'	'0'	'1'	-	True	False	True	False	truecolor	False
'truecolor'	'xterm'	'0'	'1'	-	True	True	True	False	truecolor	False
'truecolor'	'xterm'	'0'	'1'	-	False	False	True	False	truecolor	False
'truecolor'	'xterm'	'0'	'1'	-	False	True	True	False	truecolor	False
'truecolor'	'xterm'	'0'	'1'	''	True	False	True	False	truecolor	False
'truecolor'	'xterm'	'0'	'1'	''	True	True	True	False	truecolor	False
'truecolor'	'xterm'	'0'	'1'	''	False	False	True	False	truecolor	False
'truecolor'	'xterm'	'0'	'1'	''	False	True	True	False	truecolor	False
'truecolor'	'xterm'	'0'	'1'	'1'	True	False	True	False	truecolor	True
'truecolor'	'xterm'	'0'	'1'	'1'	True	True	True	False	truecolor	True
'truecolor'	'xterm'	'0'	'1'	'1'	False	False	True	False	truecolor	True
'truecolor'	'xterm'	'0'	'1'	'1'	False	True	True	False	truecolor	True
'truecolor'	'xterm-256color'	-	-	-	True	False	True	False	truecolor	False
'truecolor'	'xterm-256color'	-	-	-	True	True	True	False	truecolor	False
'truecolor'	'xterm-256color'	-	-	-	False	False	False	False	None	False
'truecolor'	'xterm-256color'	-	-	-	False	True	True	False	truecolor	False
'truecolor'	'xterm-256color'	-	-	''	True	False	True	False	truecolor	False
'truecolor'	'xterm-256color'	-	-	''	True	True	True	False	truecolor	False
'truecolor'	'xterm-256color'	-	-	''	False	False	False	False	None	False
'truecolor'	'xterm-256color'	-	-	''	False	True	True	False	truecolor	False
'truecolor'	'xterm-256color'	-	-	'1'	True	False	True	False	truecolor	True
'truecolor'	'xterm-256color'	-	-	'1'	True	True	True	False	truecolor	True
'truecolor'	'xterm-256color'	-	-	'1'	False	False	False	False	None	True
'truecolor'	'xterm-256color'	-	-	'1'	False	True	True	False	truecolor	True
'truecolor'	'xterm-256color'	-	''	-	True	False	True	False	truecolor	False
'truecolor'	'xterm-256color'	-	''	-	True	True	True	False	truecolor	False
'truecolor'	'xterm-256color'	-	''	-	False	False	False	False	None	False
'truecolor'	'xterm-256color'	-	''	-	False	True	True	False	truecolor	False
'truecolor'	'xterm-256color'	-	''	''	True	False	True	False	truecolor	False
'truecolor'	'xterm-256color'	-	''	''	True	True	True	False	truecolor	False
'truecolor'	'xterm-256color'	-	''	''	False	False	False	False	None	False
'truecolor'	'xterm-256color'	-	''	''	False	True	True	False	truecolor	False
'truecolor'	'xterm-256color'	-	''	'1'	True	False	True	False	truecolor	True
'truecolor'	'xterm-256color'	-	''	'1'	True	True	True	False	truecolor	True
'truecolor'	'xterm-256color'	-	''	'1'	False	False	False	False	None	True
'truecolor'	'xterm-256color'	-	''	'1'	False	True	True	False	truecolor	True
'truecolor'	'xterm-256color'	-	'0'	-	True	False	False	False	None	False
'truecolor'	'xterm-256color'	-	'0'	-	True	True	True	False	truecolor	False
'truecolor'	'xterm-256color'	-	'0'	-	False	False	False	False	None	False
'truecolor'	'xterm-256color'	-	'0'	-	False	True	True	False	truecolor	False
'truecolor'	'xterm-256color'	-	'0'	''	True	False	False	False	None	False
'truecolor'	'xterm-256color'	-	'0'	''	True	True	True	False	truecolor	False
'truecolor'	'xterm-256color'	-	'0'	''	False	False	False	False	None	False
'truecolor'	'xterm-256color'	-	'0'	''	False	True	True	False	truecolor	False
'truecolor'	'xterm-256color'	-	'0'	'1'	True	False	False	False	None	True
'truecolor'	'xterm-256color'	-	'0'	'1'	True	True	True	False	truecolor	True
'truecolor'	'xterm-256color'	-	'0'	'1'	False	False	False	False	None	True
'truecolor'	'xterm-256color'	-	'0'	'1'	False	True	True	False	truecolor	True
'truecolor'	'xterm-256color'	-	'1'	-	True	False	True	False	truecolor	False
'truecolor'	'xterm-256color'	-	'1'	-	True	True	True	False	truecolor	False
'truecolor'	'xterm-256color'	-	'1'	-	False	False	True	False	truecolor	False
'truecolor'	'xterm-256color'	-	'1'	-	False	True	True	False	truecolor	False
'truecolor'	'xterm-256color'	-	'1'	''	True	False	True	False	truecolor	False
'truecolor'	'xterm-256color'	-	'1'	''	True	True	True	False	truecolor	False
'truecolor'	'xterm-256color'	-	'1'	''	False	False	True	False	truecolor	False
'truecolor'	'xterm-256color'	-	'1'	''	False	True	True	False	truecolor	False
'truecolor'	'xterm-256color'	-	'1'	'1'	True	False	True	False	truecolor	True
'truecolor'	'xterm-256color'	-	'1'	'1'	True	True	True	False	truecolor	True
'truecolor'	'xterm-256color'	-	'1'	'1'	False	False	True	False	truecolor	True
'truecolor'	'xterm-256color'	-	'1'	'1'	False	True	True	False	truecolor	True
'truecolor'	'xterm-256color'	''	-	-	True	False	False	False	None	False
'truecolor'	'xterm-256color'	''	-	-	True	True	True	False	truecolor	False
'truecolor'	'xterm-256color'	''	-	-	False	False	False	False	None	False
'truecolor'	'xterm-256color'	''	-	-	False	True	True	False	truecolor	False
'truecolor'	'xterm-256color'	''	-	''	True	False	False	False	None	False
'truecolor'	'xterm-256color'	''	-	''	True	True	True	False	truecolor	False
'truecolor'	'xterm-256color'	''	-	''	False	False	False	False	None	False
'truecolor'	'xterm-256color'	''	-	''	False	True	True	False	truecolor	False
'truecolor'	'xterm-256color'	''	-	'1'	True	False	False	False	None	True
'truecolor'	'xterm-256color'	''	-	'1'	True	True	True	False	truecolor	True
'truecolor'	'xterm-256color'	''	-	'1'	False	False	False	False	None	True
'truecolor'	'xterm-256color'	''	-	'1'	False	True	True	False	truecolor	True
'truecolor'	'xterm-256color'	''	''	-	True	False	False	False	None	False
'truecolor'	'xterm-256color'	''	''	-	True	True	True	False	truecolor	False
'truecolor'	'xterm-256color'	''	''	-	False	False	False	False	None	False
'truecolor'	'xterm-256color'	''	''	-	False	True	True	False	truecolor	False
'truecolor'	'xterm-256color'	''	''	''	True	False	False	False	None	False
'truecolor'	'xterm-256color'	''	''	''	True	True	True	False	truecolor	False
'truecolor'	'xterm-256color'	''	''	''	False	False	False	False	None	False
'truecolor'	'xterm-256color'	''	''	''	False	True	True	False	truecolor	False
'truecolor'	'xterm-256color'	''	''	'1'	True	False	False	False	None	True
'truecolor'	'xterm-256color'	''	''	'1'	True	True	True	False	truecolor	True
'truecolor'	'xterm-256color'	''	''	'1'	False	False	False	False	None	True
'truecolor'	'xterm-256color'	''	''	'1'	False	True	True	False	truecolor	True
'truecolor'	'xterm-256color'	''	'0'	-	True	False	False	False	None	False
'truecolor'	'xterm-256color'	''	'0'	-	True	True	True	False	truecolor	False
'truecolor'	'xterm-256color'	''	'0'	-	False	False	False	False	None	False
'truecolor'	'xterm-256color'	''	'0'	-	False	True	True	False	truecolor	False
'truecolor'	'xterm-256color'	''	'0'	''	True	False	False	False	None	False
'truecolor'	'xterm-256color'	''	'0'	''	True	True	True	False	truecolor	False
'truecolor'	'xterm-256color'	''	'0'	''	False	False	False	False	None	False
'truecolor'	'xterm-256color'	''	'0'	''	False	True	True	False	truecolor	False
'truecolor'	'xterm-256color'	''	'0'	'1'	True	False	False	False	None	True
'truecolor'	'xterm-256color'	''	'0'	'1'	True	True	True	False	truecolor	True
'truecolor'	'xterm-256color'	''	'0'	'1'	False	False	False	False	None	True
'truecolor'	'xterm-256color'	''	'0'	'1'	False	True	True	False	truecolor	True
'truecolor'	'xterm-256color'	''	'1'	-	True	False	True	False	truecolor	False
'truecolor'	'xterm-256color'	''	'1'	-	True	True	True	False	truecolor	False
'truecolor'	'xterm-256color'	''	'1'	-	False	False	True	False	truecolor	False
'truecolor'	'xterm-256color'	''	'1'	-	False	True	True	False	truecolor	False
'truecolor'	'xterm-256color'	''	'1'	''	True	False	True	False	truecolor	False
'truecolor'	'xterm-256color'	''	'1'	''	True	True	True	False	truecolor	False
'truecolor'	'xterm-256color'	''	'1'	''	False	False	True	False	truecolor	False
'truecolor'	'xterm-256color'	''	'1'	''	False	True	True	False	truecolor	False
'truecolor'	'xterm-256color'	''	'1'	'1'	True	False	True	False	truecolor	True
'truecolor'	'xterm-256color'	''	'1'	'1'	True	True	True	False	truecolor	True
'truecolor'	'xterm-256color'	''	'1'	'1'	False	False	True	False	truecolor	True
'truecolor'	'xterm-256color'	''	'1'	'1'	False	True	True	False	truecolor	True
'truecolor'	'xterm-256color'	'1'	-	-	True	False	True	False	truecolor	False
'truecolor'	'xterm-256color'	'1'	-	-	True	True	True	False	truecolor	False
'truecolor'	'xterm-256color'	'1'	-	-	False	False	True	False	truecolor	False
'truecolor'	'xterm-256color'	'1'	-	-	False	True	True	False	truecolor	False
'truecolor'	'xterm-256color'	'1'	-	''	True	False	True	False	truecolor	False
'truecolor'	'xterm-256color'	'1'	-	''	True	True	True	False	truecolor	False
'truecolor'	'xterm-256color'	'1'	-	''	False	False	True	False	truecolor	False
'truecolor'	'xterm-256color'	'1'	-	''	False	True	True	False	truecolor	False
'truecolor'	'xterm-256color'	'1'	-	'1'	True	False	True	False	truecolor	True
'truecolor'	'xterm-256color'	'1'	-	'1'	True	True	True	False	truecolor	True
'truecolor'	'xterm-256color'	'1'	-	'1'	False	False	True	False	truecolor	True
'truecolor'	'xterm-256color'	'1'	-	'1'	False	True	True	False	truecolor	True
'truecolor'	'xterm-256color'	'1'	''	-	True	False	True	False	truecolor	False
'truecolor'	'xterm-256color'	'1'	''	-	True	True	True	False	truecolor	False
'truecolor'	'xterm-256color'	'1'	''	-	False	False	True	False	truecolor	False
'truecolor'	'xterm-256color'	'1'	''	-	False	True	True	False	truecolor	False
'truecolor'	'xterm-256color'	'1'	''	''	True	False	True	False	truecolor	False
'truecolor'	'xterm-256color'	'1'	''	''	True	True	True	False	truecolor	False
'truecolor'	'xterm-256color'	'1'	''	''	False	False	True	False	truecolor	False
'truecolor'	'xterm-256color'	'1'	''	''	False	True	True	False	truecolor	False
'truecolor'	'xterm-256color'	'1'	''	'1'	True	False	True	False	truecolor	True
'truecolor'	'xterm-256color'	'1'	''	'1'	True	True	True	False	truecolor	True
'truecolor'	'xterm-256color'	'1'	''	'1'	False	False	True	False	truecolor	True
'truecolor'	'xterm-256color'	'1'	''	'1'	False	True	True	False	truecolor	True
'truecolor'	'xterm-256color'	'1'	'0'	-	True	False	False	False	None	False
'truecolor'	'xterm-256color'	'1'	'0'	-	True	True	True	False	truecolor	False
'truecolor'	'xterm-256color'	'1'	'0'	-	False	False	False	False	None	False
'truecolor'	'xterm-256color'	'1'	'0'	-	False	True	True	False	truecolor	False
'truecolor'	'xterm-256color'	'1'	'0'	''	True	False	False	False	None	False
'truecolor'	'xterm-256color'	'1'	'0'	''	True	True	True	False	truecolor	False
'truecolor'	'xterm-256color'	'1'	'0'	''	False	False	False	False	None	False
'truecolor'	'xterm-256color'	'1'	'0'	''	False	True	True	False	truecolor	False
'truecolor'	'xterm-256color'	'1'	'0'	'1'	True	False	False	False	None	True
'truecolor'	'xterm-256color'	'1'	'0'	'1'	True	True	True	False	truecolor	True
'truecolor'	'xterm-256color'	'1'	'0'	'1'	False	False	False	False	None	True
'truecolor'	'xterm-256color'	'1'	'0'	'1'	False	True	True	False	truecolor	True
'truecolor'	'xterm-256color'	'1'	'1'	-	True	False	True	False	truecolor	False
'truecolor'	'xterm-256color'	'1'	'1'	-	True	True	True	False	truecolor	False
'truecolor'	'xterm-256color'	'1'	'1'	-	False	False	True	False	truecolor	False
'truecolor'	'xterm-256color'	'1'	'1'	-	False	True	True	False	truecolor	False
'truecolor'	'xterm-256color'	'1'	'1'	''	True	False	True	False	truecolor	False
'truecolor'	'xterm-256color'	'1'	'1'	''	True	True	True	False	truecolor	False
'truecolor'	'xterm-256color'	'1'	'1'	''	False	False	True	False	truecolor	False
'truecolor'	'xterm-256color'	'1'	'1'	''	False	True	True	False	truecolor	False
'truecolor'	'xterm-256color'	'1'	'1'	'1'	True	False	True	False	truecolor	True
'truecolor'	'xterm-256color'	'1'	'1'	'1'	True	True	True	False	truecolor	True
'truecolor'	'xterm-256color'	'1'	'1'	'1'	False	False	True	False	truecolor	True
'truecolor'	'xterm-256color'	'1'	'1'	'1'	False	True	True	False	truecolor	True
'truecolor'	'xterm-256color'	'0'	-	-	True	False	True	False	truecolor	False
'truecolor'	'xterm-256color'	'0'	-	-	True	True	True	False	truecolor	False
'truecolor'	'xterm-256color'	'0'	-	-	False	False	True	False	truecolor	False
'truecolor'	'xterm-256color'	'0'	-	-	False	True	True	False	truecolor	False
'truecolor'	'xterm-256color'	'0'	-	''	True	False	True	False	truecolor	False
'truecolor'	'xterm-256color'	'0'	-	''	True	True	True	False	truecolor	False
'truecolor'	'xterm-256color'	'0'	-	''	False	False	True	False	truecolor	False
'truecolor'	'xterm-256color'	'0'	-	''	False	True	True	False	truecolor	False
'truecolor'	'xterm-256color'	'0'	-	'1'	True	False	True	False	truecolor	True
'truecolor'	'xterm-256color'	'0'	-	'1'	True	True	True	False	truecolor	True
'truecolor'	'xterm-256color'	'0'	-	'1'	False	False	True	False	truecolor	True
'truecolor'	'xterm-256color'	'0'	-	'1'	False	True	True	False	truecolor	True
'truecolor'	'xterm-256color'	'0'	''	-	True	False	True	False	truecolor	False
'truecolor'	'xterm-256color'	'0'	''	-	True	True	True	False	truecolor	False
'truecolor'	'xterm-256color'	'0'	''	-	False	False	True	False	truecolor	False
'truecolor'	'xterm-256color'	'0'	''	-	False	True	True	False	truecolor	False
'truecolor'	'xterm-256color'	'0'	''	''	True	False	True	False	truecolor	False
'truecolor'	'xterm-256color'	'0'	''	''	True	True	True	False	truecolor	False
'truecolor'	'xterm-256color'	'0'	''	''	False	False	True	False	truecolor	False
'truecolor'	'xterm-256color'	'0'	''	''	False	True	True	False	truecolor	False
'truecolor'	'xterm-256color'	'0'	''	'1'	True	False	True	False	truecolor	True
'truecolor'	'xterm-256color'	'0'	''	'1'	True	True	True	False	truecolor	True
'truecolor'	'xterm-256color'	'0'	''	'1'	False	False	True	False	truecolor	True
'truecolor'	'xterm-256color'	'0'	''	'1'	False	True	True	False	truecolor	True
'truecolor'	'xterm-256color'	'0'	'0'	-	True	False	False	False	None	False
'truecolor'	'xterm-256color'	'0'	'0'	-	True	True	True	False	truecolor	False
'truecolor'	'xterm-256color'	'0'	'0'	-	False	False	False	False	None	False
'truecolor'	'xterm-256color'	'0'	'0'	-	False	True	True	False	truecolor	False
'truecolor'	'xterm-256color'	'0'	'0'	''	True	False	False	False	None	False
'truecolor'	'xterm-256color'	'0'	'0'	''	True	True	True	False	truecolor	False
'truecolor'	'xterm-256color'	'0'	'0'	''	False	False	False	False	None	False
'truecolor'	'xterm-256color'	'0'	'0'	''	False	True	True	False	truecolor	False
'truecolor'	'xterm-256color'	'0'	'0'	'1'	True	False	False	False	None	True
'truecolor'	'xterm-256color'	'0'	'0'	'1'	True	True	True	False	truecolor	True
'truecolor'	'xterm-256color'	'0'	'0'	'1'	False	False	False	False	None	True
'truecolor'	'xterm-256color'	'0'	'0'	'1'	False	True	True	False	truecolor	True
'truecolor'	'xterm-256color'	'0'	'1'	-	True	False	True	False	truecolor	False
'truecolor'	'xterm-256color'	'0'	'1'	-	True	True	True	False	truecolor	False
'truecolor'	'xterm-256color'	'0'	'1'	-	False	False	True	False	truecolor	False
'truecolor'	'xterm-256color'	'0'	'1'	-	False	True	True	False	truecolor	False
'truecolor'	'xterm-256color'	'0'	'1'	''	True	False	True	False	truecolor	False
'truecolor'	'xterm-256color'	'0'	'1'	''	True	True	True	False	truecolor	False
'truecolor'	'xterm-256color'	'0'	'1'	''	False	False	True	False	truecolor	False
'truecolor'	'xterm-256color'	'0'	'1'	''	False	True	True	False	truecolor	False
'truecolor'	'xterm-256color'	'0'	'1'	'1'	True	False	True	False	truecolor	True
'truecolor'	'xterm-256color'	'0'	'1'	'1'	True	True	True	False	truecolor	True
'truecolor'	'xterm-256color'	'0'	'1'	'1'	False	False	True	False	truecolor	True
'truecolor'	'xterm-256color'	'0'	'1'	'1'	False	True	True	False	truecolor	True
'truecolor'	'xterm-16color'	-	-	-	True	False	True	False	truecolor	False
'truecolor'	'xterm-16color'	-	-	-	True	True	True	False	truecolor	False
'truecolor'	'xterm-16color'	-	-	-	False	False	False	False	None	False
'truecolor'	'xterm-16color'	-	-	-	False	True	True	False	truecolor	False
'truecolor'	'xterm-16color'	-	-	''	True	False	True	False	truecolor	False
'truecolor'	'xterm-16color'	-	-	''	True	True	True	False	truecolor	False
'truecolor'	'xterm-16color'	-	-	''	False	False	False	False	None	False
'truecolor'	'xterm-16color'	-	-	''	False	True	True	False	truecolor	False
'truecolor'	'xterm-16color'	-	-	'1'	True	False	True	False	truecolor	True
'truecolor'	'xterm-16color'	-	-	'1'	True	True	True	False	truecolor	True
'truecolor'	'xterm-16color'	-	-	'1'	False	False	False	False	None	True
'truecolor'	'xterm-16color'	-	-	'1'	False	True	True	False	truecolor	True
'truecolor'	'xterm-16color'	-	''	-	True	False	True	False	truecolor	False
'truecolor'	'xterm-16color'	-	''	-	True	True	True	False	truecolor	False
'truecolor'	'xterm-16color'	-	''	-	False	False	False	False	None	False
'truecolor'	'xterm-16color'	-	''	-	False	True	True	False	truecolor	False
'truecolor'	'xterm-16color'	-	''	''	True	False	True	False	truecolor	False
'truecolor'	'xterm-16color'	-	''	''	True	True	True	False	truecolor	False
'truecolor'	'xterm-16color'	-	''	''	False	False	False	False	None	False
'truecolor'	'xterm-16color'	-	''	''	False	True	True	False	truecolor	False
'truecolor'	'xterm-16color'	-	''	'1'	True	False	True	False	truecolor	True
'truecolor'	'xterm-16color'	-	''	'1'	True	True	True	False	truecolor	True
'truecolor'	'xterm-16color'	-	''	'1'	False	False	False	False	None	True
'truecolor'	'xterm-16color'	-	''	'1'	False	True	True	False	truecolor	True
'truecolor'	'xterm-16color'	-	'0'	-	True	False	False	False	None	False
'truecolor'	'xterm-16color'	-	'0'	-	True	True	True	False	truecolor	False
'truecolor'	'xterm-16color'	-	'0'	-	False	False	False	False	None	False
'truecolor'	'xterm-16color'	-	'0'	-	False	True	True	False	truecolor	False
'truecolor'	'xterm-16color'	-	'0'	''	True	False	False	False	None	False
'truecolor'	'xterm-16color'	-	'0'	''	True	True	True	False	truecolor	False
'truecolor'	'xterm-16color'	-	'0'	''	False	False	False	False	None	False
'truecolor'	'xterm-16color'	-	'0'	''	False	True	True	False	truecolor	False
'truecolor'	'xterm-16color'	-	'0'	'1'	True	False	False	False	None	True
'truecolor'	'xterm-16color'	-	'0'	'1'	True	True	True	False	truecolor	True
'truecolor'	'xterm-16color'	-	'0'	'1'	False	False	False	False	None	True
'truecolor'	'xterm-16color'	-	'0'	'1'	False	True	True	False	truecolor	True
'truecolor'	'xterm-16color'	-	'1'	-	True	False	True	False	truecolor	False
'truecolor'	'xterm-16color'	-	'1'	-	True	True	True	False	truecolor	False
'truecolor'	'xterm-16color'	-	'1'	-	False	False	True	False	truecolor	False
'truecolor'	'xterm-16color'	-	'1'	-	False	True	True	False	truecolor	False
'truecolor'	'xterm-16color'	-	'1'	''	True	False	True	False	truecolor	False
'truecolor'	'xterm-16color'	-	'1'	''	True	True	True	False	truecolor	False
'truecolor'	'xterm-16color'	-	'1'	''	False	False	True	False	truecolor	False
'truecolor'	'xterm-16color'	-	'1'	''	False	True	True	False	truecolor	False
'truecolor'	'xterm-16color'	-	'1'	'1'	True	False	True	False	truecolor	True
'truecolor'	'xterm-16color'	-	'1'	'1'	True	True	True	False	truecolor	True
'truecolor'	'xterm-16color'	-	'1'	'1'	False	False	True	False	truecolor	True
'truecolor'	'xterm-16color'	-	'1'	'1'	False	True	True	False	truecolor	True
'truecolor'	'xterm-16color'	''	-	-	True	False	False	False	None	False
'truecolor'	'xterm-16color'	''	-	-	True	True	True	False	truecolor	False
'truecolor'	'xterm-16color'	''	-	-	False	False	False	False	None	False
'truecolor'	'xterm-16color'	''	-	-	False	True	True	False	truecolor	False
'truecolor'	'xterm-16color'	''	-	''	True	False	False	False	None	False
'truecolor'	'xterm-16color'	''	-	''	True	True	True	False	truecolor	False
'truecolor'	'xterm-16color'	''	-	''	False	False	False	False	None	False
'truecolor'	'xterm-16color'	''	-	''	False	True	True	False	truecolor	False
'truecolor'	'xterm-16color'	''	-	'1'	True	False	False	False	None	True
'truecolor'	'xterm-16color'	''	-	'1'	True	True	True	False	truecolor	True
'truecolor'	'xterm-16color'	''	-	'1'	False	False	False	False	None	True
'truecolor'	'xterm-16color'	''	-	'1'	False	True	True	False	truecolor	True
'truecolor'	'xterm-16color'	''	''	-	True	False	False	False	None	False
'truecolor'	'xterm-16color'	''	''	-	True	True	True	False	truecolor	False
'truecolor'	'xterm-16color'	''	''	-	False	False	False	False	None	False
'truecolor'	'xterm-16color'	''	''	-	False	True	True	False	truecolor	False
'truecolor'	'xterm-16color'	''	''	''	True	False	False	False	None	False
'truecolor'	'xterm-16color'	''	''	''	True	True	True	False	truecolor	False
'truecolor'	'xterm-16color'	''	''	''	False	False	False	False	None	False
'truecolor'	'xterm-16color'	''	''	''	False	True	True	False	truecolor	False
'truecolor'	'xterm-16color'	''	''	'1'	True	False	False	False	None	True
'truecolor'	'xterm-16color'	''	''	'1'	True	True	True	False	truecolor	True
'truecolor'	'xterm-16color'	''	''	'1'	False	False	False	False	None	True
'truecolor'	'xterm-16color'	''	''	'1'	False	True	True	False	truecolor	True
'truecolor'	'xterm-16color'	''	'0'	-	True	False	False	False	None	False
'truecolor'	'xterm-16color'	''	'0'	-	True	True	True	False	truecolor	False
'truecolor'	'xterm-16color'	''	'0'	-	False	False	False	False	None	False
'truecolor'	'xterm-16color'	''	'0'	-	False	True	True	False	truecolor	False
'truecolor'	'xterm-16color'	''	'0'	''	True	False	False	False	None	False
'truecolor'	'xterm-16color'	''	'0'	''	True	True	True	False	truecolor	False
'truecolor'	'xterm-16color'	''	'0'	''	False	False	False	False	None	False
'truecolor'	'xterm-16color'	''	'0'	''	False	True	True	False	truecolor	False
'truecolor'	'xterm-16color'	''	'0'	'1'	True	False	False	False	None	True
'truecolor'	'xterm-16color'	''	'0'	'1'	True	True	True	False	truecolor	True
'truecolor'	'xterm-16color'	''	'0'	'1'	False	False	False	False	None	True
'truecolor'	'xterm-16color'	''	'0'	'1'	False	True	True	False	truecolor	True
'truecolor'	'xterm-16color'	''	'1'	-	True	False	True	False	truecolor	False
'truecolor'	'xterm-16color'	''	'1'	-	True	True	True	False	truecolor	False
'truecolor'	'xterm-16color'	''	'1'	-	False	False	True	False	truecolor	False
'truecolor'	'xterm-16color'	''	'1'	-	False	True	True	False	truecolor	False
'truecolor'	'xterm-16color'	''	'1'	''	True	False	True	False	truecolor	False
'truecolor'	'xterm-16color'	''	'1'	''	True	True	True	False	truecolor	False
'truecolor'	'xterm-16color'	''	'1'	''	False	False	True	False	truecolor	False
'truecolor'	'xterm-16color'	''	'1'	''	False	True	True	False	truecolor	False
'truecolor'	'xterm-16color'	''	'1'	'1'	True	False	True	False	truecolor	True
'truecolor'	'xterm-16color'	''	'1'	'1'	True	True	True	False	truecolor	True
'truecolor'	'xterm-16color'	''	'1'	'1'	False	False	True	False	truecolor	True
'truecolor'	'xterm-16color'	''	'1'	'1'	False	True	True	False	truecolor	True
'truecolor'	'xterm-16color'	'1'	-	-	True	False	True	False	truecolor	False
'truecolor'	'xterm-16color'	'1'	-	-	True	True	True	False	truecolor	False
'truecolor'	'xterm-16color'	'1'	-	-	False	False	True	False	truecolor	False
'truecolor'	'xterm-16color'	'1'	-	-	False	True	True	False	truecolor	False
'truecolor'	'xterm-16color'	'1'	-	''	True	False	True	False	truecolor	False
'truecolor'	'xterm-16color'	'1'	-	''	True	True	True	False	truecolor	False
'truecolor'	'xterm-16color'	'1'	-	''	False	False	True	False	truecolor	False
'truecolor'	'xterm-16color'	'1'	-	''	False	True	True	False	truecolor	False
'truecolor'	'xterm-16color'	'1'	-	'1'	True	False	True	False	truecolor	True
'truecolor'	'xterm-16color'	'1'	-	'1'	True	True	True	False	truecolor	True
'truecolor'	'xterm-16color'	'1'	-	'1'	False	False	True	False	truecolor	True
'truecolor'	'xterm-16color'	'1'	-	'1'	False	True	True	False	truecolor	True
'truecolor'	'xterm-16color'	'1'	''	-	True	False	True	False	truecolor	False
'truecolor'	'xterm-16color'	'1'	''	-	True	True	True	False	truecolor	False
'truecolor'	'xterm-16color'	'1'	''	-	False	False	True	False	truecolor	False
'truecolor'	'xterm-16color'	'1'	''	-	False	True	True	False	truecolor	False
'truecolor'	'xterm-16color'	'1'	''	''	True	False	True	False	truecolor	False
'truecolor'	'xterm-16color'	'1'	''	''	True	True	True	False	truecolor	False
'truecolor'	'xterm-16color'	'1'	''	''	False	False	True	False	truecolor	False
'truecolor'	'xterm-16color'	'1'	''	''	False	True	True	False	truecolor	False
'truecolor'	'xterm-16color'	'1'	''	'1'	True	False	True	False	truecolor	True
'truecolor'	'xterm-16color'	'1'	''	'1'	True	True	True	False	truecolor	True
'truecolor'	'xterm-16color'	'1'	''	'1'	False	False	True	False	truecolor	True
'truecolor'	'xterm-16color'	'1'	''	'1'	False	True	True	False	truecolor	True
'truecolor'	'xterm-16color'	'1'	'0'	-	True	False	False	False	None	False
'truecolor'	'xterm-16color'	'1'	'0'	-	True	True	True	False	truecolor	False
'truecolor'	'xterm-16color'	'1'	'0'	-	False	False	False	False	None	False
'truecolor'	'xterm-16color'	'1'	'0'	-	False	True	True	False	truecolor	False
'truecolor'	'xterm-16color'	'1'	'0'	''	True	False	False	False	None	False
'truecolor'	'xterm-16color'	'1'	'0'	''	True	True	True	False	truecolor	False
'truecolor'	'xterm-16color'	'1'	'0'	''	False	False	False	False	None	False
'truecolor'	'xterm-16color'	'1'	'0'	''	False	True	True	False	truecolor	False
'truecolor'	'xterm-16color'	'1'	'0'	'1'	True	False	False	False	None	True
'truecolor'	'xterm-16color'	'1'	'0'	'1'	True	True	True	False	truecolor	True
'truecolor'	'xterm-16color'	'1'	'0'	'1'	False	False	False	False	None	True
'truecolor'	'xterm-16color'	'1'	'0'	'1'	False	True	True	False	truecolor	True
'truecolor'	'xterm-16color'	'1'	'1'	-	True	False	True	False	truecolor	False
'truecolor'	'xterm-16color'	'1'	'1'	-	True	True	True	False	truecolor	False
'truecolor'	'xterm-16color'	'1'	'1'	-	False	False	True	False	truecolor	False
'truecolor'	'xterm-16color'	'1'	'1'	-	False	True	True	False	truecolor	False
'truecolor'	'xterm-16color'	'1'	'1'	''	True	False	True	False	truecolor	False
'truecolor'	'xterm-16color'	'1'	'1'	''	True	True	True	False	truecolor	False
'truecolor'	'xterm-16color'	'1'	'1'	''	False	False	True	False	truecolor	False
'truecolor'	'xterm-16color'	'1'	'1'	''	False	True	True	False	truecolor	False
'truecolor'	'xterm-16color'	'1'	'1'	'1'	True	False	True	False	truecolor	True
'truecolor'	'xterm-16color'	'1'	'1'	'1'	True	True	True	False	truecolor	True
'truecolor'	'xterm-16color'	'1'	'1'	'1'	False	False	True	False	truecolor	True
'truecolor'	'xterm-16color'	'1'	'1'	'1'	False	True	True	False	truecolor	True
'truecolor'	'xterm-16color'	'0'	-	-	True	False	True	False	truecolor	False
'truecolor'	'xterm-16color'	'0'	-	-	True	True	True	False	truecolor	False
'truecolor'	'xterm-16color'	'0'	-	-	False	False	True	False	truecolor	False
'truecolor'	'xterm-16color'	'0'	-	-	False	True	True	False	truecolor	False
'truecolor'	'xterm-16color'	'0'	-	''	True	False	True	False	truecolor	False
'truecolor'	'xterm-16color'	'0'	-	''	True	True	True	False	truecolor	False
'truecolor'	'xterm-16color'	'0'	-	''	False	False	True	False	truecolor	False
'truecolor'	'xterm-16color'	'0'	-	''	False	True	True	False	truecolor	False
'truecolor'	'xterm-16color'	'0'	-	'1'	True	False	True	False	truecolor	True
'truecolor'	'xterm-16color'	'0'	-	'1'	True	True	True	False	truecolor	True
'truecolor'	'xterm-16color'	'0'	-	'1'	False	False	True	False	truecolor	True
'truecolor'	'xterm-16color'	'0'	-	'1'	False	True	True	False	truecolor	True
'truecolor'	'xterm-16color'	'0'	''	-	True	False	True	False	truecolor	False
'truecolor'	'xterm-16color'	'0'	''	-	True	True	True	False	truecolor	False
'truecolor'	'xterm-16color'	'0'	''	-	False	False	True	False	truecolor	False
'truecolor'	'xterm-16color'	'0'	''	-	False	True	True	False	truecolor	False
'truecolor'	'xterm-16color'	'0'	''	''	True	False	True	False	truecolor	False
'truecolor'	'xterm-16color'	'0'	''	''	True	True	True	False	truecolor	False
'truecolor'	'xterm-16color'	'0'	''	''	False	False	True	False	truecolor	False
'truecolor'	'xterm-16color'	'0'	''	''	False	True	True	False	truecolor	False
'truecolor'	'xterm-16color'	'0'	''	'1'	True	False	True	False	truecolor	True
'truecolor'	'xterm-16color'	'0'	''	'1'	True	True	True	False	truecolor	True
'truecolor'	'xterm-16color'	'0'	''	'1'	False	False	True	False	truecolor	True
'truecolor'	'xterm-16color'	'0'	''	'1'	False	True	True	False	truecolor	True
'truecolor'	'xterm-16color'	'0'	'0'	-	True	False	False	False	None	False
'truecolor'	'xterm-16color'	'0'	'0'	-	True	True	True	False	truecolor	False
'truecolor'	'xterm-16color'	'0'	'0'	-	False	False	False	False	None	False
'truecolor'	'xterm-16color'	'0'	'0'	-	False	True	True	False	truecolor	False
'truecolor'	'xterm-16color'	'0'	'0'	''	True	False	False	False	None	False
'truecolor'	'xterm-16color'	'0'	'0'	''	True	True	True	False	truecolor	False
'truecolor'	'xterm-16color'	'0'	'0'	''	False	False	False	False	None	False
'truecolor'	'xterm-16color'	'0'	'0'	''	False	True	True	False	truecolor	False
'truecolor'	'xterm-16color'	'0'	'0'	'1'	True	False	False	False	None	True
'truecolor'	'xterm-16color'	'0'	'0'	'1'	True	True	True	False	truecolor	True
'truecolor'	'xterm-16color'	'0'	'0'	'1'	False	False	False	False	None	True
'truecolor'	'xterm-16color'	'0'	'0'	'1'	False	True	True	False	truecolor	True
'truecolor'	'xterm-16color'	'0'	'1'	-	True	False	True	False	truecolor	False
'truecolor'	'xterm-16color'	'0'	'1'	-	True	True	True	False	truecolor	False
'truecolor'	'xterm-16color'	'0'	'1'	-	False	False	True	False	truecolor	False
'truecolor'	'xterm-16color'	'0'	'1'	-	False	True	True	False	truecolor	False
'truecolor'	'xterm-16color'	'0'	'1'	''	True	False	True	False	truecolor	False
'truecolor'	'xterm-16color'	'0'	'1'	''	True	True	True	False	truecolor	False
'truecolor'	'xterm-16color'	'0'	'1'	''	False	False	True	False	truecolor	False
'truecolor'	'xterm-16color'	'0'	'1'	''	False	True	True	False	truecolor	False
'truecolor'	'xterm-16color'	'0'	'1'	'1'	True	False	True	False	truecolor	True
'truecolor'	'xterm-16color'	'0'	'1'	'1'	True	True	True	False	truecolor	True
'truecolor'	'xterm-16color'	'0'	'1'	'1'	False	False	True	False	truecolor	True
'truecolor'	'xterm-16color'	'0'	'1'	'1'	False	True	True	False	truecolor	True
'truecolor'	'kitty'	-	-	-	True	False	True	False	truecolor	False
'truecolor'	'kitty'	-	-	-	True	True	True	False	truecolor	False
'truecolor'	'kitty'	-	-	-	False	False	False	False	None	False
'truecolor'	'kitty'	-	-	-	False	True	True	False	truecolor	False
'truecolor'	'kitty'	-	-	''	True	False	True	False	truecolor	False
'truecolor'	'kitty'	-	-	''	True	True	True	False	truecolor	False
'truecolor'	'kitty'	-	-	''	False	False	False	False	None	False
'truecolor'	'kitty'	-	-	''	False	True	True	False	truecolor	False
'truecolor'	'kitty'	-	-	'1'	True	False	True	False	truecolor	True
'truecolor'	'kitty'	-	-	'1'	True	True	True	False	truecolor	True
'truecolor'	'kitty'	-	-	'1'	False	False	False	False	None	True
'truecolor'	'kitty'	-	-	'1'	False	True	True	False	truecolor	True
'truecolor'	'kitty'	-	''	-	True	False	True	False	truecolor	False
'truecolor'	'kitty'	-	''	-	True	True	True	False	truecolor	False
'truecolor'	'kitty'	-	''	-	False	False	False	False	None	False
'truecolor'	'kitty'	-	''	-	False	True	True	False	truecolor	False
'truecolor'	'kitty'	-	''	''	True	False	True	False	truecolor	False
'truecolor'	'kitty'	-	''	''	True	True	True	False	truecolor	False
'truecolor'	'kitty'	-	''	''	False	False	False	False	None	False
'truecolor'	'kitty'	-	''	''	False	True	True	False	truecolor	False
'truecolor'	'kitty'	-	''	'1'	True	False	True	False	truecolor	True
'truecolor'	'kitty'	-	''	'1'	True	True	True	False	truecolor	True
'truecolor'	'kitty'	-	''	'1'	False	False	False	False	None	True
'truecolor'	'kitty'	-	''	'1'	False	True	True	False	truecolor	True
'truecolor'	'kitty'	-	'0'	-	True	False	False	False	None	False
'truecolor'	'kitty'	-	'0'	-	True	True	True	False	truecolor	False
'truecolor'	'kitty'	-	'0'	-	False	False	False	False	None	False
'truecolor'	'kitty'	-	'0'	-	False	True	True	False	truecolor	False
'truecolor'	'kitty'	-	'0'	''	True	False	False	False	None	False
'truecolor'	'kitty'	-	'0'	''	True	True	True	False	truecolor	False
'truecolor'	'kitty'	-	'0'	''	False	False	False	False	None	False
'truecolor'	'kitty'	-	'0'	''	False	True	True	False	truecolor	False
'truecolor'	'kitty'	-	'0'	'1'	True	False	False	False	None	True
'truecolor'	'kitty'	-	'0'	'1'	True	True	True	False	truecolor	True
'truecolor'	'kitty'	-	'0'	'1'	False	False	False	False	None	True
'truecolor'	'kitty'	-	'0'	'1'	False	True	True	False	truecolor	True
'truecolor'	'kitty'	-	'1'	-	True	False	True	False	truecolor	False
'truecolor'	'kitty'	-	'1'	-	True	True	True	False	truecolor	False
'truecolor'	'kitty'	-	'1'	-	False	False	True	False	truecolor	False
'truecolor'	'kitty'	-	'1'	-	False	True	True	False	truecolor	False
'truecolor'	'kitty'	-	'1'	''	True	False	True	False	truecolor	False
'truecolor'	'kitty'	-	'1'	''	True	True	True	False	truecolor	False
'truecolor'	'kitty'	-	'1'	''	False	False	True	False	truecolor	False
'truecolor'	'kitty'	-	'1'	''	False	True	True	False	truecolor	False
'truecolor'	'kitty'	-	'1'	'1'	True	False	True	False	truecolor	True
'truecolor'	'kitty'	-	'1'	'1'	True	True	True	False	truecolor	True
'truecolor'	'kitty'	-	'1'	'1'	False	False	True	False	truecolor	True
'truecolor'	'kitty'	-	'1'	'1'	False	True	True	False	truecolor	True
'truecolor'	'kitty'	''	-	-	True	False	False	False	None	False
'truecolor'	'kitty'	''	-	-	True	True	True	False	truecolor	False
'truecolor'	'kitty'	''	-	-	False	False	False	False	None	False
'truecolor'	'kitty'	''	-	-	False	True	True	False	truecolor	False
'truecolor'	'kitty'	''	-	''	True	False	False	False	None	False
'truecolor'	'kitty'	''	-	''	True	True	True	False	truecolor	False
'truecolor'	'kitty'	''	-	''	False	False	False	False	None	False
'truecolor'	'kitty'	''	-	''	False	True	True	False	truecolor	False
'truecolor'	'kitty'	''	-	'1'	True	False	False	False	None	True
'truecolor'	'kitty'	''	-	'1'	True	True	True	False	truecolor	True
'truecolor'	'kitty'	''	-	'1'	False	False	False	False	None	True
'truecolor'	'kitty'	''	-	'1'	False	True	True	False	truecolor	True
'truecolor'	'kitty'	''	''	-	True	False	False	False	None	False
'truecolor'	'kitty'	''	''	-	True	True	True	False	truecolor	False
'truecolor'	'kitty'	''	''	-	False	False	False	False	None	False
'truecolor'	'kitty'	''	''	-	False	True	True	False	truecolor	False
'truecolor'	'kitty'	''	''	''	True	False	False	False	None	False
'truecolor'	'kitty'	''	''	''	True	True	True	False	truecolor	False
'truecolor'	'kitty'	''	''	''	False	False	False	False	None	False
'truecolor'	'kitty'	''	''	''	False	True	True	False	truecolor	False
'truecolor'	'kitty'	''	''	'1'	True	False	False	False	None	True
'truecolor'	'kitty'	''	''	'1'	True	True	True	False	truecolor	True
'truecolor'	'kitty'	''	''	'1'	False	False	False	False	None	True
'truecolor'	'kitty'	''	''	'1'	False	True	True	False	truecolor	True
'truecolor'	'kitty'	''	'0'	-	True	False	False	False	None	False
'truecolor'	'kitty'	''	'0'	-	True	True	True	False	truecolor	False
'truecolor'	'kitty'	''	'0'	-	False	False	False	False	None	False
'truecolor'	'kitty'	''	'0'	-	False	True	True	False	truecolor	False
'truecolor'	'kitty'	''	'0'	''	True	False	False	False	None	False
'truecolor'	'kitty'	''	'0'	''	True	True	True	False	truecolor	False
'truecolor'	'kitty'	''	'0'	''	False	False	False	False	None	False
'truecolor'	'kitty'	''	'0'	''	False	True	True	False	truecolor	False
'truecolor'	'kitty'	''	'0'	'1'	True	False	False	False	None	True
'truecolor'	'kitty'	''	'0'	'1'	True	True	True	False	truecolor	True
'truecolor'	'kitty'	''	'0'	'1'	False	False	False	False	None	True
'truecolor'	'kitty'	''	'0'	'1'	False	True	True	False	truecolor	True
'truecolor'	'kitty'	''	'1'	-	True	False	True	False	truecolor	False
'truecolor'	'kitty'	''	'1'	-	True	True	True	False	truecolor	False
'truecolor'	'kitty'	''	'1'	-	False	False	True	False	truecolor	False
'truecolor'	'kitty'	''	'1'	-	False	True	True	False	truecolor	False
'truecolor'	'kitty'	''	'1'	''	True	False	True	False	truecolor	False
'truecolor'	'kitty'	''	'1'	''	True	True	True	False	truecolor	False
'truecolor'	'kitty'	''	'1'	''	False	False	True	False	truecolor	False
'truecolor'	'kitty'	''	'1'	''	False	True	True	False	truecolor	False
'truecolor'	'kitty'	''	'1'	'1'	True	False	True	False	truecolor	True
'truecolor'	'kitty'	''	'1'	'1'	True	True	True	False	truecolor	True
'truecolor'	'kitty'	''	'1'	'1'	False	False	True	False	truecolor	True
'truecolor'	'kitty'	''	'1'	'1'	False	True	True	False	truecolor	True
'truecolor'	'kitty'	'1'	-	-	True	False	True	False	truecolor	False
'truecolor'	'kitty'	'1'	-	-	True	True	True	False	truecolor	False
'truecolor'	'kitty'	'1'	-	-	False	False	True	False	truecolor	False
'truecolor'	'kitty'	'1'	-	-	False	True	True	False	truecolor	False
'truecolor'	'kitty'	'1'	-	''	True	False	True	False	truecolor	False
'truecolor'	'kitty'	'1'	-	''	True	True	True	False	truecolor	False
'truecolor'	'kitty'	'1'	-	''	False	False	True	False	truecolor	False
'truecolor'	'kitty'	'1'	-	''	False	True	True	False	truecolor	False
'truecolor'	'kitty'	'1'	-	'1'	True	False	True	False	truecolor	True
'truecolor'	'kitty'	'1'	-	'1'	True	True	True	False	truecolor	True
'truecolor'	'kitty'	'1'	-	'1'	False	False	True	False	truecolor	True
'truecolor'	'kitty'	'1'	-	'1'	False	True	True	False	truecolor	True
'truecolor'	'kitty'	'1'	''	-	True	False	True	False	truecolor	False
'truecolor'	'kitty'	'1'	''	-	True	True	True	False	truecolor	False
'truecolor'	'kitty'	'1'	''	-	False	False	True	False	truecolor	False
'truecolor'	'kitty'	'1'	''	-	False	True	True	False	truecolor	False
'truecolor'	'kitty'	'1'	''	''	True	False	True	False	truecolor	False
'truecolor'	'kitty'	'1'	''	''	True	True	True	False	truecolor	False
'truecolor'	'kitty'	'1'	''	''	False	False	True	False	truecolor	False
'truecolor'	'kitty'	'1'	''	''	False	True	True	False	truecolor	False
'truecolor'	'kitty'	'1'	''	'1'	True	False	True	False	truecolor	True
'truecolor'	'kitty'	'1'	''	'1'	True	True	True	False	truecolor	True
'truecolor'	'kitty'	'1'	''	'1'	False	False	True	False	truecolor	True
'truecolor'	'kitty'	'1'	''	'1'	False	True	True	False	truecolor	True
'truecolor'	'kitty'	'1'	'0'	-	True	False	False	False	None	False
'truecolor'	'kitty'	'1'	'0'	-	True	True	True	False	truecolor	False
'truecolor'	'kitty'	'1'	'0'	-	False	False	False	False	None	False
'truecolor'	'kitty'	'1'	'0'	-	False	True	True	False	truecolor	False
'truecolor'	'kitty'	'1'	'0'	''	True	False	False	False	None	False
'truecolor'	'kitty'	'1'	'0'	''	True	True	True	False	truecolor	False
'truecolor'	'kitty'	'1'	'0'	''	False	False	False	False	None	False
'truecolor'	'kitty'	'1'	'0'	''	False	True	True	False	truecolor	False
'truecolor'	'kitty'	'1'	'0'	'1'	True	False	False	False	None	True
'truecolor'	'kitty'	'1'	'0'	'1'	True	True	True	False	truecolor	True
'truecolor'	'kitty'	'1'	'0'	'1'	False	False	False	False	None	True
'truecolor'	'kitty'	'1'	'0'	'1'	False	True	True	False	truecolor	True
'truecolor'	'kitty'	'1'	'1'	-	True	False	True	False	truecolor	False
'truecolor'	'kitty'	'1'	'1'	-	True	True	True	False	truecolor	False
'truecolor'	'kitty'	'1'	'1'	-	False	False	True	False	truecolor	False
'truecolor'	'kitty'	'1'	'1'	-	False	True	True	False	truecolor	False
'truecolor'	'kitty'	'1'	'1'	''	True	False	True	False	truecolor	False
'truecolor'	'kitty'	'1'	'1'	''	True	True	True	False	truecolor	False
'truecolor'	'kitty'	'1'	'1'	''	False	False	True	False	truecolor	False
'truecolor'	'kitty'	'1'	'1'	''	False	True	True	False	truecolor	False
'truecolor'	'kitty'	'1'	'1'	'1'	True	False	True	False	truecolor	True
'truecolor'	'kitty'	'1'	'1'	'1'	True	True	True	False	truecolor	True
'truecolor'	'kitty'	'1'	'1'	'1'	False	False	True	False	truecolor	True
'truecolor'	'kitty'	'1'	'1'	'1'	False	True	True	False	truecolor	True
'truecolor'	'kitty'	'0'	-	-	True	False	True	False	truecolor	False
'truecolor'	'kitty'	'0'	-	-	True	True	True	False	truecolor	False
'truecolor'	'kitty'	'0'	-	-	False	False	True	False	truecolor	False
'truecolor'	'kitty'	'0'	-	-	False	True	True	False	truecolor	False
'truecolor'	'kitty'	'0'	-	''	True	False	True	False	truecolor	False
'truecolor'	'kitty'	'0'	-	''	True	True	True	False	truecolor	False
'truecolor'	'kitty'	'0'	-	''	False	False	True	False	truecolor	False
'truecolor'	'kitty'	'0'	-	''	False	True	True	False	truecolor	False
'truecolor'	'kitty'	'0'	-	'1'	True	False	True	False	truecolor	True
'truecolor'	'kitty'	'0'	-	'1'	True	True	True	False	truecolor	True
'truecolor'	'kitty'	'0'	-	'1'	False	False	True	False	truecolor	True
'truecolor'	'kitty'	'0'	-	'1'	False	True	True	False	truecolor	True
'truecolor'	'kitty'	'0'	''	-	True	False	True	False	truecolor	False
'truecolor'	'kitty'	'0'	''	-	True	True	True	False	truecolor	False
'truecolor'	'kitty'	'0'	''	-	False	False	True	False	truecolor	False
'truecolor'	'kitty'	'0'	''	-	False	True	True	False	truecolor	False
'truecolor'	'kitty'	'0'	''	''	True	False	True	False	truecolor	False
'truecolor'	'kitty'	'0'	''	''	True	True	True	False	truecolor	False
'truecolor'	'kitty'	'0'	''	''	False	False	True	False	truecolor	False
'truecolor'	'kitty'	'0'	''	''	False	True	True	False	truecolor	False
'truecolor'	'kitty'	'0'	''	'1'	True	False	True	False	truecolor	True
'truecolor'	'kitty'	'0'	''	'1'	True	True	True	False	truecolor	True
'truecolor'	'kitty'	'0'	''	'1'	False	False	True	False	truecolor	True
'truecolor'	'kitty'	'0'	''	'1'	False	True	True	False	truecolor	True
'truecolor'	'kitty'	'0'	'0'	-	True	False	False	False	None	False
'truecolor'	'kitty'	'0'	'0'	-	True	True	True	False	truecolor	False
'truecolor'	'kitty'	'0'	'0'	-	False	False	False	False	None	False
'truecolor'	'kitty'	'0'	'0'	-	False	True	True	False	truecolor	False
'truecolor'	'kitty'	'0'	'0'	''	True	False	False	False	None	False
'truecolor'	'kitty'	'0'	'0'	''	True	True	True	False	truecolor	False
'truecolor'	'kitty'	'0'	'0'	''	False	False	False	False	None	False
'truecolor'	'kitty'	'0'	'0'	''	False	True	True	False	truecolor	False
'truecolor'	'kitty'	'0'	'0'	'1'	True	False	False	False	None	True
'truecolor'	'kitty'	'0'	'0'	'1'	True	True	True	False	truecolor	True
'truecolor'	'kitty'	'0'	'0'	'1'	False	False	False	False	None	True
'truecolor'	'kitty'	'0'	'0'	'1'	False	True	True	False	truecolor	True
'truecolor'	'kitty'	'0'	'1'	-	True	False	True	False	truecolor	False
'truecolor'	'kitty'	'0'	'1'	-	True	True	True	False	truecolor	False
'truecolor'	'kitty'	'0'	'1'	-	False	False	True	False	truecolor	False
'truecolor'	'kitty'	'0'	'1'	-	False	True	True	False	truecolor	False
'truecolor'	'kitty'	'0'	'1'	''	True	False	True	False	truecolor	False
'truecolor'	'kitty'	'0'	'1'	''	True	True	True	False	truecolor	False
'truecolor'	'kitty'	'0'	'1'	''	False	False	True	False	truecolor	False
'truecolor'	'kitty'	'0'	'1'	''	False	True	True	False	truecolor	False
'truecolor'	'kitty'	'0'	'1'	'1'	True	False	True	False	truecolor	True
'truecolor'	'kitty'	'0'	'1'	'1'	True	True	True	False	truecolor	True
'truecolor'	'kitty'	'0'	'1'	'1'	False	False	True	False	truecolor	True
'truecolor'	'kitty'	'0'	'1'	'1'	False	True	True	False	truecolor	True
'truecolor'	'screen-256color'	-	-	-	True	False	True	False	truecolor	False
'truecolor'	'screen-256color'	-	-	-	True	True	True	False	truecolor	False
'truecolor'	'screen-256color'	-	-	-	False	False	False	False	None	False
'truecolor'	'screen-256color'	-	-	-	False	True	True	False	truecolor	False
'truecolor'	'screen-256color'	-	-	''	True	False	True	False	truecolor	False
'truecolor'	'screen-256color'	-	-	''	True	True	True	False	truecolor	False
'truecolor'	'screen-256color'	-	-	''	False	False	False	False	None	False
'truecolor'	'screen-256color'	-	-	''	False	True	True	False	truecolor	False
'truecolor'	'screen-256color'	-	-	'1'	True	False	True	False	truecolor	True
'truecolor'	'screen-256color'	-	-	'1'	True	True	True	False	truecolor	True
'truecolor'	'screen-256color'	-	-	'1'	False	False	False	False	None	True
'truecolor'	'screen-256color'	-	-	'1'	False	True	True	False	truecolor	True
'truecolor'	'screen-256color'	-	''	-	True	False	True	False	truecolor	False
'truecolor'	'screen-256color'	-	''	-	True	True	True	False	truecolor	False
'truecolor'	'screen-256color'	-	''	-	False	False	False	False	None	False
'truecolor'	'screen-256color'	-	''	-	False	True	True	False	truecolor	False
'truecolor'	'screen-256color'	-	''	''	True	False	True	False	truecolor	False
'truecolor'	'screen-256color'	-	''	''	True	True	True	False	truecolor	False
'truecolor'	'screen-256color'	-	''	''	False	False	False	False	None	False
'truecolor'	'screen-256color'	-	''	''	False	True	True	False	truecolor	False
'truecolor'	'screen-256color'	-	''	'1'	True	False	True	False	truecolor	True
'truecolor'	'screen-256color'	-	''	'1'	True	True	True	False	truecolor	True
'truecolor'	'screen-256color'	-	''	'1'	False	False	False	False	None	True
'truecolor'	'screen-256color'	-	''	'1'	False	True	True	False	truecolor	True
'truecolor'	'screen-256color'	-	'0'	-	True	False	False	False	None	False
'truecolor'	'screen-256color'	-	'0'	-	True	True	True	False	truecolor	False
'truecolor'	'screen-256color'	-	'0'	-	False	False	False	False	None	False
'truecolor'	'screen-256color'	-	'0'	-	False	True	True	False	truecolor	False
'truecolor'	'screen-256color'	-	'0'	''	True	False	False	False	None	False
'truecolor'	'screen-256color'	-	'0'	''	True	True	True	False	truecolor	False
'truecolor'	'screen-256color'	-	'0'	''	False	False	False	False	None	False
'truecolor'	'screen-256color'	-	'0'	''	False	True	True	False	truecolor	False
'truecolor'	'screen-256color'	-	'0'	'1'	True	False	False	False	None	True
'truecolor'	'screen-256color'	-	'0'	'1'	True	True	True	False	truecolor	True
'truecolor'	'screen-256color'	-	'0'	'1'	False	False	False	False	None	True
'truecolor'	'screen-256color'	-	'0'	'1'	False	True	True	False	truecolor	True
'truecolor'	'screen-256color'	-	'1'	-	True	False	True	False	truecolor	False
'truecolor'	'screen-256color'	-	'1'	-	True	True	True	False	truecolor	False
'truecolor'	'screen-256color'	-	'1'	-	False	False	True	False	truecolor	False
'truecolor'	'screen-256color'	-	'1'	-	False	True	True	False	truecolor	False
'truecolor'	'screen-256color'	-	'1'	''	True	False	True	False	truecolor	False
'truecolor'	'screen-256color'	-	'1'	''	True	True	True	False	truecolor	False
'truecolor'	'screen-256color'	-	'1'	''	False	False	True	False	truecolor	False
'truecolor'	'screen-256color'	-	'1'	''	False	True	True	False	truecolor	False
'truecolor'	'screen-256color'	-	'1'	'1'	True	False	True	False	truecolor	True
'truecolor'	'screen-256color'	-	'1'	'1'	True	True	True	False	truecolor	True
'truecolor'	'screen-256color'	-	'1'	'1'	False	False	True	False	truecolor	True
'truecolor'	'screen-256color'	-	'1'	'1'	False	True	True	False	truecolor	True
'truecolor'	'screen-256color'	''	-	-	True	False	False	False	None	False
'truecolor'	'screen-256color'	''	-	-	True	True	True	False	truecolor	False
'truecolor'	'screen-256color'	''	-	-	False	False	False	False	None	False
'truecolor'	'screen-256color'	''	-	-	False	True	True	False	truecolor	False
'truecolor'	'screen-256color'	''	-	''	True	False	False	False	None	False
'truecolor'	'screen-256color'	''	-	''	True	True	True	False	truecolor	False
'truecolor'	'screen-256color'	''	-	''	False	False	False	False	None	False
'truecolor'	'screen-256color'	''	-	''	False	True	True	False	truecolor	False
'truecolor'	'screen-256color'	''	-	'1'	True	False	False	False	None	True
'truecolor'	'screen-256color'	''	-	'1'	True	True	True	False	truecolor	True
'truecolor'	'screen-256color'	''	-	'1'	False	False	False	False	None	True
'truecolor'	'screen-256color'	''	-	'1'	False	True	True	False	truecolor	True
'truecolor'	'screen-256color'	''	''	-	True	False	False	False	None	False
'truecolor'	'screen-256color'	''	''	-	True	True	True	False	truecolor	False
'truecolor'	'screen-256color'	''	''	-	False	False	False	False	None	False
'truecolor'	'screen-256color'	''	''	-	False	True	True	False	truecolor	False
'truecolor'	'screen-256color'	''	''	''	True	False	False	False	None	False
'truecolor'	'screen-256color'	''	''	''	True	True	True	False	truecolor	False
'truecolor'	'screen-256color'	''	''	''	False	False	False	False	None	False
'truecolor'	'screen-256color'	''	''	''	False	True	True	False	truecolor	False
'truecolor'	'screen-256color'	''	''	'1'	True	False	False	False	None	True
'truecolor'	'screen-256color'	''	''	'1'	True	True	True	False	truecolor	True
'truecolor'	'screen-256color'	''	''	'1'	False	False	False	False	None	True
'truecolor'	'screen-256color'	''	''	'1'	False	True	True	False	truecolor	True
'truecolor'	'screen-256color'	''	'0'	-	True	False	False	False	None	False
'truecolor'	'screen-256color'	''	'0'	-	True	True	True	False	truecolor	False
'truecolor'	'screen-256color'	''	'0'	-	False	False	False	False	None	False
'truecolor'	'screen-256color'	''	'0'	-	False	True	True	False	truecolor	False
'truecolor'	'screen-256color'	''	'0'	''	True	False	False	False	None	False
'truecolor'	'screen-256color'	''	'0'	''	True	True	True	False	truecolor	False
'truecolor'	'screen-256color'	''	'0'	''	False	False	False	False	None	False
'truecolor'	'screen-256color'	''	'0'	''	False	True	True	False	truecolor	False
'truecolor'	'screen-256color'	''	'0'	'1'	True	False	False	False	None	True
'truecolor'	'screen-256color'	''	'0'	'1'	True	True	True	False	truecolor	True
'truecolor'	'screen-256color'	''	'0'	'1'	False	False	False	False	None	True
'truecolor'	'screen-256color'	''	'0'	'1'	False	True	True	False	truecolor	True
'truecolor'	'screen-256color'	''	'1'	-	True	False	True	False	truecolor	False
'truecolor'	'screen-256color'	''	'1'	-	True	True	True	False	truecolor	False
'truecolor'	'screen-256color'	''	'1'	-	False	False	True	False	truecolor	False
'truecolor'	'screen-256color'	''	'1'	-	False	True	True	False	truecolor	False
'truecolor'	'screen-256color'	''	'1'	''	True	False	True	False	truecolor	False
'truecolor'	'screen-256color'	''	'1'	''	True	True	True	False	truecolor	False
'truecolor'	'screen-256color'	''	'1'	''	False	False	True	False	truecolor	False
'truecolor'	'screen-256color'	''	'1'	''	False	True	True	False	truecolor	False
'truecolor'	'screen-256color'	''	'1'	'1'	True	False	True	False	truecolor	True
'truecolor'	'screen-256color'	''	'1'	'1'	True	True	True	False	truecolor	True
'truecolor'	'screen-256color'	''	'1'	'1'	False	False	True	False	truecolor	True
'truecolor'	'screen-256color'	''	'1'	'1'	False	True	True	False	truecolor	True
'truecolor'	'screen-256color'	'1'	-	-	True	False	True	False	truecolor	False
'truecolor'	'screen-256color'	'1'	-	-	True	True	True	False	truecolor	False
'truecolor'	'screen-256color'	'1'	-	-	False	False	True	False	truecolor	False
'truecolor'	'screen-256color'	'1'	-	-	False	True	True	False	truecolor	False
'truecolor'	'screen-256color'	'1'	-	''	True	False	True	False	truecolor	False
'truecolor'	'screen-256color'	'1'	-	''	True	True	True	False	truecolor	False
'truecolor'	'screen-256color'	'1'	-	''	False	False	True	False	truecolor	False
'truecolor'	'screen-256color'	'1'	-	''	False	True	True	False	truecolor	False
'truecolor'	'screen-256color'	'1'	-	'1'	True	False	True	False	truecolor	True
'truecolor'	'screen-256color'	'1'	-	'1'	True	True	True	False	truecolor	True
'truecolor'	'screen-256color'	'1'	-	'1'	False	False	True	False	truecolor	True
'truecolor'	'screen-256color'	'1'	-	'1'	False	True	True	False	truecolor	True
'truecolor'	'screen-256color'	'1'	''	-	True	False	True	False	truecolor	False
'truecolor'	'screen-256color'	'1'	''	-	True	True	True	False	truecolor	False
'truecolor'	'screen-256color'	'1'	''	-	False	False	True	False	truecolor	False
'truecolor'	'screen-256color'	'1'	''	-	False	True	True	False	truecolor	False
'truecolor'	'screen-256color'	'1'	''	''	True	False	True	False	truecolor	False
'truecolor'	'screen-256color'	'1'	''	''	True	True	True	False	truecolor	False
'truecolor'	'screen-256color'	'1'	''	''	False	False	True	False	truecolor	False
'truecolor'	'screen-256color'	'1'	''	''	False	True	True	False	truecolor	False
'truecolor'	'screen-256color'	'1'	''	'1'	True	False	True	False	truecolor	True
'truecolor'	'screen-256color'	'1'	''	'1'	True	True	True	False	truecolor	True
'truecolor'	'screen-256color'	'1'	''	'1'	False	False	True	False	truecolor	True
'truecolor'	'screen-256color'	'1'	''	'1'	False	True	True	False	truecolor	True
'truecolor'	'screen-256color'	'1'	'0'	-	True	False	False	False	None	False
'truecolor'	'screen-256color'	'1'	'0'	-	True	True	True	False	truecolor	False
'truecolor'	'screen-256color'	'1'	'0'	-	False	False	False	False	None	False
'truecolor'	'screen-256color'	'1'	'0'	-	False	True	True	False	truecolor	False
'truecolor'	'screen-256color'	'1'	'0'	''	True	False	False	False	None	False
'truecolor'	'screen-256color'	'1'	'0'	''	True	True	True	False	truecolor	False
'truecolor'	'screen-256color'	'1'	'0'	''	False	False	False	False	None	False
'truecolor'	'screen-256color'	'1'	'0'	''	False	True	True	False	truecolor	False
'truecolor'	'screen-256color'	'1'	'0'	'1'	True	False	False	False	None	True
'truecolor'	'screen-256color'	'1'	'0'	'1'	True	True	True	False	truecolor	True
'truecolor'	'screen-256color'	'1'	'0'	'1'	False	False	False	False	None	True
'truecolor'	'screen-256color'	'1'	'0'	'1'	False	True	True	False	truecolor	True
'truecolor'	'screen-256color'	'1'	'1'	-	True	False	True	False	truecolor	False
'truecolor'	'screen-256color'	'1'	'1'	-	True	True	True	False	truecolor	False
'truecolor'	'screen-256color'	'1'	'1'	-	False	False	True	False	truecolor	False
'truecolor'	'screen-256color'	'1'	'1'	-	False	True	True	False	truecolor	False
'truecolor'	'screen-256color'	'1'	'1'	''	True	False	True	False	truecolor	False
'truecolor'	'screen-256color'	'1'	'1'	''	True	True	True	False	truecolor	False
'truecolor'	'screen-256color'	'1'	'1'	''	False	False	True	False	truecolor	False
'truecolor'	'screen-256color'	'1'	'1'	''	False	True	True	False	truecolor	False
'truecolor'	'screen-256color'	'1'	'1'	'1'	True	False	True	False	truecolor	True
'truecolor'	'screen-256color'	'1'	'1'	'1'	True	True	True	False	truecolor	True
'truecolor'	'screen-256color'	'1'	'1'	'1'	False	False	True	False	truecolor	True
'truecolor'	'screen-256color'	'1'	'1'	'1'	False	True	True	False	truecolor	True
'truecolor'	'screen-256color'	'0'	-	-	True	False	True	False	truecolor	False
'truecolor'	'screen-256color'	'0'	-	-	True	True	True	False	truecolor	False
'truecolor'	'screen-256color'	'0'	-	-	False	False	True	False	truecolor	False
'truecolor'	'screen-256color'	'0'	-	-	False	True	True	False	truecolor	False
'truecolor'	'screen-256color'	'0'	-	''	True	False	True	False	truecolor	False
'truecolor'	'screen-256color'	'0'	-	''	True	True	True	False	truecolor	False
'truecolor'	'screen-256color'	'0'	-	''	False	False	True	False	truecolor	False
'truecolor'	'screen-256color'	'0'	-	''	False	True	True	False	truecolor	False
'truecolor'	'screen-256color'	'0'	-	'1'	True	False	True	False	truecolor	True
'truecolor'	'screen-256color'	'0'	-	'1'	True	True	True	False	truecolor	True
'truecolor'	'screen-256color'	'0'	-	'1'	False	False	True	False	truecolor	True
'truecolor'	'screen-256color'	'0'	-	'1'	False	True	True	False	truecolor	True
'truecolor'	'screen-256color'	'0'	''	-	True	False	True	False	truecolor	False
'truecolor'	'screen-256color'	'0'	''	-	True	True	True	False	truecolor	False
'truecolor'	'screen-256color'	'0'	''	-	False	False	True	False	truecolor	False
'truecolor'	'screen-256color'	'0'	''	-	False	True	True	False	truecolor	False
'truecolor'	'screen-256color'	'0'	''	''	True	False	True	False	truecolor	False
'truecolor'	'screen-256color'	'0'	''	''	True	True	True	False	truecolor	False
'truecolor'	'screen-256color'	'0'	''	''	False	False	True	False	truecolor	False
'truecolor'	'screen-256color'	'0'	''	''	False	True	True	False	truecolor	False
'truecolor'	'screen-256color'	'0'	''	'1'	True	False	True	False	truecolor	True
'truecolor'	'screen-256color'	'0'	''	'1'	True	True	True	False	truecolor	True
'truecolor'	'screen-256color'	'0'	''	'1'	False	False	True	False	truecolor	True
'truecolor'	'screen-256color'	'0'	''	'1'	False	True	True	False	truecolor	True
'truecolor'	'screen-256color'	'0'	'0'	-	True	False	False	False	None	False
'truecolor'	'screen-256color'	'0'	'0'	-	True	True	True	False	truecolor	False
'truecolor'	'screen-256color'	'0'	'0'	-	False	False	False	False	None	False
'truecolor'	'screen-256color'	'0'	'0'	-	False	True	True	False	truecolor	False
'truecolor'	'screen-256color'	'0'	'0'	''	True	False	False	False	None	False
'truecolor'	'screen-256color'	'0'	'0'	''	True	True	True	False	truecolor	False
'truecolor'	'screen-256color'	'0'	'0'	''	False	False	False	False	None	False
'truecolor'	'screen-256color'	'0'	'0'	''	False	True	True	False	truecolor	False
'truecolor'	'screen-256color'	'0'	'0'	'1'	True	False	False	False	None	True
'truecolor'	'screen-256color'	'0'	'0'	'1'	True	True	True	False	truecolor	True
'truecolor'	'screen-256color'	'0'	'0'	'1'	False	False	False	False	None	True
'truecolor'	'screen-256color'	'0'	'0'	'1'	False	True	True	False	truecolor	True
'truecolor'	'screen-256color'	'0'	'1'	-	True	False	True	False	truecolor	False
'truecolor'	'screen-256color'	'0'	'1'	-	True	True	True	False	truecolor	False
'truecolor'	'screen-256color'	'0'	'1'	-	False	False	True	False	truecolor	False
'truecolor'	'screen-256color'	'0'	'1'	-	False	True	True	False	truecolor	False
'truecolor'	'screen-256color'	'0'	'1'	''	True	False	True	False	truecolor	False
'truecolor'	'screen-256color'	'0'	'1'	''	True	True	True	False	truecolor	False
'truecolor'	'screen-256color'	'0'	'1'	''	False	False	True	False	truecolor	False
'truecolor'	'screen-256color'	'0'	'1'	''	False	True	True	False	truecolor	False
'truecolor'	'screen-256color'	'0'	'1'	'1'	True	False	True	False	truecolor	True
'truecolor'	'screen-256color'	'0'	'1'	'1'	True	True	True	False	truecolor	True
'truecolor'	'screen-256color'	'0'	'1'	'1'	False	False	True	False	truecolor	True
'truecolor'	'screen-256color'	'0'	'1'	'1'	False	True	True	False	truecolor	True
'24bit'	-	-	-	-	True	False	True	False	truecolor	False
'24bit'	-	-	-	-	True	True	True	False	truecolor	False
'24bit'	-	-	-	-	False	False	False	False	None	False
'24bit'	-	-	-	-	False	True	True	False	truecolor	False
'24bit'	-	-	-	''	True	False	True	False	truecolor	False
'24bit'	-	-	-	''	True	True	True	False	truecolor	False
'24bit'	-	-	-	''	False	False	False	False	None	False
'24bit'	-	-	-	''	False	True	True	False	truecolor	False
'24bit'	-	-	-	'1'	True	False	True	False	truecolor	True
'24bit'	-	-	-	'1'	True	True	True	False	truecolor	True
'24bit'	-	-	-	'1'	False	False	False	False	None	True
'24bit'	-	-	-	'1'	False	True	True	False	truecolor	True
'24bit'	-	-	''	-	True	False	True	False	truecolor	False
'24bit'	-	-	''	-	True	True	True	False	truecolor	False
'24bit'	-	-	''	-	False	False	False	False	None	False
'24bit'	-	-	''	-	False	True	True	False	truecolor	False
'24bit'	-	-	''	''	True	False	True	False	truecolor	False
'24bit'	-	-	''	''	True	True	True	False	truecolor	False
'24bit'	-	-	''	''	False	False	False	False	None	False
'24bit'	-	-	''	''	False	True	True	False	truecolor	False
'24bit'	-	-	''	'1'	True	False	True	False	truecolor	True
'24bit'	-	-	''	'1'	True	True	True	False	truecolor	True
'24bit'	-	-	''	'1'	False	False	False	False	None	True
'24bit'	-	-	''	'1'	False	True	True	False	truecolor	True
'24bit'	-	-	'0'	-	True	False	False	False	None	False
'24bit'	-	-	'0'	-	True	True	True	False	truecolor	False
'24bit'	-	-	'0'	-	False	False	False	False	None	False
'24bit'	-	-	'0'	-	False	True	True	False	truecolor	False
'24bit'	-	-	'0'	''	True	False	False	False	None	False
'24bit'	-	-	'0'	''	True	True	True	False	truecolor	False
'24bit'	-	-	'0'	''	False	False	False	False	None	False
'24bit'	-	-	'0'	''	False	True	True	False	truecolor	False
'24bit'	-	-	'0'	'1'	True	False	False	False	None	True
'24bit'	-	-	'0'	'1'	True	True	True	False	truecolor	True
'24bit'	-	-	'0'	'1'	False	False	False	False	None	True
'24bit'	-	-	'0'	'1'	False	True	True	False	truecolor	True
'24bit'	-	-	'1'	-	True	False	True	False	truecolor	False
'24bit'	-	-	'1'	-	True	True	True	False	truecolor	False
'24bit'	-	-	'1'	-	False	False	True	False	truecolor	False
'24bit'	-	-	'1'	-	False	True	True	False	truecolor	False
'24bit'	-	-	'1'	''	True	False	True	False	truecolor	False
'24bit'	-	-	'1'	''	True	True	True	False	truecolor	False
'24bit'	-	-	'1'	''	False	False	True	False	truecolor	False
'24bit'	-	-	'1'	''	False	True	True	False	truecolor	False
'24bit'	-	-	'1'	'1'	True	False	True	False	truecolor	True
'24bit'	-	-	'1'	'1'	True	True	True	False	truecolor	True
'24bit'	-	-	'1'	'1'	False	False	True	False	truecolor	True
'24bit'	-	-	'1'	'1'	False	True	True	False	truecolor	True
'24bit'	-	''	-	-	True	False	False	False	None	False
'24bit'	-	''	-	-	True	True	True	False	truecolor	False
'24bit'	-	''	-	-	False	False	False	False	None	False
'24bit'	-	''	-	-	False	True	True	False	truecolor	False
'24bit'	-	''	-	''	True	False	False	False	None	False
'24bit'	-	''	-	''	True	True	True	False	truecolor	False
'24bit'	-	''	-	''	False	False	False	False	None	False
'24bit'	-	''	-	''	False	True	True	False	truecolor	False
'24bit'	-	''	-	'1'	True	False	False	False	None	True
'24bit'	-	''	-	'1'	True	True	True	False	truecolor	True
'24bit'	-	''	-	'1'	False	False	False	False	None	True
'24bit'	-	''	-	'1'	False	True	True	False	truecolor	True
'24bit'	-	''	''	-	True	False	False	False	None	False
'24bit'	-	''	''	-	True	True	True	False	truecolor	False
'24bit'	-	''	''	-	False	False	False	False	None	False
'24bit'	-	''	''	-	False	True	True	False	truecolor	False
'24bit'	-	''	''	''	True	False	False	False	None	False
'24bit'	-	''	''	''	True	True	True	False	truecolor	False
'24bit'	-	''	''	''	False	False	False	False	None	False
'24bit'	-	''	''	''	False	True	True	False	truecolor	False
'24bit'	-	''	''	'1'	True	False	False	False	None	True
'24bit'	-	''	''	'1'	True	True	True	False	truecolor	True
'24bit'	-	''	''	'1'	False	False	False	False	None	True
'24bit'	-	''	''	'1'	False	True	True	False	truecolor	True
'24bit'	-	''	'0'	-	True	False	False	False	None	False
'24bit'	-	''	'0'	-	True	True	True	False	truecolor	False
'24bit'	-	''	'0'	-	False	False	False	False	None	False
'24bit'	-	''	'0'	-	False	True	True	False	truecolor	False
'24bit'	-	''	'0'	''	True	False	False	False	None	False
'24bit'	-	''	'0'	''	True	True	True	False	truecolor	False
'24bit'	-	''	'0'	''	False	False	False	False	None	False
'24bit'	-	''	'0'	''	False	True	True	False	truecolor	False
'24bit'	-	''	'0'	'1'	True	False	False	False	None	True
'24bit'	-	''	'0'	'1'	True	True	True	False	truecolor	True
'24bit'	-	''	'0'	'1'	False	False	False	False	None	True
'24bit'	-	''	'0'	'1'	False	True	True	False	truecolor	True
'24bit'	-	''	'1'	-	True	False	True	False	truecolor	False
'24bit'	-	''	'1'	-	True	True	True	False	truecolor	False
'24bit'	-	''	'1'	-	False	False	True	False	truecolor	False
'24bit'	-	''	'1'	-	False	True	True	False	truecolor	False
'24bit'	-	''	'1'	''	True	False	True	False	truecolor	False
'24bit'	-	''	'1'	''	True	True	True	False	truecolor	False
'24bit'	-	''	'1'	''	False	False	True	False	truecolor	False
'24bit'	-	''	'1'	''	False	True	True	False	truecolor	False
'24bit'	-	''	'1'	'1'	True	False	True	False	truecolor	True
'24bit'	-	''	'1'	'1'	True	True	True	False	truecolor	True
'24bit'	-	''	'1'	'1'	False	False	True	False	truecolor	True
'24bit'	-	''	'1'	'1'	False	True	True	False	truecolor	True
'24bit'	-	'1'	-	-	True	False	True	False	truecolor	False
'24bit'	-	'1'	-	-	True	True	True	False	truecolor	False
'24bit'	-	'1'	-	-	False	False	True	False	truecolor	False
'24bit'	-	'1'	-	-	False	True	True	False	truecolor	False
'24bit'	-	'1'	-	''	True	False	True	False	truecolor	False
'24bit'	-	'1'	-	''	True	True	True	False	truecolor	False
'24bit'	-	'1'	-	''	False	False	True	False	truecolor	False
'24bit'	-	'1'	-	''	False	True	True	False	truecolor	False
'24bit'	-	'1'	-	'1'	True	False	True	False	truecolor	True
'24bit'	-	'1'	-	'1'	True	True	True	False	truecolor	True
'24bit'	-	'1'	-	'1'	False	False	True	False	truecolor	True
'24bit'	-	'1'	-	'1'	False	True	True	False	truecolor	True
'24bit'	-	'1'	''	-	True	False	True	False	truecolor	False
'24bit'	-	'1'	''	-	True	True	True	False	truecolor	False
'24bit'	-	'1'	''	-	False	False	True	False	truecolor	False
'24bit'	-	'1'	''	-	False	True	True	False	truecolor	False
'24bit'	-	'1'	''	''	True	False	True	False	truecolor	False
'24bit'	-	'1'	''	''	True	True	True	False	truecolor	False
'24bit'	-	'1'	''	''	False	False	True	False	truecolor	False
'24bit'	-	'1'	''	''	False	True	True	False	truecolor	False
'24bit'	-	'1'	''	'1'	True	False	True	False	truecolor	True
'24bit'	-	'1'	''	'1'	True	True	True	False	truecolor	True
'24bit'	-	'1'	''	'1'	False	False	True	False	truecolor	True
'24bit'	-	'1'	''	'1'	False	True	True	False	truecolor	True
'24bit'	-	'1'	'0'	-	True	False	False	False	None	False
'24bit'	-	'1'	'0'	-	True	True	True	False	truecolor	False
'24bit'	-	'1'	'0'	-	False	False	False	False	None	False
'24bit'	-	'1'	'0'	-	False	True	True	False	truecolor	False
'24bit'	-	'1'	'0'	''	True	False	False	False	None	False
'24bit'	-	'1'	'0'	''	True	True	True	False	truecolor	False
'24bit'	-	'1'	'0'	''	False	False	False	False	None	False
'24bit'	-	'1'	'0'	''	False	True	True	False	truecolor	False
'24bit'	-	'1'	'0'	'1'	True	False	False	False	None	True
'24bit'	-	'1'	'0'	'1'	True	True	True	False	truecolor	True
'24bit'	-	'1'	'0'	'1'	False	False	False	False	None	True
'24bit'	-	'1'	'0'	'1'	False	True	True	False	truecolor	True
'24bit'	-	'1'	'1'	-	True	False	True	False	truecolor	False
'24bit'	-	'1'	'1'	-	True	True	True	False	truecolor	False
'24bit'	-	'1'	'1'	-	False	False	True	False	truecolor	False
'24bit'	-	'1'	'1'	-	False	True	True	False	truecolor	False
'24bit'	-	'1'	'1'	''	True	False	True	False	truecolor	False
'24bit'	-	'1'	'1'	''	True	True	True	False	truecolor	False
'24bit'	-	'1'	'1'	''	False	False	True	False	truecolor	False
'24bit'	-	'1'	'1'	''	False	True	True	False	truecolor	False
'24bit'	-	'1'	'1'	'1'	True	False	True	False	truecolor	True
'24bit'	-	'1'	'1'	'1'	True	True	True	False	truecolor	True
'24bit'	-	'1'	'1'	'1'	False	False	True	False	truecolor	True
'24bit'	-	'1'	'1'	'1'	False	True	True	False	truecolor	True
'24bit'	-	'0'	-	-	True	False	True	False	truecolor	False
'24bit'	-	'0'	-	-	True	True	True	False	truecolor	False
'24bit'	-	'0'	-	-	False	False	True	False	truecolor	False
'24bit'	-	'0'	-	-	False	True	True	False	truecolor	False
'24bit'	-	'0'	-	''	True	False	True	False	truecolor	False
'24bit'	-	'0'	-	''	True	True	True	False	truecolor	False
'24bit'	-	'0'	-	''	False	False	True	False	truecolor	False
'24bit'	-	'0'	-	''	False	True	True	False	truecolor	False
'24bit'	-	'0'	-	'1'	True	False	True	False	truecolor	True
'24bit'	-	'0'	-	'1'	True	True	True	False	truecolor	True
'24bit'	-	'0'	-	'1'	False	False	True	False	truecolor	True
'24bit'	-	'0'	-	'1'	False	True	True	False	truecolor	True
'24bit'	-	'0'	''	-	True	False	True	False	truecolor	False
'24bit'	-	'0'	''	-	True	True	True	False	truecolor	False
'24bit'	-	'0'	''	-	False	False	True	False	truecolor	False
'24bit'	-	'0'	''	-	False	True	True	False	truecolor	False
'24bit'	-	'0'	''	''	True	False	True	False	truecolor	False
'24bit'	-	'0'	''	''	True	True	True	False	truecolor	False
'24bit'	-	'0'	''	''	False	False	True	False	truecolor	False
'24bit'	-	'0'	''	''	False	True	True	False	truecolor	False
'24bit'	-	'0'	''	'1'	True	False	True	False	truecolor	True
'24bit'	-	'0'	''	'1'	True	True	True	False	truecolor	True
'24bit'	-	'0'	''	'1'	False	False	True	False	truecolor	True
'24bit'	-	'0'	''	'1'	False	True	True	False	truecolor	True
'24bit'	-	'0'	'0'	-	True	False	False	False	None	False
'24bit'	-	'0'	'0'	-	True	True	True	False	truecolor	False
'24bit'	-	'0'	'0'	-	False	False	False	False	None	False
'24bit'	-	'0'	'0'	-	False	True	True	False	truecolor	False
'24bit'	-	'0'	'0'	''	True	False	False	False	None	False
'24bit'	-	'0'	'0'	''	True	True	True	False	truecolor	False
'24bit'	-	'0'	'0'	''	False	False	False	False	None	False
'24bit'	-	'0'	'0'	''	False	True	True	False	truecolor	False
'24bit'	-	'0'	'0'	'1'	True	False	False	False	None	True
'24bit'	-	'0'	'0'	'1'	True	True	True	False	truecolor	True
'24bit'	-	'0'	'0'	'1'	False	False	False	False	None	True
'24bit'	-	'0'	'0'	'1'	False	True	True	False	truecolor	True
'24bit'	-	'0'	'1'	-	True	False	True	False	truecolor	False
'24bit'	-	'0'	'1'	-	True	True	True	False	truecolor	False
'24bit'	-	'0'	'1'	-	False	False	True	False	truecolor	False
'24bit'	-	'0'	'1'	-	False	True	True	False	truecolor	False
'24bit'	-	'0'	'1'	''	True	False	True	False	truecolor	False
'24bit'	-	'0'	'1'	''	True	True	True	False	truecolor	False
'24bit'	-	'0'	'1'	''	False	False	True	False	truecolor	False
'24bit'	-	'0'	'1'	''	False	True	True	False	truecolor	False
'24bit'	-	'0'	'1'	'1'	True	False	True	False	truecolor	True
'24bit'	-	'0'	'1'	'1'	True	True	True	False	truecolor	True
'24bit'	-	'0'	'1'	'1'	False	False	True	False	truecolor	True
'24bit'	-	'0'	'1'	'1'	False	True	True	False	truecolor	True
'24bit'	''	-	-	-	True	False	True	False	truecolor	False
'24bit'	''	-	-	-	True	True	True	False	truecolor	False
'24bit'	''	-	-	-	False	False	False	False	None	False
'24bit'	''	-	-	-	False	True	True	False	truecolor	False
'24bit'	''	-	-	''	True	False	True	False	truecolor	False
'24bit'	''	-	-	''	True	True	True	False	truecolor	False
'24bit'	''	-	-	''	False	False	False	False	None	False
'24bit'	''	-	-	''	False	True	True	False	truecolor	False
'24bit'	''	-	-	'1'	True	False	True	False	truecolor	True
'24bit'	''	-	-	'1'	True	True	True	False	truecolor	True
'24bit'	''	-	-	'1'	False	False	False	False	None	True
'24bit'	''	-	-	'1'	False	True	True	False	truecolor	True
'24bit'	''	-	''	-	True	False	True	False	truecolor	False
'24bit'	''	-	''	-	True	True	True	False	truecolor	False
'24bit'	''	-	''	-	False	False	False	False	None	False
'24bit'	''	-	''	-	False	True	True	False	truecolor	False
'24bit'	''	-	''	''	True	False	True	False	truecolor	False
'24bit'	''	-	''	''	True	True	True	False	truecolor	False
'24bit'	''	-	''	''	False	False	False	False	None	False
'24bit'	''	-	''	''	False	True	True	False	truecolor	False
'24bit'	''	-	''	'1'	True	False	True	False	truecolor	True
'24bit'	''	-	''	'1'	True	True	True	False	truecolor	True
'24bit'	''	-	''	'1'	False	False	False	False	None	True
'24bit'	''	-	''	'1'	False	True	True	False	truecolor	True
'24bit'	''	-	'0'	-	True	False	False	False	None	False
'24bit'	''	-	'0'	-	True	True	True	False	truecolor	False
'24bit'	''	-	'0'	-	False	False	False	False	None	False
'24bit'	''	-	'0'	-	False	True	True	False	truecolor	False
'24bit'	''	-	'0'	''	True	False	False	False	None	False
'24bit'	''	-	'0'	''	True	True	True	False	truecolor	False
'24bit'	''	-	'0'	''	False	False	False	False	None	False
'24bit'	''	-	'0'	''	False	True	True	False	truecolor	False
'24bit'	''	-	'0'	'1'	True	False	False	False	None	True
'24bit'	''	-	'0'	'1'	True	True	True	False	truecolor	True
'24bit'	''	-	'0'	'1'	False	False	False	False	None	True
'24bit'	''	-	'0'	'1'	False	True	True	False	truecolor	True
'24bit'	''	-	'1'	-	True	False	True	False	truecolor	False
'24bit'	''	-	'1'	-	True	True	True	False	truecolor	False
'24bit'	''	-	'1'	-	False	False	True	False	truecolor	False
'24bit'	''	-	'1'	-	False	True	True	False	truecolor	False
'24bit'	''	-	'1'	''	True	False	True	False	truecolor	False
'24bit'	''	-	'1'	''	True	True	True	False	truecolor	False
'24bit'	''	-	'1'	''	False	False	True	False	truecolor	False
'24bit'	''	-	'1'	''	False	True	True	False	truecolor	False
'24bit'	''	-	'1'	'1'	True	False	True	False	truecolor	True
'24bit'	''	-	'1'	'1'	True	True	True	False	truecolor	True
'24bit'	''	-	'1'	'1'	False	False	True	False	truecolor	True
'24bit'	''	-	'1'	'1'	False	True	True	False	truecolor	True
'24bit'	''	''	-	-	True	False	False	False	None	False
'24bit'	''	''	-	-	True	True	True	False	truecolor	False
'24bit'	''	''	-	-	False	False	False	False	None	False
'24bit'	''	''	-	-	False	True	True	False	truecolor	False
'24bit'	''	''	-	''	True	False	False	False	None	False
'24bit'	''	''	-	''	True	True	True	False	truecolor	False
'24bit'	''	''	-	''	False	False	False	False	None	False
'24bit'	''	''	-	''	False	True	True	False	truecolor	False
'24bit'	''	''	-	'1'	True	False	False	False	None	True
'24bit'	''	''	-	'1'	True	True	True	False	truecolor	True
'24bit'	''	''	-	'1'	False	False	False	False	None	True
'24bit'	''	''	-	'1'	False	True	True	False	truecolor	True
'24bit'	''	''	''	-	True	False	False	False	None	False
'24bit'	''	''	''	-	True	True	True	False	truecolor	False
'24bit'	''	''	''	-	False	False	False	False	None	False
'24bit'	''	''	''	-	False	True	True	False	truecolor	False
'24bit'	''	''	''	''	True	False	False	False	None	False
'24bit'	''	''	''	''	True	True	True	False	truecolor	False
'24bit'	''	''	''	''	False	False	False	False	None	False
'24bit'	''	''	''	''	False	True	True	False	truecolor	False
'24bit'	''	''	''	'1'	True	False	False	False	None	True
'24bit'	''	''	''	'1'	True	True	True	False	truecolor	True
'24bit'	''	''	''	'1'	False	False	False	False	None	True
'24bit'	''	''	''	'1'	False	True	True	False	truecolor	True
'24bit'	''	''	'0'	-	True	False	False	False	None	False
'24bit'	''	''	'0'	-	True	True	True	False	truecolor	False
'24bit'	''	''	'0'	-	False	False	False	False	None	False
'24bit'	''	''	'0'	-	False	True	True	False	truecolor	False
'24bit'	''	''	'0'	''	True	False	False	False	None	False
'24bit'	''	''	'0'	''	True	True	True	False	truecolor	False
'24bit'	''	''	'0'	''	False	False	False	False	None	False
'24bit'	''	''	'0'	''	False	True	True	False	truecolor	False
'24bit'	''	''	'0'	'1'	True	False	False	False	None	True
'24bit'	''	''	'0'	'1'	True	True	True	False	truecolor	True
'24bit'	''	''	'0'	'1'	False	False	False	False	None	True
'24bit'	''	''	'0'	'1'	False	True	True	False	truecolor	True
'24bit'	''	''	'1'	-	True	False	True	False	truecolor	False
'24bit'	''	''	'1'	-	True	True	True	False	truecolor	False
'24bit'	''	''	'1'	-	False	False	True	False	truecolor	False
'24bit'	''	''	'1'	-	False	True	True	False	truecolor	False
'24bit'	''	''	'1'	''	True	False	True	False	truecolor	False
'24bit'	''	''	'1'	''	True	True	True	False	truecolor	False
'24bit'	''	''	'1'	''	False	False	True	False	truecolor	False
'24bit'	''	''	'1'	''	False	True	True	False	truecolor	False
'24bit'	''	''	'1'	'1'	True	False	True	False	truecolor	True
'24bit'	''	''	'1'	'1'	True	True	True	False	truecolor	True
'24bit'	''	''	'1'	'1'	False	False	True	False	truecolor	True
'24bit'	''	''	'1'	'1'	False	True	True	False	truecolor	True
'24bit'	''	'1'	-	-	True	False	True	False	truecolor	False
'24bit'	''	'1'	-	-	True	True	True	False	truecolor	False
'24bit'	''	'1'	-	-	False	False	True	False	truecolor	False
'24bit'	''	'1'	-	-	False	True	True	False	truecolor	False
'24bit'	''	'1'	-	''	True	False	True	False	truecolor	False
'24bit'	''	'1'	-	''	True	True	True	False	truecolor	False
'24bit'	''	'1'	-	''	False	False	True	False	truecolor	False
'24bit'	''	'1'	-	''	False	True	True	False	truecolor	False
'24bit'	''	'1'	-	'1'	True	False	True	False	truecolor	True
'24bit'	''	'1'	-	'1'	True	True	True	False	truecolor	True
'24bit'	''	'1'	-	'1'	False	False	True	False	truecolor	True
'24bit'	''	'1'	-	'1'	False	True	True	False	truecolor	True
'24bit'	''	'1'	''	-	True	False	True	False	truecolor	False
'24bit'	''	'1'	''	-	True	True	True	False	truecolor	False
'24bit'	''	'1'	''	-	False	False	True	False	truecolor	False
'24bit'	''	'1'	''	-	False	True	True	False	truecolor	False
'24bit'	''	'1'	''	''	True	False	True	False	truecolor	False
'24bit'	''	'1'	''	''	True	True	True	False	truecolor	False
'24bit'	''	'1'	''	''	False	False	True	False	truecolor	False
'24bit'	''	'1'	''	''	False	True	True	False	truecolor	False
'24bit'	''	'1'	''	'1'	True	False	True	False	truecolor	True
'24bit'	''	'1'	''	'1'	True	True	True	False	truecolor	True
'24bit'	''	'1'	''	'1'	False	False	True	False	truecolor	True
'24bit'	''	'1'	''	'1'	False	True	True	False	truecolor	True
'24bit'	''	'1'	'0'	-	True	False	False	False	None	False
'24bit'	''	'1'	'0'	-	True	True	True	False	truecolor	False
'24bit'	''	'1'	'0'	-	False	False	False	False	None	False
'24bit'	''	'1'	'0'	-	False	True	True	False	truecolor	False
'24bit'	''	'1'	'0'	''	True	False	False	False	None	False
'24bit'	''	'1'	'0'	''	True	True	True	False	truecolor	False
'24bit'	''	'1'	'0'	''	False	False	False	False	None	False
'24bit'	''	'1'	'0'	''	False	True	True	False	truecolor	False
'24bit'	''	'1'	'0'	'1'	True	False	False	False	None	True
'24bit'	''	'1'	'0'	'1'	True	True	True	False	truecolor	True
'24bit'	''	'1'	'0'	'1'	False	False	False	False	None	True
'24bit'	''	'1'	'0'	'1'	False	True	True	False	truecolor	True
'24bit'	''	'1'	'1'	-	True	False	True	False	truecolor	False
'24bit'	''	'1'	'1'	-	True	True	True	False	truecolor	False
'24bit'	''	'1'	'1'	-	False	False	True	False	truecolor	False
'24bit'	''	'1'	'1'	-	False	True	True	False	truecolor	False
'24bit'	''	'1'	'1'	''	True	False	True	False	truecolor	False
'24bit'	''	'1'	'1'	''	True	True	True	False	truecolor	False
'24bit'	''	'1'	'1'	''	False	False	True	False	truecolor	False
'24bit'	''	'1'	'1'	''	False	True	True	False	truecolor	False
'24bit'	''	'1'	'1'	'1'	True	False	True	False	truecolor	True
'24bit'	''	'1'	'1'	'1'	True	True	True	False	truecolor	True
'24bit'	''	'1'	'1'	'1'	False	False	True	False	truecolor	True
'24bit'	''	'1'	'1'	'1'	False	True	True	False	truecolor	True
'24bit'	''	'0'	-	-	True	False	True	False	truecolor	False
'24bit'	''	'0'	-	-	True	True	True	False	truecolor	False
'24bit'	''	'0'	-	-	False	False	True	False	truecolor	False
'24bit'	''	'0'	-	-	False	True	True	False	truecolor	False
'24bit'	''	'0'	-	''	True	False	True	False	truecolor	False
'24bit'	''	'0'	-	''	True	True	True	False	truecolor	False
'24bit'	''	'0'	-	''	False	False	True	False	truecolor	False
'24bit'	''	'0'	-	''	False	True	True	False	truecolor	False
'24bit'	''	'0'	-	'1'	True	False	True	False	truecolor	True
'24bit'	''	'0'	-	'1'	True	True	True	False	truecolor	True
'24bit'	''	'0'	-	'1'	False	False	True	False	truecolor	True
'24bit'	''	'0'	-	'1'	False	True	True	False	truecolor	True
'24bit'	''	'0'	''	-	True	False	True	False	truecolor	False
'24bit'	''	'0'	''	-	True	True	True	False	truecolor	False
'24bit'	''	'0'	''	-	False	False	True	False	truecolor	False
'24bit'	''	'0'	''	-	False	True	True	False	truecolor	False
'24bit'	''	'0'	''	''	True	False	True	False	truecolor	False
'24bit'	''	'0'	''	''	True	True	True	False	truecolor	False
'24bit'	''	'0'	''	''	False	False	True	False	truecolor	False
'24bit'	''	'0'	''	''	False	True	True	False	truecolor	False
'24bit'	''	'0'	''	'1'	True	False	True	False	truecolor	True
'24bit'	''	'0'	''	'1'	True	True	True	False	truecolor	True
'24bit'	''	'0'	''	'1'	False	False	True	False	truecolor	True
'24bit'	''	'0'	''	'1'	False	True	True	False	truecolor	True
'24bit'	''	'0'	'0'	-	True	False	False	False	None	False
'24bit'	''	'0'	'0'	-	True	True	True	False	truecolor	False
'24bit'	''	'0'	'0'	-	False	False	False	False	None	False
'24bit'	''	'0'	'0'	-	False	True	True	False	truecolor	False
'24bit'	''	'0'	'0'	''	True	False	False	False	None	False
'24bit'	''	'0'	'0'	''	True	True	True	False	truecolor	False
'24bit'	''	'0'	'0'	''	False	False	False	False	None	False
'24bit'	''	'0'	'0'	''	False	True	True	False	truecolor	False
'24bit'	''	'0'	'0'	'1'	True	False	False	False	None	True
'24bit'	''	'0'	'0'	'1'	True	True	True	False	truecolor	True
'24bit'	''	'0'	'0'	'1'	False	False	False	False	None	True
'24bit'	''	'0'	'0'	'1'	False	True	True	False	truecolor	True
'24bit'	''	'0'	'1'	-	True	False	True	False	truecolor	False
'24bit'	''	'0'	'1'	-	True	True	True	False	truecolor	False
'24bit'	''	'0'	'1'	-	False	False	True	False	truecolor	False
'24bit'	''	'0'	'1'	-	False	True	True	False	truecolor	False
'24bit'	''	'0'	'1'	''	True	False	True	False	truecolor	False
'24bit'	''	'0'	'1'	''	True	True	True	False	truecolor	False
'24bit'	''	'0'	'1'	''	False	False	True	False	truecolor	False
'24bit'	''	'0'	'1'	''	False	True	True	False	truecolor	False
'24bit'	''	'0'	'1'	'1'	True	False	True	False	truecolor	True
'24bit'	''	'0'	'1'	'1'	True	True	True	False	truecolor	True
'24bit'	''	'0'	'1'	'1'	False	False	True	False	truecolor	True
'24bit'	''	'0'	'1'	'1'	False	True	True	False	truecolor	True
'24bit'	'dumb'	-	-	-	True	False	True	True	None	False
'24bit'	'dumb'	-	-	-	True	True	True	True	None	False
'24bit'	'dumb'	-	-	-	False	False	False	False	None	False
'24bit'	'dumb'	-	-	-	False	True	True	True	None	False
'24bit'	'dumb'	-	-	''	True	False	True	True	None	False
'24bit'	'dumb'	-	-	''	True	True	True	True	None	False
'24bit'	'dumb'	-	-	''	False	False	False	False	None	False
'24bit'	'dumb'	-	-	''	False	True	True	True	None	False
'24bit'	'dumb'	-	-	'1'	True	False	True	True	None	True
'24bit'	'dumb'	-	-	'1'	True	True	True	True	None	True
'24bit'	'dumb'	-	-	'1'	False	False	False	False	None	True
'24bit'	'dumb'	-	-	'1'	False	True	True	True	None	True
'24bit'	'dumb'	-	''	-	True	False	True	True	None	False
'24bit'	'dumb'	-	''	-	True	True	True	True	None	False
'24bit'	'dumb'	-	''	-	False	False	False	False	None	False
'24bit'	'dumb'	-	''	-	False	True	True	True	None	False
'24bit'	'dumb'	-	''	''	True	False	True	True	None	False
'24bit'	'dumb'	-	''	''	True	True	True	True	None	False
'24bit'	'dumb'	-	''	''	False	False	False	False	None	False
'24bit'	'dumb'	-	''	''	False	True	True	True	None	False
'24bit'	'dumb'	-	''	'1'	True	False	True	True	None	True
'24bit'	'dumb'	-	''	'1'	True	True	True	True	None	True
'24bit'	'dumb'	-	''	'1'	False	False	False	False	None	True
'24bit'	'dumb'	-	''	'1'	False	True	True	True	None	True
'24bit'	'dumb'	-	'0'	-	True	False	False	False	None	False
'24bit'	'dumb'	-	'0'	-	True	True	True	True	None	False
'24bit'	'dumb'	-	'0'	-	False	False	False	False	None	False
'24bit'	'dumb'	-	'0'	-	False	True	True	True	None	False
'24bit'	'dumb'	-	'0'	''	True	False	False	False	None	False
'24bit'	'dumb'	-	'0'	''	True	True	True	True	None	False
'24bit'	'dumb'	-	'0'	''	False	False	False	False	None	False
'24bit'	'dumb'	-	'0'	''	False	True	True	True	None	False
'24bit'	'dumb'	-	'0'	'1'	True	False	False	False	None	True
'24bit'	'dumb'	-	'0'	'1'	True	True	True	True	None	True
'24bit'	'dumb'	-	'0'	'1'	False	False	False	False	None	True
'24bit'	'dumb'	-	'0'	'1'	False	True	True	True	None	True
'24bit'	'dumb'	-	'1'	-	True	False	True	True	None	False
'24bit'	'dumb'	-	'1'	-	True	True	True	True	None	False
'24bit'	'dumb'	-	'1'	-	False	False	True	True	None	False
'24bit'	'dumb'	-	'1'	-	False	True	True	True	None	False
'24bit'	'dumb'	-	'1'	''	True	False	True	True	None	False
'24bit'	'dumb'	-	'1'	''	True	True	True	True	None	False
'24bit'	'dumb'	-	'1'	''	False	False	True	True	None	False
'24bit'	'dumb'	-	'1'	''	False	True	True	True	None	False
'24bit'	'dumb'	-	'1'	'1'	True	False	True	True	None	True
'24bit'	'dumb'	-	'1'	'1'	True	True	True	True	None	True
'24bit'	'dumb'	-	'1'	'1'	False	False	True	True	None	True
'24bit'	'dumb'	-	'1'	'1'	False	True	True	True	None	True
'24bit'	'dumb'	''	-	-	True	False	False	False	None	False
'24bit'	'dumb'	''	-	-	True	True	True	True	None	False
'24bit'	'dumb'	''	-	-	False	False	False	False	None	False
'24bit'	'dumb'	''	-	-	False	True	True	True	None	False
'24bit'	'dumb'	''	-	''	True	False	False	False	None	False
'24bit'	'dumb'	''	-	''	True	True	True	True	None	False
'24bit'	'dumb'	''	-	''	False	False	False	False	None	False
'24bit'	'dumb'	''	-	''	False	True	True	True	None	False
'24bit'	'dumb'	''	-	'1'	True	False	False	False	None	True
'24bit'	'dumb'	''	-	'1'	True	True	True	True	None	True
'24bit'	'dumb'	''	-	'1'	False	False	False	False	None	True
'24bit'	'dumb'	''	-	'1'	False	True	True	True	None	True
'24bit'	'dumb'	''	''	-	True	False	False	False	None	False
'24bit'	'dumb'	''	''	-	True	True	True	True	None	False
'24bit'	'dumb'	''	''	-	False	False	False	False	None	False
'24bit'	'dumb'	''	''	-	False	True	True	True	None	False
'24bit'	'dumb'	''	''	''	True	False	False	False	None	False
'24bit'	'dumb'	''	''	''	True	True	True	True	None	False
'24bit'	'dumb'	''	''	''	False	False	False	False	None	False
'24bit'	'dumb'	''	''	''	False	True	True	True	None	False
'24bit'	'dumb'	''	''	'1'	True	False	False	False	None	True
'24bit'	'dumb'	''	''	'1'	True	True	True	True	None	True
'24bit'	'dumb'	''	''	'1'	False	False	False	False	None	True
'24bit'	'dumb'	''	''	'1'	False	True	True	True	None	True
'24bit'	'dumb'	''	'0'	-	True	False	False	False	None	False
'24bit'	'dumb'	''	'0'	-	True	True	True	True	None	False
'24bit'	'dumb'	''	'0'	-	False	False	False	False	None	False
'24bit'	'dumb'	''	'0'	-	False	True	True	True	None	False
'24bit'	'dumb'	''	'0'	''	True	False	False	False	None	False
'24bit'	'dumb'	''	'0'	''	True	True	True	True	None	False
'24bit'	'dumb'	''	'0'	''	False	False	False	False	None	False
'24bit'	'dumb'	''	'0'	''	False	True	True	True	None	False
'24bit'	'dumb'	''	'0'	'1'	True	False	False	False	None	True
'24bit'	'dumb'	''	'0'	'1'	True	True	True	True	None	True
'24bit'	'dumb'	''	'0'	'1'	False	False	False	False	None	True
'24bit'	'dumb'	''	'0'	'1'	False	True	True	True	None	True
'24bit'	'dumb'	''	'1'	-	True	False	True	True	None	False
'24bit'	'dumb'	''	'1'	-	True	True	True	True	None	False
'24bit'	'dumb'	''	'1'	-	False	False	True	True	None	False
'24bit'	'dumb'	''	'1'	-	False	True	True	True	None	False
'24bit'	'dumb'	''	'1'	''	True	False	True	True	None	False
'24bit'	'dumb'	''	'1'	''	True	True	True	True	None	False
'24bit'	'dumb'	''	'1'	''	False	False	True	True	None	False
'24bit'	'dumb'	''	'1'	''	False	True	True	True	None	False
'24bit'	'dumb'	''	'1'	'1'	True	False	True	True	None	True
'24bit'	'dumb'	''	'1'	'1'	True	True	True	True	None	True
'24bit'	'dumb'	''	'1'	'1'	False	False	True	True	None	True
'24bit'	'dumb'	''	'1'	'1'	False	True	True	True	None	True
'24bit'	'dumb'	'1'	-	-	True	False	True	True	None	False
'24bit'	'dumb'	'1'	-	-	True	True	True	True	None	False
'24bit'	'dumb'	'1'	-	-	False	False	True	True	None	False
'24bit'	'dumb'	'1'	-	-	False	True	True	True	None	False
'24bit'	'dumb'	'1'	-	''	True	False	True	True	None	False
'24bit'	'dumb'	'1'	-	''	True	True	True	True	None	False
'24bit'	'dumb'	'1'	-	''	False	False	True	True	None	False
'24bit'	'dumb'	'1'	-	''	False	True	True	True	None	False
'24bit'	'dumb'	'1'	-	'1'	True	False	True	True	None	True
'24bit'	'dumb'	'1'	-	'1'	True	True	True	True	None	True
'24bit'	'dumb'	'1'	-	'1'	False	False	True	True	None	True
'24bit'	'dumb'	'1'	-	'1'	False	True	True	True	None	True
'24bit'	'dumb'	'1'	''	-	True	False	True	True	None	False
'24bit'	'dumb'	'1'	''	-	True	True	True	True	None	False
'24bit'	'dumb'	'1'	''	-	False	False	True	True	None	False
'24bit'	'dumb'	'1'	''	-	False	True	True	True	None	False
'24bit'	'dumb'	'1'	''	''	True	False	True	True	None	False
'24bit'	'dumb'	'1'	''	''	True	True	True	True	None	False
'24bit'	'dumb'	'1'	''	''	False	False	True	True	None	False
'24bit'	'dumb'	'1'	''	''	False	True	True	True	None	False
'24bit'	'dumb'	'1'	''	'1'	True	False	True	True	None	True
'24bit'	'dumb'	'1'	''	'1'	True	True	True	True	None	True
'24bit'	'dumb'	'1'	''	'1'	False	False	True	True	None	True
'24bit'	'dumb'	'1'	''	'1'	False	True	True	True	None	True
'24bit'	'dumb'	'1'	'0'	-	True	False	False	False	None	False
'24bit'	'dumb'	'1'	'0'	-	True	True	True	True	None	False
'24bit'	'dumb'	'1'	'0'	-	False	False	False	False	None	False
'24bit'	'dumb'	'1'	'0'	-	False	True	True	True	None	False
'24bit'	'dumb'	'1'	'0'	''	True	False	False	False	None	False
'24bit'	'dumb'	'1'	'0'	''	True	True	True	True	None	False
'24bit'	'dumb'	'1'	'0'	''	False	False	False	False	None	False
'24bit'	'dumb'	'1'	'0'	''	False	True	True	True	None	False
'24bit'	'dumb'	'1'	'0'	'1'	True	False	False	False	None	True
'24bit'	'dumb'	'1'	'0'	'1'	True	True	True	True	None	True
'24bit'	'dumb'	'1'	'0'	'1'	False	False	False	False	None	True
'24bit'	'dumb'	'1'	'0'	'1'	False	True	True	True	None	True
'24bit'	'dumb'	'1'	'1'	-	True	False	True	True	None	False
'24bit'	'dumb'	'1'	'1'	-	True	True	True	True	None	False
'24bit'	'dumb'	'1'	'1'	-	False	False	True	True	None	False
'24bit'	'dumb'	'1'	'1'	-	False	True	True	True	None	False
'24bit'	'dumb'	'1'	'1'	''	True	False	True	True	None	False
'24bit'	'dumb'	'1'	'1'	''	True	True	True	True	None	False
'24bit'	'dumb'	'1'	'1'	''	False	False	True	True	None	False
'24bit'	'dumb'	'1'	'1'	''	False	True	True	True	None	False
'24bit'	'dumb'	'1'	'1'	'1'	True	False	True	True	None	True
'24bit'	'dumb'	'1'	'1'	'1'	True	True	True	True	None	True
'24bit'	'dumb'	'1'	'1'	'1'	False	False	True	True	None	True
'24bit'	'dumb'	'1'	'1'	'1'	False	True	True	True	None	True
'24bit'	'dumb'	'0'	-	-	True	False	True	True	None	False
'24bit'	'dumb'	'0'	-	-	True	True	True	True	None	False
'24bit'	'dumb'	'0'	-	-	False	False	True	True	None	False
'24bit'	'dumb'	'0'	-	-	False	True	True	True	None	False
'24bit'	'dumb'	'0'	-	''	True	False	True	True	None	False
'24bit'	'dumb'	'0'	-	''	True	True	True	True	None	False
'24bit'	'dumb'	'0'	-	''	False	False	True	True	None	False
'24bit'	'dumb'	'0'	-	''	False	True	True	True	None	False
'24bit'	'dumb'	'0'	-	'1'	True	False	True	True	None	True
'24bit'	'dumb'	'0'	-	'1'	True	True	True	True	None	True
'24bit'	'dumb'	'0'	-	'1'	False	False	True	True	None	True
'24bit'	'dumb'	'0'	-	'1'	False	True	True	True	None	True
'24bit'	'dumb'	'0'	''	-	True	False	True	True	None	False
'24bit'	'dumb'	'0'	''	-	True	True	True	True	None	False
'24bit'	'dumb'	'0'	''	-	False	False	True	True	None	False
'24bit'	'dumb'	'0'	''	-	False	True	True	True	None	False
'24bit'	'dumb'	'0'	''	''	True	False	True	True	None	False
'24bit'	'dumb'	'0'	''	''	True	True	True	True	None	False
'24bit'	'dumb'	'0'	''	''	False	False	True	True	None	False
'24bit'	'dumb'	'0'	''	''	False	True	True	True	None	False
'24bit'	'dumb'	'0'	''	'1'	True	False	True	True	None	True
'24bit'	'dumb'	'0'	''	'1'	True	True	True	True	None	True
'24bit'	'dumb'	'0'	''	'1'	False	False	True	True	None	True
'24bit'	'dumb'	'0'	''	'1'	False	True	True	True	None	True
'24bit'	'dumb'	'0'	'0'	-	True	False	False	False	None	False
'24bit'	'dumb'	'0'	'0'	-	True	True	True	True	None	False
'24bit'	'dumb'	'0'	'0'	-	False	False	False	False	None	False
'24bit'	'dumb'	'0'	'0'	-	False	True	True	True	None	False
'24bit'	'dumb'	'0'	'0'	''	True	False	False	False	None	False
'24bit'	'dumb'	'0'	'0'	''	True	True	True	True	None	False
'24bit'	'dumb'	'0'	'0'	''	False	False	False	False	None	False
'24bit'	'dumb'	'0'	'0'	''	False	True	True	True	None	False
'24bit'	'dumb'	'0'	'0'	'1'	True	False	False	False	None	True
'24bit'	'dumb'	'0'	'0'	'1'	True	True	True	True	None	True
'24bit'	'dumb'	'0'	'0'	'1'	False	False	False	False	None	True
'24bit'	'dumb'	'0'	'0'	'1'	False	True	True	True	None	True
'24bit'	'dumb'	'0'	'1'	-	True	False	True	True	None	False
'24bit'	'dumb'	'0'	'1'	-	True	True	True	True	None	False
'24bit'	'dumb'	'0'	'1'	-	False	False	True	True	None	False
'24bit'	'dumb'	'0'	'1'	-	False	True	True	True	None	False
'24bit'	'dumb'	'0'	'1'	''	True	False	True	True	None	False
'24bit'	'dumb'	'0'	'1'	''	True	True	True	True	None	False
'24bit'	'dumb'	'0'	'1'	''	False	False	True	True	None	False
'24bit'	'dumb'	'0'	'1'	''	False	True	True	True	None	False
'24bit'	'dumb'	'0'	'1'	'1'	True	False	True	True	None	True
'24bit'	'dumb'	'0'	'1'	'1'	True	True	True	True	None	True
'24bit'	'dumb'	'0'	'1'	'1'	False	False	True	True	None	True
'24bit'	'dumb'	'0'	'1'	'1'	False	True	True	True	None	True
'24bit'	'unknown'	-	-	-	True	False	True	True	None	False
'24bit'	'unknown'	-	-	-	True	True	True	True	None	False
'24bit'	'unknown'	-	-	-	False	False	False	False	None	False
'24bit'	'unknown'	-	-	-	False	True	True	True	None	False
'24bit'	'unknown'	-	-	''	True	False	True	True	None	False
'24bit'	'unknown'	-	-	''	True	True	True	True	None	False
'24bit'	'unknown'	-	-	''	False	False	False	False	None	False
'24bit'	'unknown'	-	-	''	False	True	True	True	None	False
'24bit'	'unknown'	-	-	'1'	True	False	True	True	None	True
'24bit'	'unknown'	-	-	'1'	True	True	True	True	None	True
'24bit'	'unknown'	-	-	'1'	False	False	False	False	None	True
'24bit'	'unknown'	-	-	'1'	False	True	True	True	None	True
'24bit'	'unknown'	-	''	-	True	False	True	True	None	False
'24bit'	'unknown'	-	''	-	True	True	True	True	None	False
'24bit'	'unknown'	-	''	-	False	False	False	False	None	False
'24bit'	'unknown'	-	''	-	False	True	True	True	None	False
'24bit'	'unknown'	-	''	''	True	False	True	True	None	False
'24bit'	'unknown'	-	''	''	True	True	True	True	None	False
'24bit'	'unknown'	-	''	''	False	False	False	False	None	False
'24bit'	'unknown'	-	''	''	False	True	True	True	None	False
'24bit'	'unknown'	-	''	'1'	True	False	True	True	None	True
'24bit'	'unknown'	-	''	'1'	True	True	True	True	None	True
'24bit'	'unknown'	-	''	'1'	False	False	False	False	None	True
'24bit'	'unknown'	-	''	'1'	False	True	True	True	None	True
'24bit'	'unknown'	-	'0'	-	True	False	False	False	None	False
'24bit'	'unknown'	-	'0'	-	True	True	True	True	None	False
'24bit'	'unknown'	-	'0'	-	False	False	False	False	None	False
'24bit'	'unknown'	-	'0'	-	False	True	True	True	None	False
'24bit'	'unknown'	-	'0'	''	True	False	False	False	None	False
'24bit'	'unknown'	-	'0'	''	True	True	True	True	None	False
'24bit'	'unknown'	-	'0'	''	False	False	False	False	None	False
'24bit'	'unknown'	-	'0'	''	False	True	True	True	None	False
'24bit'	'unknown'	-	'0'	'1'	True	False	False	False	None	True
'24bit'	'unknown'	-	'0'	'1'	True	True	True	True	None	True
'24bit'	'unknown'	-	'0'	'1'	False	False	False	False	None	True
'24bit'	'unknown'	-	'0'	'1'	False	True	True	True	None	True
'24bit'	'unknown'	-	'1'	-	True	False	True	True	None	False
'24bit'	'unknown'	-	'1'	-	True	True	True	True	None	False
'24bit'	'unknown'	-	'1'	-	False	False	True	True	None	False
'24bit'	'unknown'	-	'1'	-	False	True	True	True	None	False
'24bit'	'unknown'	-	'1'	''	True	False	True	True	None	False
'24bit'	'unknown'	-	'1'	''	True	True	True	True	None	False
'24bit'	'unknown'	-	'1'	''	False	False	True	True	None	False
'24bit'	'unknown'	-	'1'	''	False	True	True	True	None	False
'24bit'	'unknown'	-	'1'	'1'	True	False	True	True	None	True
'24bit'	'unknown'	-	'1'	'1'	True	True	True	True	None	True
'24bit'	'unknown'	-	'1'	'1'	False	False	True	True	None	True
'24bit'	'unknown'	-	'1'	'1'	False	True	True	True	None	True
'24bit'	'unknown'	''	-	-	True	False	False	False	None	False
'24bit'	'unknown'	''	-	-	True	True	True	True	None	False
'24bit'	'unknown'	''	-	-	False	False	False	False	None	False
'24bit'	'unknown'	''	-	-	False	True	True	True	None	False
'24bit'	'unknown'	''	-	''	True	False	False	False	None	False
'24bit'	'unknown'	''	-	''	True	True	True	True	None	False
'24bit'	'unknown'	''	-	''	False	False	False	False	None	False
'24bit'	'unknown'	''	-	''	False	True	True	True	None	False
'24bit'	'unknown'	''	-	'1'	True	False	False	False	None	True
'24bit'	'unknown'	''	-	'1'	True	True	True	True	None	True
'24bit'	'unknown'	''	-	'1'	False	False	False	False	None	True
'24bit'	'unknown'	''	-	'1'	False	True	True	True	None	True
'24bit'	'unknown'	''	''	-	True	False	False	False	None	False
'24bit'	'unknown'	''	''	-	True	True	True	True	None	False
'24bit'	'unknown'	''	''	-	False	False	False	False	None	False
'24bit'	'unknown'	''	''	-	False	True	True	True	None	False
'24bit'	'unknown'	''	''	''	True	False	False	False	None	False
'24bit'	'unknown'	''	''	''	True	True	True	True	None	False
'24bit'	'unknown'	''	''	''	False	False	False	False	None	False
'24bit'	'unknown'	''	''	''	False	True	True	True	None	False
'24bit'	'unknown'	''	''	'1'	True	False	False	False	None	True
'24bit'	'unknown'	''	''	'1'	True	True	True	True	None	True
'24bit'	'unknown'	''	''	'1'	False	False	False	False	None	True
'24bit'	'unknown'	''	''	'1'	False	True	True	True	None	True
'24bit'	'unknown'	''	'0'	-	True	False	False	False	None	False
'24bit'	'unknown'	''	'0'	-	True	True	True	True	None	False
'24bit'	'unknown'	''	'0'	-	False	False	False	False	None	False
'24bit'	'unknown'	''	'0'	-	False	True	True	True	None	False
'24bit'	'unknown'	''	'0'	''	True	False	False	False	None	False
'24bit'	'unknown'	''	'0'	''	True	True	True	True	None	False
'24bit'	'unknown'	''	'0'	''	False	False	False	False	None	False
'24bit'	'unknown'	''	'0'	''	False	True	True	True	None	False
'24bit'	'unknown'	''	'0'	'1'	True	False	False	False	None	True
'24bit'	'unknown'	''	'0'	'1'	True	True	True	True	None	True
'24bit'	'unknown'	''	'0'	'1'	False	False	False	False	None	True
'24bit'	'unknown'	''	'0'	'1'	False	True	True	True	None	True
'24bit'	'unknown'	''	'1'	-	True	False	True	True	None	False
'24bit'	'unknown'	''	'1'	-	True	True	True	True	None	False
'24bit'	'unknown'	''	'1'	-	False	False	True	True	None	False
'24bit'	'unknown'	''	'1'	-	False	True	True	True	None	False
'24bit'	'unknown'	''	'1'	''	True	False	True	True	None	False
'24bit'	'unknown'	''	'1'	''	True	True	True	True	None	False
'24bit'	'unknown'	''	'1'	''	False	False	True	True	None	False
'24bit'	'unknown'	''	'1'	''	False	True	True	True	None	False
'24bit'	'unknown'	''	'1'	'1'	True	False	True	True	None	True
'24bit'	'unknown'	''	'1'	'1'	True	True	True	True	None	True
'24bit'	'unknown'	''	'1'	'1'	False	False	True	True	None	True
'24bit'	'unknown'	''	'1'	'1'	False	True	True	True	None	True
'24bit'	'unknown'	'1'	-	-	True	False	True	True	None	False
'24bit'	'unknown'	'1'	-	-	True	True	True	True	None	False
'24bit'	'unknown'	'1'	-	-	False	False	True	True	None	False
'24bit'	'unknown'	'1'	-	-	False	True	True	True	None	False
'24bit'	'unknown'	'1'	-	''	True	False	True	True	None	False
'24bit'	'unknown'	'1'	-	''	True	True	True	True	None	False
'24bit'	'unknown'	'1'	-	''	False	False	True	True	None	False
'24bit'	'unknown'	'1'	-	''	False	True	True	True	None	False
'24bit'	'unknown'	'1'	-	'1'	True	False	True	True	None	True
'24bit'	'unknown'	'1'	-	'1'	True	True	True	True	None	True
'24bit'	'unknown'	'1'	-	'1'	False	False	True	True	None	True
'24bit'	'unknown'	'1'	-	'1'	False	True	True	True	None	True
'24bit'	'unknown'	'1'	''	-	True	False	True	True	None	False
'24bit'	'unknown'	'1'	''	-	True	True	True	True	None	False
'24bit'	'unknown'	'1'	''	-	False	False	True	True	None	False
'24bit'	'unknown'	'1'	''	-	False	True	True	True	None	False
'24bit'	'unknown'	'1'	''	''	True	False	True	True	None	False
'24bit'	'unknown'	'1'	''	''	True	True	True	True	None	False
'24bit'	'unknown'	'1'	''	''	False	False	True	True	None	False
'24bit'	'unknown'	'1'	''	''	False	True	True	True	None	False
'24bit'	'unknown'	'1'	''	'1'	True	False	True	True	None	True
'24bit'	'unknown'	'1'	''	'1'	True	True	True	True	None	True
'24bit'	'unknown'	'1'	''	'1'	False	False	True	True	None	True
'24bit'	'unknown'	'1'	''	'1'	False	True	True	True	None	True
'24bit'	'unknown'	'1'	'0'	-	True	False	False	False	None	False
'24bit'	'unknown'	'1'	'0'	-	True	True	True	True	None	False
'24bit'	'unknown'	'1'	'0'	-	False	False	False	False	None	False
'24bit'	'unknown'	'1'	'0'	-	False	True	True	True	None	False
'24bit'	'unknown'	'1'	'0'	''	True	False	False	False	None	False
'24bit'	'unknown'	'1'	'0'	''	True	True	True	True	None	False
'24bit'	'unknown'	'1'	'0'	''	False	False	False	False	None	False
'24bit'	'unknown'	'1'	'0'	''	False	True	True	True	None	False
'24bit'	'unknown'	'1'	'0'	'1'	True	False	False	False	None	True
'24bit'	'unknown'	'1'	'0'	'1'	True	True	True	True	None	True
'24bit'	'unknown'	'1'	'0'	'1'	False	False	False	False	None	True
'24bit'	'unknown'	'1'	'0'	'1'	False	True	True	True	None	True
'24bit'	'unknown'	'1'	'1'	-	True	False	True	True	None	False
'24bit'	'unknown'	'1'	'1'	-	True	True	True	True	None	False
'24bit'	'unknown'	'1'	'1'	-	False	False	True	True	None	False
'24bit'	'unknown'	'1'	'1'	-	False	True	True	True	None	False
'24bit'	'unknown'	'1'	'1'	''	True	False	True	True	None	False
'24bit'	'unknown'	'1'	'1'	''	True	True	True	True	None	False
'24bit'	'unknown'	'1'	'1'	''	False	False	True	True	None	False
'24bit'	'unknown'	'1'	'1'	''	False	True	True	True	None	False
'24bit'	'unknown'	'1'	'1'	'1'	True	False	True	True	None	True
'24bit'	'unknown'	'1'	'1'	'1'	True	True	True	True	None	True
'24bit'	'unknown'	'1'	'1'	'1'	False	False	True	True	None	True
'24bit'	'unknown'	'1'	'1'	'1'	False	True	True	True	None	True
'24bit'	'unknown'	'0'	-	-	True	False	True	True	None	False
'24bit'	'unknown'	'0'	-	-	True	True	True	True	None	False
'24bit'	'unknown'	'0'	-	-	False	False	True	True	None	False
'24bit'	'unknown'	'0'	-	-	False	True	True	True	None	False
'24bit'	'unknown'	'0'	-	''	True	False	True	True	None	False
'24bit'	'unknown'	'0'	-	''	True	True	True	True	None	False
'24bit'	'unknown'	'0'	-	''	False	False	True	True	None	False
'24bit'	'unknown'	'0'	-	''	False	True	True	True	None	False
'24bit'	'unknown'	'0'	-	'1'	True	False	True	True	None	True
'24bit'	'unknown'	'0'	-	'1'	True	True	True	True	None	True
'24bit'	'unknown'	'0'	-	'1'	False	False	True	True	None	True
'24bit'	'unknown'	'0'	-	'1'	False	True	True	True	None	True
'24bit'	'unknown'	'0'	''	-	True	False	True	True	None	False
'24bit'	'unknown'	'0'	''	-	True	True	True	True	None	False
'24bit'	'unknown'	'0'	''	-	False	False	True	True	None	False
'24bit'	'unknown'	'0'	''	-	False	True	True	True	None	False
'24bit'	'unknown'	'0'	''	''	True	False	True	True	None	False
'24bit'	'unknown'	'0'	''	''	True	True	True	True	None	False
'24bit'	'unknown'	'0'	''	''	False	False	True	True	None	False
'24bit'	'unknown'	'0'	''	''	False	True	True	True	None	False
'24bit'	'unknown'	'0'	''	'1'	True	False	True	True	None	True
'24bit'	'unknown'	'0'	''	'1'	True	True	True	True	None	True
'24bit'	'unknown'	'0'	''	'1'	False	False	True	True	None	True
'24bit'	'unknown'	'0'	''	'1'	False	True	True	True	None	True
'24bit'	'unknown'	'0'	'0'	-	True	False	False	False	None	False
'24bit'	'unknown'	'0'	'0'	-	True	True	True	True	None	False
'24bit'	'unknown'	'0'	'0'	-	False	False	False	False	None	False
'24bit'	'unknown'	'0'	'0'	-	False	True	True	True	None	False
'24bit'	'unknown'	'0'	'0'	''	True	False	False	False	None	False
'24bit'	'unknown'	'0'	'0'	''	True	True	True	True	None	False
'24bit'	'unknown'	'0'	'0'	''	False	False	False	False	None	False
'24bit'	'unknown'	'0'	'0'	''	False	True	True	True	None	False
'24bit'	'unknown'	'0'	'0'	'1'	True	False	False	False	None	True
'24bit'	'unknown'	'0'	'0'	'1'	True	True	True	True	None	True
'24bit'	'unknown'	'0'	'0'	'1'	False	False	False	False	None	True
'24bit'	'unknown'	'0'	'0'	'1'	False	True	True	True	None	True
'24bit'	'unknown'	'0'	'1'	-	True	False	True	True	None	False
'24bit'	'unknown'	'0'	'1'	-	True	True	True	True	None	False
'24bit'	'unknown'	'0'	'1'	-	False	False	True	True	None	False
'24bit'	'unknown'	'0'	'1'	-	False	True	True	True	None	False
'24bit'	'unknown'	'0'	'1'	''	True	False	True	True	None	False
'24bit'	'unknown'	'0'	'1'	''	True	True	True	True	None	False
'24bit'	'unknown'	'0'	'1'	''	False	False	True	True	None	False
'24bit'	'unknown'	'0'	'1'	''	False	True	True	True	None	False
'24bit'	'unknown'	'0'	'1'	'1'	True	False	True	True	None	True
'24bit'	'unknown'	'0'	'1'	'1'	True	True	True	True	None	True
'24bit'	'unknown'	'0'	'1'	'1'	False	False	True	True	None	True
'24bit'	'unknown'	'0'	'1'	'1'	False	True	True	True	None	True
'24bit'	'xterm'	-	-	-	True	False	True	False	truecolor	False
'24bit'	'xterm'	-	-	-	True	True	True	False	truecolor	False
'24bit'	'xterm'	-	-	-	False	False	False	False	None	False
'24bit'	'xterm'	-	-	-	False	True	True	False	truecolor	False
'24bit'	'xterm'	-	-	''	True	False	True	False	truecolor	False
'24bit'	'xterm'	-	-	''	True	True	True	False	truecolor	False
'24bit'	'xterm'	-	-	''	False	False	False	False	None	False
'24bit'	'xterm'	-	-	''	False	True	True	False	truecolor	False
'24bit'	'xterm'	-	-	'1'	True	False	True	False	truecolor	True
'24bit'	'xterm'	-	-	'1'	True	True	True	False	truecolor	True
'24bit'	'xterm'	-	-	'1'	False	False	False	False	None	True
'24bit'	'xterm'	-	-	'1'	False	True	True	False	truecolor	True
'24bit'	'xterm'	-	''	-	True	False	True	False	truecolor	False
'24bit'	'xterm'	-	''	-	True	True	True	False	truecolor	False
'24bit'	'xterm'	-	''	-	False	False	False	False	None	False
'24bit'	'xterm'	-	''	-	False	True	True	False	truecolor	False
'24bit'	'xterm'	-	''	''	True	False	True	False	truecolor	False
'24bit'	'xterm'	-	''	''	True	True	True	False	truecolor	False
'24bit'	'xterm'	-	''	''	False	False	False	False	None	False
'24bit'	'xterm'	-	''	''	False	True	True	False	truecolor	False
'24bit'	'xterm'	-	''	'1'	True	False	True	False	truecolor	True
'24bit'	'xterm'	-	''	'1'	True	True	True	False	truecolor	True
'24bit'	'xterm'	-	''	'1'	False	False	False	False	None	True
'24bit'	'xterm'	-	''	'1'	False	True	True	False	truecolor	True
'24bit'	'xterm'	-	'0'	-	True	False	False	False	None	False
'24bit'	'xterm'	-	'0'	-	True	True	True	False	truecolor	False
'24bit'	'xterm'	-	'0'	-	False	False	False	False	None	False
'24bit'	'xterm'	-	'0'	-	False	True	True	False	truecolor	False
'24bit'	'xterm'	-	'0'	''	True	False	False	False	None	False
'24bit'	'xterm'	-	'0'	''	True	True	True	False	truecolor	False
'24bit'	'xterm'	-	'0'	''	False	False	False	False	None	False
'24bit'	'xterm'	-	'0'	''	False	True	True	False	truecolor	False
'24bit'	'xterm'	-	'0'	'1'	True	False	False	False	None	True
'24bit'	'xterm'	-	'0'	'1'	True	True	True	False	truecolor	True
'24bit'	'xterm'	-	'0'	'1'	False	False	False	False	None	True
'24bit'	'xterm'	-	'0'	'1'	False	True	True	False	truecolor	True
'24bit'	'xterm'	-	'1'	-	True	False	True	False	truecolor	False
'24bit'	'xterm'	-	'1'	-	True	True	True	False	truecolor	False
'24bit'	'xterm'	-	'1'	-	False	False	True	False	truecolor	False
'24bit'	'xterm'	-	'1'	-	False	True	True	False	truecolor	False
'24bit'	'xterm'	-	'1'	''	True	False	True	False	truecolor	False
'24bit'	'xterm'	-	'1'	''	True	True	True	False	truecolor	False
'24bit'	'xterm'	-	'1'	''	False	False	True	False	truecolor	False
'24bit'	'xterm'	-	'1'	''	False	True	True	False	truecolor	False
'24bit'	'xterm'	-	'1'	'1'	True	False	True	False	truecolor	True
'24bit'	'xterm'	-	'1'	'1'	True	True	True	False	truecolor	True
'24bit'	'xterm'	-	'1'	'1'	False	False	True	False	truecolor	True
'24bit'	'xterm'	-	'1'	'1'	False	True	True	False	truecolor	True
'24bit'	'xterm'	''	-	-	True	False	False	False	None	False
'24bit'	'xterm'	''	-	-	True	True	True	False	truecolor	False
'24bit'	'xterm'	''	-	-	False	False	False	False	None	False
'24bit'	'xterm'	''	-	-	False	True	True	False	truecolor	False
'24bit'	'xterm'	''	-	''	True	False	False	False	None	False
'24bit'	'xterm'	''	-	''	True	True	True	False	truecolor	False
'24bit'	'xterm'	''	-	''	False	False	False	False	None	False
'24bit'	'xterm'	''	-	''	False	True	True	False	truecolor	False
'24bit'	'xterm'	''	-	'1'	True	False	False	False	None	True
'24bit'	'xterm'	''	-	'1'	True	True	True	False	truecolor	True
'24bit'	'xterm'	''	-	'1'	False	False	False	False	None	True
'24bit'	'xterm'	''	-	'1'	False	True	True	False	truecolor	True
'24bit'	'xterm'	''	''	-	True	False	False	False	None	False
'24bit'	'xterm'	''	''	-	True	True	True	False	truecolor	False
'24bit'	'xterm'	''	''	-	False	False	False	False	None	False
'24bit'	'xterm'	''	''	-	False	True	True	False	truecolor	False
'24bit'	'xterm'	''	''	''	True	False	False	False	None	False
'24bit'	'xterm'	''	''	''	True	True	True	False	truecolor	False
'24bit'	'xterm'	''	''	''	False	False	False	False	None	False
'24bit'	'xterm'	''	''	''	False	True	True	False	truecolor	False
'24bit'	'xterm'	''	''	'1'	True	False	False	False	None	True
'24bit'	'xterm'	''	''	'1'	True	True	True	False	truecolor	True
'24bit'	'xterm'	''	''	'1'	False	False	False	False	None	True
'24bit'	'xterm'	''	''	'1'	False	True	True	False	truecolor	True
'24bit'	'xterm'	''	'0'	-	True	False	False	False	None	False
'24bit'	'xterm'	''	'0'	-	True	True	True	False	truecolor	False
'24bit'	'xterm'	''	'0'	-	False	False	False	False	None	False
'24bit'	'xterm'	''	'0'	-	False	True	True	False	truecolor	False
'24bit'	'xterm'	''	'0'	''	True	False	False	False	None	False
'24bit'	'xterm'	''	'0'	''	True	True	True	False	truecolor	False
'24bit'	'xterm'	''	'0'	''	False	False	False	False	None	False
'24bit'	'xterm'	''	'0'	''	False	True	True	False	truecolor	False
'24bit'	'xterm'	''	'0'	'1'	True	False	False	False	None	True
'24bit'	'xterm'	''	'0'	'1'	True	True	True	False	truecolor	True
'24bit'	'xterm'	''	'0'	'1'	False	False	False	False	None	True
'24bit'	'xterm'	''	'0'	'1'	False	True	True	False	truecolor	True
'24bit'	'xterm'	''	'1'	-	True	False	True	False	truecolor	False
'24bit'	'xterm'	''	'1'	-	True	True	True	False	truecolor	False
'24bit'	'xterm'	''	'1'	-	False	False	True	False	truecolor	False
'24bit'	'xterm'	''	'1'	-	False	True	True	False	truecolor	False
'24bit'	'xterm'	''	'1'	''	True	False	True	False	truecolor	False
'24bit'	'xterm'	''	'1'	''	True	True	True	False	truecolor	False
'24bit'	'xterm'	''	'1'	''	False	False	True	False	truecolor	False
'24bit'	'xterm'	''	'1'	''	False	True	True	False	truecolor	False
'24bit'	'xterm'	''	'1'	'1'	True	False	True	False	truecolor	True
'24bit'	'xterm'	''	'1'	'1'	True	True	True	False	truecolor	True
'24bit'	'xterm'	''	'1'	'1'	False	False	True	False	truecolor	True
'24bit'	'xterm'	''	'1'	'1'	False	True	True	False	truecolor	True
'24bit'	'xterm'	'1'	-	-	True	False	True	False	truecolor	False
'24bit'	'xterm'	'1'	-	-	True	True	True	False	truecolor	False
'24bit'	'xterm'	'1'	-	-	False	False	True	False	truecolor	False
'24bit'	'xterm'	'1'	-	-	False	True	True	False	truecolor	False
'24bit'	'xterm'	'1'	-	''	True	False	True	False	truecolor	False
'24bit'	'xterm'	'1'	-	''	True	True	True	False	truecolor	False
'24bit'	'xterm'	'1'	-	''	False	False	True	False	truecolor	False
'24bit'	'xterm'	'1'	-	''	False	True	True	False	truecolor	False
'24bit'	'xterm'	'1'	-	'1'	True	False	True	False	truecolor	True
'24bit'	'xterm'	'1'	-	'1'	True	True	True	False	truecolor	True
'24bit'	'xterm'	'1'	-	'1'	False	False	True	False	truecolor	True
'24bit'	'xterm'	'1'	-	'1'	False	True	True	False	truecolor	True
'24bit'	'xterm'	'1'	''	-	True	False	True	False	truecolor	False
'24bit'	'xterm'	'1'	''	-	True	True	True	False	truecolor	False
'24bit'	'xterm'	'1'	''	-	False	False	True	False	truecolor	False
'24bit'	'xterm'	'1'	''	-	False	True	True	False	truecolor	False
'24bit'	'xterm'	'1'	''	''	True	False	True	False	truecolor	False
'24bit'	'xterm'	'1'	''	''	True	True	True	False	truecolor	False
'24bit'	'xterm'	'1'	''	''	False	False	True	False	truecolor	False
'24bit'	'xterm'	'1'	''	''	False	True	True	False	truecolor	False
'24bit'	'xterm'	'1'	''	'1'	True	False	True	False	truecolor	True
'24bit'	'xterm'	'1'	''	'1'	True	True	True	False	truecolor	True
'24bit'	'xterm'	'1'	''	'1'	False	False	True	False	truecolor	True
'24bit'	'xterm'	'1'	''	'1'	False	True	True	False	truecolor	True
'24bit'	'xterm'	'1'	'0'	-	True	False	False	False	None	False
'24bit'	'xterm'	'1'	'0'	-	True	True	True	False	truecolor	False
'24bit'	'xterm'	'1'	'0'	-	False	False	False	False	None	False
'24bit'	'xterm'	'1'	'0'	-	False	True	True	False	truecolor	False
'24bit'	'xterm'	'1'	'0'	''	True	False	False	False	None	False
'24bit'	'xterm'	'1'	'0'	''	True	True	True	False	truecolor	False
'24bit'	'xterm'	'1'	'0'	''	False	False	False	False	None	False
'24bit'	'xterm'	'1'	'0'	''	False	True	True	False	truecolor	False
'24bit'	'xterm'	'1'	'0'	'1'	True	False	False	False	None	True
'24bit'	'xterm'	'1'	'0'	'1'	True	True	True	False	truecolor	True
'24bit'	'xterm'	'1'	'0'	'1'	False	False	False	False	None	True
'24bit'	'xterm'	'1'	'0'	'1'	False	True	True	False	truecolor	True
'24bit'	'xterm'	'1'	'1'	-	True	False	True	False	truecolor	False
'24bit'	'xterm'	'1'	'1'	-	True	True	True	False	truecolor	False
'24bit'	'xterm'	'1'	'1'	-	False	False	True	False	truecolor	False
'24bit'	'xterm'	'1'	'1'	-	False	True	True	False	truecolor	False
'24bit'	'xterm'	'1'	'1'	''	True	False	True	False	truecolor	False
'24bit'	'xterm'	'1'	'1'	''	True	True	True	False	truecolor	False
'24bit'	'xterm'	'1'	'1'	''	False	False	True	False	truecolor	False
'24bit'	'xterm'	'1'	'1'	''	False	True	True	False	truecolor	False
'24bit'	'xterm'	'1'	'1'	'1'	True	False	True	False	truecolor	True
'24bit'	'xterm'	'1'	'1'	'1'	True	True	True	False	truecolor	True
'24bit'	'xterm'	'1'	'1'	'1'	False	False	True	False	truecolor	True
'24bit'	'xterm'	'1'	'1'	'1'	False	True	True	False	truecolor	True
'24bit'	'xterm'	'0'	-	-	True	False	True	False	truecolor	False
'24bit'	'xterm'	'0'	-	-	True	True	True	False	truecolor	False
'24bit'	'xterm'	'0'	-	-	False	False	True	False	truecolor	False
'24bit'	'xterm'	'0'	-	-	False	True	True	False	truecolor	False
'24bit'	'xterm'	'0'	-	''	True	False	True	False	truecolor	False
'24bit'	'xterm'	'0'	-	''	True	True	True	False	truecolor	False
'24bit'	'xterm'	'0'	-	''	False	False	True	False	truecolor	False
'24bit'	'xterm'	'0'	-	''	False	True	True	False	truecolor	False
'24bit'	'xterm'	'0'	-	'1'	True	False	True	False	truecolor	True
'24bit'	'xterm'	'0'	-	'1'	True	True	True	False	truecolor	True
'24bit'	'xterm'	'0'	-	'1'	False	False	True	False	truecolor	True
'24bit'	'xterm'	'0'	-	'1'	False	True	True	False	truecolor	True
'24bit'	'xterm'	'0'	''	-	True	False	True	False	truecolor	False
'24bit'	'xterm'	'0'	''	-	True	True	True	False	truecolor	False
'24bit'	'xterm'	'0'	''	-	False	False	True	False	truecolor	False
'24bit'	'xterm'	'0'	''	-	False	True	True	False	truecolor	False
'24bit'	'xterm'	'0'	''	''	True	False	True	False	truecolor	False
'24bit'	'xterm'	'0'	''	''	True	True	True	False	truecolor	False
'24bit'	'xterm'	'0'	''	''	False	False	True	False	truecolor	False
'24bit'	'xterm'	'0'	''	''	False	True	True	False	truecolor	False
'24bit'	'xterm'	'0'	''	'1'	True	False	True	False	truecolor	True
'24bit'	'xterm'	'0'	''	'1'	True	True	True	False	truecolor	True
'24bit'	'xterm'	'0'	''	'1'	False	False	True	False	truecolor	True
'24bit'	'xterm'	'0'	''	'1'	False	True	True	False	truecolor	True
'24bit'	'xterm'	'0'	'0'	-	True	False	False	False	None	False
'24bit'	'xterm'	'0'	'0'	-	True	True	True	False	truecolor	False
'24bit'	'xterm'	'0'	'0'	-	False	False	False	False	None	False
'24bit'	'xterm'	'0'	'0'	-	False	True	True	False	truecolor	False
'24bit'	'xterm'	'0'	'0'	''	True	False	False	False	None	False
'24bit'	'xterm'	'0'	'0'	''	True	True	True	False	truecolor	False
'24bit'	'xterm'	'0'	'0'	''	False	False	False	False	None	False
'24bit'	'xterm'	'0'	'0'	''	False	True	True	False	truecolor	False
'24bit'	'xterm'	'0'	'0'	'1'	True	False	False	False	None	True
'24bit'	'xterm'	'0'	'0'	'1'	True	True	True	False	truecolor	True
'24bit'	'xterm'	'0'	'0'	'1'	False	False	False	False	None	True
'24bit'	'xterm'	'0'	'0'	'1'	False	True	True	False	truecolor	True
'24bit'	'xterm'	'0'	'1'	-	True	False	True	False	truecolor	False
'24bit'	'xterm'	'0'	'1'	-	True	True	True	False	truecolor	False
'24bit'	'xterm'	'0'	'1'	-	False	False	True	False	truecolor	False
'24bit'	'xterm'	'0'	'1'	-	False	True	True	False	truecolor	False
'24bit'	'xterm'	'0'	'1'	''	True	False	True	False	truecolor	False
'24bit'	'xterm'	'0'	'1'	''	True	True	True	False	truecolor	False
'24bit'	'xterm'	'0'	'1'	''	False	False	True	False	truecolor	False
'24bit'	'xterm'	'0'	'1'	''	False	True	True	False	truecolor	False
'24bit'	'xterm'	'0'	'1'	'1'	True	False	True	False	truecolor	True
'24bit'	'xterm'	'0'	'1'	'1'	True	True	True	False	truecolor	True
'24bit'	'xterm'	'0'	'1'	'1'	False	False	True	False	truecolor	True
'24bit'	'xterm'	'0'	'1'	'1'	False	True	True	False	truecolor	True
'24bit'	'xterm-256color'	-	-	-	True	False	True	False	truecolor	False
'24bit'	'xterm-256color'	-	-	-	True	True	True	False	truecolor	False
'24bit'	'xterm-256color'	-	-	-	False	False	False	False	None	False
'24bit'	'xterm-256color'	-	-	-	False	True	True	False	truecolor	False
'24bit'	'xterm-256color'	-	-	''	True	False	True	False	truecolor	False
'24bit'	'xterm-256color'	-	-	''	True	True	True	False	truecolor	False
'24bit'	'xterm-256color'	-	-	''	False	False	False	False	None	False
'24bit'	'xterm-256color'	-	-	''	False	True	True	False	truecolor	False
'24bit'	'xterm-256color'	-	-	'1'	True	False	True	False	truecolor	True
'24bit'	'xterm-256color'	-	-	'1'	True	True	True	False	truecolor	True
'24bit'	'xterm-256color'	-	-	'1'	False	False	False	False	None	True
'24bit'	'xterm-256color'	-	-	'1'	False	True	True	False	truecolor	True
'24bit'	'xterm-256color'	-	''	-	True	False	True	False	truecolor	False
'24bit'	'xterm-256color'	-	''	-	True	True	True	False	truecolor	False
'24bit'	'xterm-256color'	-	''	-	False	False	False	False	None	False
'24bit'	'xterm-256color'	-	''	-	False	True	True	False	truecolor	False
'24bit'	'xterm-256color'	-	''	''	True	False	True	False	truecolor	False
'24bit'	'xterm-256color'	-	''	''	True	True	True	False	truecolor	False
'24bit'	'xterm-256color'	-	''	''	False	False	False	False	None	False
'24bit'	'xterm-256color'	-	''	''	False	True	True	False	truecolor	False
'24bit'	'xterm-256color'	-	''	'1'	True	False	True	False	truecolor	True
'24bit'	'xterm-256color'	-	''	'1'	True	True	True	False	truecolor	True
'24bit'	'xterm-256color'	-	''	'1'	False	False	False	False	None	True
'24bit'	'xterm-256color'	-	''	'1'	False	True	True	False	truecolor	True
'24bit'	'xterm-256color'	-	'0'	-	True	False	False	False	None	False
'24bit'	'xterm-256color'	-	'0'	-	True	True	True	False	truecolor	False
'24bit'	'xterm-256color'	-	'0'	-	False	False	False	False	None	False
'24bit'	'xterm-256color'	-	'0'	-	False	True	True	False	truecolor	False
'24bit'	'xterm-256color'	-	'0'	''	True	False	False	False	None	False
'24bit'	'xterm-256color'	-	'0'	''	True	True	True	False	truecolor	False
'24bit'	'xterm-256color'	-	'0'	''	False	False	False	False	None	False
'24bit'	'xterm-256color'	-	'0'	''	False	True	True	False	truecolor	False
'24bit'	'xterm-256color'	-	'0'	'1'	True	False	False	False	None	True
'24bit'	'xterm-256color'	-	'0'	'1'	True	True	True	False	truecolor	True
'24bit'	'xterm-256color'	-	'0'	'1'	False	False	False	False	None	True
'24bit'	'xterm-256color'	-	'0'	'1'	False	True	True	False	truecolor	True
'24bit'	'xterm-256color'	-	'1'	-	True	False	True	False	truecolor	False
'24bit'	'xterm-256color'	-	'1'	-	True	True	True	False	truecolor	False
'24bit'	'xterm-256color'	-	'1'	-	False	False	True	False	truecolor	False
'24bit'	'xterm-256color'	-	'1'	-	False	True	True	False	truecolor	False
'24bit'	'xterm-256color'	-	'1'	''	True	False	True	False	truecolor	False
'24bit'	'xterm-256color'	-	'1'	''	True	True	True	False	truecolor	False
'24bit'	'xterm-256color'	-	'1'	''	False	False	True	False	truecolor	False
'24bit'	'xterm-256color'	-	'1'	''	False	True	True	False	truecolor	False
'24bit'	'xterm-256color'	-	'1'	'1'	True	False	True	False	truecolor	True
'24bit'	'xterm-256color'	-	'1'	'1'	True	True	True	False	truecolor	True
'24bit'	'xterm-256color'	-	'1'	'1'	False	False	True	False	truecolor	True
'24bit'	'xterm-256color'	-	'1'	'1'	False	True	True	False	truecolor	True
'24bit'	'xterm-256color'	''	-	-	True	False	False	False	None	False
'24bit'	'xterm-256color'	''	-	-	True	True	True	False	truecolor	False
'24bit'	'xterm-256color'	''	-	-	False	False	False	False	None	False
'24bit'	'xterm-256color'	''	-	-	False	True	True	False	truecolor	False
'24bit'	'xterm-256color'	''	-	''	True	False	False	False	None	False
'24bit'	'xterm-256color'	''	-	''	True	True	True	False	truecolor	False
'24bit'	'xterm-256color'	''	-	''	False	False	False	False	None	False
'24bit'	'xterm-256color'	''	-	''	False	True	True	False	truecolor	False
'24bit'	'xterm-256color'	''	-	'1'	True	False	False	False	None	True
'24bit'	'xterm-256color'	''	-	'1'	True	True	True	False	truecolor	True
'24bit'	'xterm-256color'	''	-	'1'	False	False	False	False	None	True
'24bit'	'xterm-256color'	''	-	'1'	False	True	True	False	truecolor	True
'24bit'	'xterm-256color'	''	''	-	True	False	False	False	None	False
'24bit'	'xterm-256color'	''	''	-	True	True	True	False	truecolor	False
'24bit'	'xterm-256color'	''	''	-	False	False	False	False	None	False
'24bit'	'xterm-256color'	''	''	-	False	True	True	False	truecolor	False
'24bit'	'xterm-256color'	''	''	''	True	False	False	False	None	False
'24bit'	'xterm-256color'	''	''	''	True	True	True	False	truecolor	False
'24bit'	'xterm-256color'	''	''	''	False	False	False	False	None	False
'24bit'	'xterm-256color'	''	''	''	False	True	True	False	truecolor	False
'24bit'	'xterm-256color'	''	''	'1'	True	False	False	False	None	True
'24bit'	'xterm-256color'	''	''	'1'	True	True	True	False	truecolor	True
'24bit'	'xterm-256color'	''	''	'1'	False	False	False	False	None	True
'24bit'	'xterm-256color'	''	''	'1'	False	True	True	False	truecolor	True
'24bit'	'xterm-256color'	''	'0'	-	True	False	False	False	None	False
'24bit'	'xterm-256color'	''	'0'	-	True	True	True	False	truecolor	False
'24bit'	'xterm-256color'	''	'0'	-	False	False	False	False	None	False
'24bit'	'xterm-256color'	''	'0'	-	False	True	True	False	truecolor	False
'24bit'	'xterm-256color'	''	'0'	''	True	False	False	False	None	False
'24bit'	'xterm-256color'	''	'0'	''	True	True	True	False	truecolor	False
'24bit'	'xterm-256color'	''	'0'	''	False	False	False	False	None	False
'24bit'	'xterm-256color'	''	'0'	''	False	True	True	False	truecolor	False
'24bit'	'xterm-256color'	''	'0'	'1'	True	False	False	False	None	True
'24bit'	'xterm-256color'	''	'0'	'1'	True	True	True	False	truecolor	True
'24bit'	'xterm-256color'	''	'0'	'1'	False	False	False	False	None	True
'24bit'	'xterm-256color'	''	'0'	'1'	False	True	True	False	truecolor	True
'24bit'	'xterm-256color'	''	'1'	-	True	False	True	False	truecolor	False
'24bit'	'xterm-256color'	''	'1'	-	True	True	True	False	truecolor	False
'24bit'	'xterm-256color'	''	'1'	-	False	False	True	False	truecolor	False
'24bit'	'xterm-256color'	''	'1'	-	False	True	True	False	truecolor	False
'24bit'	'xterm-256color'	''	'1'	''	True	False	True	False	truecolor	False
'24bit'	'xterm-256color'	''	'1'	''	True	True	True	False	truecolor	False
'24bit'	'xterm-256color'	''	'1'	''	False	False	True	False	truecolor	False
'24bit'	'xterm-256color'	''	'1'	''	False	True	True	False	truecolor	False
'24bit'	'xterm-256color'	''	'1'	'1'	True	False	True	False	truecolor	True
'24bit'	'xterm-256color'	''	'1'	'1'	True	True	True	False	truecolor	True
'24bit'	'xterm-256color'	''	'1'	'1'	False	False	True	False	truecolor	True
'24bit'	'xterm-256color'	''	'1'	'1'	False	True	True	False	truecolor	True
'24bit'	'xterm-256color'	'1'	-	-	True	False	True	False	truecolor	False
'24bit'	'xterm-256color'	'1'	-	-	True	True	True	False	truecolor	False
'24bit'	'xterm-256color'	'1'	-	-	False	False	True	False	truecolor	False
'24bit'	'xterm-256color'	'1'	-	-	False	True	True	False	truecolor	False
'24bit'	'xterm-256color'	'1'	-	''	True	False	True	False	truecolor	False
'24bit'	'xterm-256color'	'1'	-	''	True	True	True	False	truecolor	False
'24bit'	'xterm-256color'	'1'	-	''	False	False	True	False	truecolor	False
'24bit'	'xterm-256color'	'1'	-	''	False	True	True	False	truecolor	False
'24bit'	'xterm-256color'	'1'	-	'1'	True	False	True	False	truecolor	True
'24bit'	'xterm-256color'	'1'	-	'1'	True	True	True	False	truecolor	True
'24bit'	'xterm-256color'	'1'	-	'1'	False	False	True	False	truecolor	True
'24bit'	'xterm-256color'	'1'	-	'1'	False	True	True	False	truecolor	True
'24bit'	'xterm-256color'	'1'	''	-	True	False	True	False	truecolor	False
'24bit'	'xterm-256color'	'1'	''	-	True	True	True	False	truecolor	False
'24bit'	'xterm-256color'	'1'	''	-	False	False	True	False	truecolor	False
'24bit'	'xterm-256color'	'1'	''	-	False	True	True	False	truecolor	False
'24bit'	'xterm-256color'	'1'	''	''	True	False	True	False	truecolor	False
'24bit'	'xterm-256color'	'1'	''	''	True	True	True	False	truecolor	False
'24bit'	'xterm-256color'	'1'	''	''	False	False	True	False	truecolor	False
'24bit'	'xterm-256color'	'1'	''	''	False	True	True	False	truecolor	False
'24bit'	'xterm-256color'	'1'	''	'1'	True	False	True	False	truecolor	True
'24bit'	'xterm-256color'	'1'	''	'1'	True	True	True	False	truecolor	True
'24bit'	'xterm-256color'	'1'	''	'1'	False	False	True	False	truecolor	True
'24bit'	'xterm-256color'	'1'	''	'1'	False	True	True	False	truecolor	True
'24bit'	'xterm-256color'	'1'	'0'	-	True	False	False	False	None	False
'24bit'	'xterm-256color'	'1'	'0'	-	True	True	True	False	truecolor	False
'24bit'	'xterm-256color'	'1'	'0'	-	False	False	False	False	None	False
'24bit'	'xterm-256color'	'1'	'0'	-	False	True	True	False	truecolor	False
'24bit'	'xterm-256color'	'1'	'0'	''	True	False	False	False	None	False
'24bit'	'xterm-256color'	'1'	'0'	''	True	True	True	False	truecolor	False
'24bit'	'xterm-256color'	'1'	'0'	''	False	False	False	False	None	False
'24bit'	'xterm-256color'	'1'	'0'	''	False	True	True	False	truecolor	False
'24bit'	'xterm-256color'	'1'	'0'	'1'	True	False	False	False	None	True
'24bit'	'xterm-256color'	'1'	'0'	'1'	True	True	True	False	truecolor	True
'24bit'	'xterm-256color'	'1'	'0'	'1'	False	False	False	False	None	True
'24bit'	'xterm-256color'	'1'	'0'	'1'	False	True	True	False	truecolor	True
'24bit'	'xterm-256color'	'1'	'1'	-	True	False	True	False	truecolor	False
'24bit'	'xterm-256color'	'1'	'1'	-	True	True	True	False	truecolor	False
'24bit'	'xterm-256color'	'1'	'1'	-	False	False	True	False	truecolor	False
'24bit'	'xterm-256color'	'1'	'1'	-	False	True	True	False	truecolor	False
'24bit'	'xterm-256color'	'1'	'1'	''	True	False	True	False	truecolor	False
'24bit'	'xterm-256color'	'1'	'1'	''	True	True	True	False	truecolor	False
'24bit'	'xterm-256color'	'1'	'1'	''	False	False	True	False	truecolor	False
'24bit'	'xterm-256color'	'1'	'1'	''	False	True	True	False	truecolor	False
'24bit'	'xterm-256color'	'1'	'1'	'1'	True	False	True	False	truecolor	True
'24bit'	'xterm-256color'	'1'	'1'	'1'	True	True	True	False	truecolor	True
'24bit'	'xterm-256color'	'1'	'1'	'1'	False	False	True	False	truecolor	True
'24bit'	'xterm-256color'	'1'	'1'	'1'	False	True	True	False	truecolor	True
'24bit'	'xterm-256color'	'0'	-	-	True	False	True	False	truecolor	False
'24bit'	'xterm-256color'	'0'	-	-	True	True	True	False	truecolor	False
'24bit'	'xterm-256color'	'0'	-	-	False	False	True	False	truecolor	False
'24bit'	'xterm-256color'	'0'	-	-	False	True	True	False	truecolor	False
'24bit'	'xterm-256color'	'0'	-	''	True	False	True	False	truecolor	False
'24bit'	'xterm-256color'	'0'	-	''	True	True	True	False	truecolor	False
'24bit'	'xterm-256color'	'0'	-	''	False	False	True	False	truecolor	False
'24bit'	'xterm-256color'	'0'	-	''	False	True	True	False	truecolor	False
'24bit'	'xterm-256color'	'0'	-	'1'	True	False	True	False	truecolor	True
'24bit'	'xterm-256color'	'0'	-	'1'	True	True	True	False	truecolor	True
'24bit'	'xterm-256color'	'0'	-	'1'	False	False	True	False	truecolor	True
'24bit'	'xterm-256color'	'0'	-	'1'	False	True	True	False	truecolor	True
'24bit'	'xterm-256color'	'0'	''	-	True	False	True	False	truecolor	False
'24bit'	'xterm-256color'	'0'	''	-	True	True	True	False	truecolor	False
'24bit'	'xterm-256color'	'0'	''	-	False	False	True	False	truecolor	False
'24bit'	'xterm-256color'	'0'	''	-	False	True	True	False	truecolor	False
'24bit'	'xterm-256color'	'0'	''	''	True	False	True	False	truecolor	False
'24bit'	'xterm-256color'	'0'	''	''	True	True	True	False	truecolor	False
'24bit'	'xterm-256color'	'0'	''	''	False	False	True	False	truecolor	False
'24bit'	'xterm-256color'	'0'	''	''	False	True	True	False	truecolor	False
'24bit'	'xterm-256color'	'0'	''	'1'	True	False	True	False	truecolor	True
'24bit'	'xterm-256color'	'0'	''	'1'	True	True	True	False	truecolor	True
'24bit'	'xterm-256color'	'0'	''	'1'	False	False	True	False	truecolor	True
'24bit'	'xterm-256color'	'0'	''	'1'	False	True	True	False	truecolor	True
'24bit'	'xterm-256color'	'0'	'0'	-	True	False	False	False	None	False
'24bit'	'xterm-256color'	'0'	'0'	-	True	True	True	False	truecolor	False
'24bit'	'xterm-256color'	'0'	'0'	-	False	False	False	False	None	False
'24bit'	'xterm-256color'	'0'	'0'	-	False	True	True	False	truecolor	False
'24bit'	'xterm-256color'	'0'	'0'	''	True	False	False	False	None	False
'24bit'	'xterm-256color'	'0'	'0'	''	True	True	True	False	truecolor	False
'24bit'	'xterm-256color'	'0'	'0'	''	False	False	False	False	None	False
'24bit'	'xterm-256color'	'0'	'0'	''	False	True	True	False	truecolor	False
'24bit'	'xterm-256color'	'0'	'0'	'1'	True	False	False	False	None	True
'24bit'	'xterm-256color'	'0'	'0'	'1'	True	True	True	False	truecolor	True
'24bit'	'xterm-256color'	'0'	'0'	'1'	False	False	False	False	None	True
'24bit'	'xterm-256color'	'0'	'0'	'1'	False	True	True	False	truecolor	True
'24bit'	'xterm-256color'	'0'	'1'	-	True	False	True	False	truecolor	False
'24bit'	'xterm-256color'	'0'	'1'	-	True	True	True	False	truecolor	False
'24bit'	'xterm-256color'	'0'	'1'	-	False	False	True	False	truecolor	False
'24bit'	'xterm-256color'	'0'	'1'	-	False	True	True	False	truecolor	False
'24bit'	'xterm-256color'	'0'	'1'	''	True	False	True	False	truecolor	False
'24bit'	'xterm-256color'	'0'	'1'	''	True	True	True	False	truecolor	False
'24bit'	'xterm-256color'	'0'	'1'	''	False	False	True	False	truecolor	False
'24bit'	'xterm-256color'	'0'	'1'	''	False	True	True	False	truecolor	False
'24bit'	'xterm-256color'	'0'	'1'	'1'	True	False	True	False	truecolor	True
'24bit'	'xterm-256color'	'0'	'1'	'1'	True	True	True	False	truecolor	True
'24bit'	'xterm-256color'	'0'	'1'	'1'	False	False	True	False	truecolor	True
'24bit'	'xterm-256color'	'0'	'1'	'1'	False	True	True	False	truecolor	True
'24bit'	'xterm-16color'	-	-	-	True	False	True	False	truecolor	False
'24bit'	'xterm-16color'	-	-	-	True	True	True	False	truecolor	False
'24bit'	'xterm-16color'	-	-	-	False	False	False	False	None	False
'24bit'	'xterm-16color'	-	-	-	False	True	True	False	truecolor	False
'24bit'	'xterm-16color'	-	-	''	True	False	True	False	truecolor	False
'24bit'	'xterm-16color'	-	-	''	True	True	True	False	truecolor	False
'24bit'	'xterm-16color'	-	-	''	False	False	False	False	None	False
'24bit'	'xterm-16color'	-	-	''	False	True	True	False	truecolor	False
'24bit'	'xterm-16color'	-	-	'1'	True	False	True	False	truecolor	True
'24bit'	'xterm-16color'	-	-	'1'	True	True	True	False	truecolor	True
'24bit'	'xterm-16color'	-	-	'1'	False	False	False	False	None	True
'24bit'	'xterm-16color'	-	-	'1'	False	True	True	False	truecolor	True
'24bit'	'xterm-16color'	-	''	-	True	False	True	False	truecolor	False
'24bit'	'xterm-16color'	-	''	-	True	True	True	False	truecolor	False
'24bit'	'xterm-16color'	-	''	-	False	False	False	False	None	False
'24bit'	'xterm-16color'	-	''	-	False	True	True	False	truecolor	False
'24bit'	'xterm-16color'	-	''	''	True	False	True	False	truecolor	False
'24bit'	'xterm-16color'	-	''	''	True	True	True	False	truecolor	False
'24bit'	'xterm-16color'	-	''	''	False	False	False	False	None	False
'24bit'	'xterm-16color'	-	''	''	False	True	True	False	truecolor	False
'24bit'	'xterm-16color'	-	''	'1'	True	False	True	False	truecolor	True
'24bit'	'xterm-16color'	-	''	'1'	True	True	True	False	truecolor	True
'24bit'	'xterm-16color'	-	''	'1'	False	False	False	False	None	True
'24bit'	'xterm-16color'	-	''	'1'	False	True	True	False	truecolor	True
'24bit'	'xterm-16color'	-	'0'	-	True	False	False	False	None	False
'24bit'	'xterm-16color'	-	'0'	-	True	True	True	False	truecolor	False
'24bit'	'xterm-16color'	-	'0'	-	False	False	False	False	None	False
'24bit'	'xterm-16color'	-	'0'	-	False	True	True	False	truecolor	False
'24bit'	'xterm-16color'	-	'0'	''	True	False	False	False	None	False
'24bit'	'xterm-16color'	-	'0'	''	True	True	True	False	truecolor	False
'24bit'	'xterm-16color'	-	'0'	''	False	False	False	False	None	False
'24bit'	'xterm-16color'	-	'0'	''	False	True	True	False	truecolor	False
'24bit'	'xterm-16color'	-	'0'	'1'	True	False	False	False	None	True
'24bit'	'xterm-16color'	-	'0'	'1'	True	True	True	False	truecolor	True
'24bit'	'xterm-16color'	-	'0'	'1'	False	False	False	False	None	True
'24bit'	'xterm-16color'	-	'0'	'1'	False	True	True	False	truecolor	True
'24bit'	'xterm-16color'	-	'1'	-	True	False	True	False	truecolor	False
'24bit'	'xterm-16color'	-	'1'	-	True	True	True	False	truecolor	False
'24bit'	'xterm-16color'	-	'1'	-	False	False	True	False	truecolor	False
'24bit'	'xterm-16color'	-	'1'	-	False	True	True	False	truecolor	False
'24bit'	'xterm-16color'	-	'1'	''	True	False	True	False	truecolor	False
'24bit'	'xterm-16color'	-	'1'	''	True	True	True	False	truecolor	False
'24bit'	'xterm-16color'	-	'1'	''	False	False	True	False	truecolor	False
'24bit'	'xterm-16color'	-	'1'	''	False	True	True	False	truecolor	False
'24bit'	'xterm-16color'	-	'1'	'1'	True	False	True	False	truecolor	True
'24bit'	'xterm-16color'	-	'1'	'1'	True	True	True	False	truecolor	True
'24bit'	'xterm-16color'	-	'1'	'1'	False	False	True	False	truecolor	True
'24bit'	'xterm-16color'	-	'1'	'1'	False	True	True	False	truecolor	True
'24bit'	'xterm-16color'	''	-	-	True	False	False	False	None	False
'24bit'	'xterm-16color'	''	-	-	True	True	True	False	truecolor	False
'24bit'	'xterm-16color'	''	-	-	False	False	False	False	None	False
'24bit'	'xterm-16color'	''	-	-	False	True	True	False	truecolor	False
'24bit'	'xterm-16color'	''	-	''	True	False	False	False	None	False
'24bit'	'xterm-16color'	''	-	''	True	True	True	False	truecolor	False
'24bit'	'xterm-16color'	''	-	''	False	False	False	False	None	False
'24bit'	'xterm-16color'	''	-	''	False	True	True	False	truecolor	False
'24bit'	'xterm-16color'	''	-	'1'	True	False	False	False	None	True
'24bit'	'xterm-16color'	''	-	'1'	True	True	True	False	truecolor	True
'24bit'	'xterm-16color'	''	-	'1'	False	False	False	False	None	True
'24bit'	'xterm-16color'	''	-	'1'	False	True	True	False	truecolor	True
'24bit'	'xterm-16color'	''	''	-	True	False	False	False	None	False
'24bit'	'xterm-16color'	''	''	-	True	True	True	False	truecolor	False
'24bit'	'xterm-16color'	''	''	-	False	False	False	False	None	False
'24bit'	'xterm-16color'	''	''	-	False	True	True	False	truecolor	False
'24bit'	'xterm-16color'	''	''	''	True	False	False	False	None	False
'24bit'	'xterm-16color'	''	''	''	True	True	True	False	truecolor	False
'24bit'	'xterm-16color'	''	''	''	False	False	False	False	None	False
'24bit'	'xterm-16color'	''	''	''	False	True	True	False	truecolor	False
'24bit'	'xterm-16color'	''	''	'1'	True	False	False	False	None	True
'24bit'	'xterm-16color'	''	''	'1'	True	True	True	False	truecolor	True
'24bit'	'xterm-16color'	''	''	'1'	False	False	False	False	None	True
'24bit'	'xterm-16color'	''	''	'1'	False	True	True	False	truecolor	True
'24bit'	'xterm-16color'	''	'0'	-	True	False	False	False	None	False
'24bit'	'xterm-16color'	''	'0'	-	True	True	True	False	truecolor	False
'24bit'	'xterm-16color'	''	'0'	-	False	False	False	False	None	False
'24bit'	'xterm-16color'	''	'0'	-	False	True	True	False	truecolor	False
'24bit'	'xterm-16color'	''	'0'	''	True	False	False	False	None	False
'24bit'	'xterm-16color'	''	'0'	''	True	True	True	False	truecolor	False
'24bit'	'xterm-16color'	''	'0'	''	False	False	False	False	None	False
'24bit'	'xterm-16color'	''	'0'	''	False	True	True	False	truecolor	False
'24bit'	'xterm-16color'	''	'0'	'1'	True	False	False	False	None	True
'24bit'	'xterm-16color'	''	'0'	'1'	True	True	True	False	truecolor	True
'24bit'	'xterm-16color'	''	'0'	'1'	False	False	False	False	None	True
'24bit'	'xterm-16color'	''	'0'	'1'	False	True	True	False	truecolor	True
'24bit'	'xterm-16color'	''	'1'	-	True	False	True	False	truecolor	False
'24bit'	'xterm-16color'	''	'1'	-	True	True	True	False	truecolor	False
'24bit'	'xterm-16color'	''	'1'	-	False	False	True	False	truecolor	False
'24bit'	'xterm-16color'	''	'1'	-	False	True	True	False	truecolor	False
'24bit'	'xterm-16color'	''	'1'	''	True	False	True	False	truecolor	False
'24bit'	'xterm-16color'	''	'1'	''	True	True	True	False	truecolor	False
'24bit'	'xterm-16color'	''	'1'	''	False	False	True	False	truecolor	False
'24bit'	'xterm-16color'	''	'1'	''	False	True	True	False	truecolor	False
'24bit'	'xterm-16color'	''	'1'	'1'	True	False	True	False	truecolor	True
'24bit'	'xterm-16color'	''	'1'	'1'	True	True	True	False	truecolor	True
'24bit'	'xterm-16color'	''	'1'	'1'	False	False	True	False	truecolor	True
'24bit'	'xterm-16color'	''	'1'	'1'	False	True	True	False	truecolor	True
'24bit'	'xterm-16color'	'1'	-	-	True	False	True	False	truecolor	False
'24bit'	'xterm-16color'	'1'	-	-	True	True	True	False	truecolor	False
'24bit'	'xterm-16color'	'1'	-	-	False	False	True	False	truecolor	False
'24bit'	'xterm-16color'	'1'	-	-	False	True	True	False	truecolor	False
'24bit'	'xterm-16color'	'1'	-	''	True	False	True	False	truecolor	False
'24bit'	'xterm-16color'	'1'	-	''	True	True	True	False	truecolor	False
'24bit'	'xterm-16color'	'1'	-	''	False	False	True	False	truecolor	False
'24bit'	'xterm-16color'	'1'	-	''	False	True	True	False	truecolor	False
'24bit'	'xterm-16color'	'1'	-	'1'	True	False	True	False	truecolor	True
'24bit'	'xterm-16color'	'1'	-	'1'	True	True	True	False	truecolor	True
'24bit'	'xterm-16color'	'1'	-	'1'	False	False	True	False	truecolor	True
'24bit'	'xterm-16color'	'1'	-	'1'	False	True	True	False	truecolor	True
'24bit'	'xterm-16color'	'1'	''	-	True	False	True	False	truecolor	False
'24bit'	'xterm-16color'	'1'	''	-	True	True	True	False	truecolor	False
'24bit'	'xterm-16color'	'1'	''	-	False	False	True	False	truecolor	False
'24bit'	'xterm-16color'	'1'	''	-	False	True	True	False	truecolor	False
'24bit'	'xterm-16color'	'1'	''	''	True	False	True	False	truecolor	False
'24bit'	'xterm-16color'	'1'	''	''	True	True	True	False	truecolor	False
'24bit'	'xterm-16color'	'1'	''	''	False	False	True	False	truecolor	False
'24bit'	'xterm-16color'	'1'	''	''	False	True	True	False	truecolor	False
'24bit'	'xterm-16color'	'1'	''	'1'	True	False	True	False	truecolor	True
'24bit'	'xterm-16color'	'1'	''	'1'	True	True	True	False	truecolor	True
'24bit'	'xterm-16color'	'1'	''	'1'	False	False	True	False	truecolor	True
'24bit'	'xterm-16color'	'1'	''	'1'	False	True	True	False	truecolor	True
'24bit'	'xterm-16color'	'1'	'0'	-	True	False	False	False	None	False
'24bit'	'xterm-16color'	'1'	'0'	-	True	True	True	False	truecolor	False
'24bit'	'xterm-16color'	'1'	'0'	-	False	False	False	False	None	False
'24bit'	'xterm-16color'	'1'	'0'	-	False	True	True	False	truecolor	False
'24bit'	'xterm-16color'	'1'	'0'	''	True	False	False	False	None	False
'24bit'	'xterm-16color'	'1'	'0'	''	True	True	True	False	truecolor	False
'24bit'	'xterm-16color'	'1'	'0'	''	False	False	False	False	None	False
'24bit'	'xterm-16color'	'1'	'0'	''	False	True	True	False	truecolor	False
'24bit'	'xterm-16color'	'1'	'0'	'1'	True	False	False	False	None	True
'24bit'	'xterm-16color'	'1'	'0'	'1'	True	True	True	False	truecolor	True
'24bit'	'xterm-16color'	'1'	'0'	'1'	False	False	False	False	None	True
'24bit'	'xterm-16color'	'1'	'0'	'1'	False	True	True	False	truecolor	True
'24bit'	'xterm-16color'	'1'	'1'	-	True	False	True	False	truecolor	False
'24bit'	'xterm-16color'	'1'	'1'	-	True	True	True	False	truecolor	False
'24bit'	'xterm-16color'	'1'	'1'	-	False	False	True	False	truecolor	False
'24bit'	'xterm-16color'	'1'	'1'	-	False	True	True	False	truecolor	False
'24bit'	'xterm-16color'	'1'	'1'	''	True	False	True	False	truecolor	False
'24bit'	'xterm-16color'	'1'	'1'	''	True	True	True	False	truecolor	False
'24bit'	'xterm-16color'	'1'	'1'	''	False	False	True	False	truecolor	False
'24bit'	'xterm-16color'	'1'	'1'	''	False	True	True	False	truecolor	False
'24bit'	'xterm-16color'	'1'	'1'	'1'	True	False	True	False	truecolor	True
'24bit'	'xterm-16color'	'1'	'1'	'1'	True	True	True	False	truecolor	True
'24bit'	'xterm-16color'	'1'	'1'	'1'	False	False	True	False	truecolor	True
'24bit'	'xterm-16color'	'1'	'1'	'1'	False	True	True	False	truecolor	True
'24bit'	'xterm-16color'	'0'	-	-	True	False	True	False	truecolor	False
'24bit'	'xterm-16color'	'0'	-	-	True	True	True	False	truecolor	False
'24bit'	'xterm-16color'	'0'	-	-	False	False	True	False	truecolor	False
'24bit'	'xterm-16color'	'0'	-	-	False	True	True	False	truecolor	False
'24bit'	'xterm-16color'	'0'	-	''	True	False	True	False	truecolor	False
'24bit'	'xterm-16color'	'0'	-	''	True	True	True	False	truecolor	False
'24bit'	'xterm-16color'	'0'	-	''	False	False	True	False	truecolor	False
'24bit'	'xterm-16color'	'0'	-	''	False	True	True	False	truecolor	False
'24bit'	'xterm-16color'	'0'	-	'1'	True	False	True	False	truecolor	True
'24bit'	'xterm-16color'	'0'	-	'1'	True	True	True	False	truecolor	True
'24bit'	'xterm-16color'	'0'	-	'1'	False	False	True	False	truecolor	True
'24bit'	'xterm-16color'	'0'	-	'1'	False	True	True	False	truecolor	True
'24bit'	'xterm-16color'	'0'	''	-	True	False	True	False	truecolor	False
'24bit'	'xterm-16color'	'0'	''	-	True	True	True	False	truecolor	False
'24bit'	'xterm-16color'	'0'	''	-	False	False	True	False	truecolor	False
'24bit'	'xterm-16color'	'0'	''	-	False	True	True	False	truecolor	False
'24bit'	'xterm-16color'	'0'	''	''	True	False	True	False	truecolor	False
'24bit'	'xterm-16color'	'0'	''	''	True	True	True	False	truecolor	False
'24bit'	'xterm-16color'	'0'	''	''	False	False	True	False	truecolor	False
'24bit'	'xterm-16color'	'0'	''	''	False	True	True	False	truecolor	False
'24bit'	'xterm-16color'	'0'	''	'1'	True	False	True	False	truecolor	True
'24bit'	'xterm-16color'	'0'	''	'1'	True	True	True	False	truecolor	True
'24bit'	'xterm-16color'	'0'	''	'1'	False	False	True	False	truecolor	True
'24bit'	'xterm-16color'	'0'	''	'1'	False	True	True	False	truecolor	True
'24bit'	'xterm-16color'	'0'	'0'	-	True	False	False	False	None	False
'24bit'	'xterm-16color'	'0'	'0'	-	True	True	True	False	truecolor	False
'24bit'	'xterm-16color'	'0'	'0'	-	False	False	False	False	None	False
'24bit'	'xterm-16color'	'0'	'0'	-	False	True	True	False	truecolor	False
'24bit'	'xterm-16color'	'0'	'0'	''	True	False	False	False	None	False
'24bit'	'xterm-16color'	'0'	'0'	''	True	True	True	False	truecolor	False
'24bit'	'xterm-16color'	'0'	'0'	''	False	False	False	False	None	False
'24bit'	'xterm-16color'	'0'	'0'	''	False	True	True	False	truecolor	False
'24bit'	'xterm-16color'	'0'	'0'	'1'	True	False	False	False	None	True
'24bit'	'xterm-16color'	'0'	'0'	'1'	True	True	True	False	truecolor	True
'24bit'	'xterm-16color'	'0'	'0'	'1'	False	False	False	False	None	True
'24bit'	'xterm-16color'	'0'	'0'	'1'	False	True	True	False	truecolor	True
'24bit'	'xterm-16color'	'0'	'1'	-	True	False	True	False	truecolor	False
'24bit'	'xterm-16color'	'0'	'1'	-	True	True	True	False	truecolor	False
'24bit'	'xterm-16color'	'0'	'1'	-	False	False	True	False	truecolor	False
'24bit'	'xterm-16color'	'0'	'1'	-	False	True	True	False	truecolor	False
'24bit'	'xterm-16color'	'0'	'1'	''	True	False	True	False	truecolor	False
'24bit'	'xterm-16color'	'0'	'1'	''	True	True	True	False	truecolor	False
'24bit'	'xterm-16color'	'0'	'1'	''	False	False	True	False	truecolor	False
'24bit'	'xterm-16color'	'0'	'1'	''	False	True	True	False	truecolor	False
'24bit'	'xterm-16color'	'0'	'1'	'1'	True	False	True	False	truecolor	True
'24bit'	'xterm-16color'	'0'	'1'	'1'	True	True	True	False	truecolor	True
'24bit'	'xterm-16color'	'0'	'1'	'1'	False	False	True	False	truecolor	True
'24bit'	'xterm-16color'	'0'	'1'	'1'	False	True	True	False	truecolor	True
'24bit'	'kitty'	-	-	-	True	False	True	False	truecolor	False
'24bit'	'kitty'	-	-	-	True	True	True	False	truecolor	False
'24bit'	'kitty'	-	-	-	False	False	False	False	None	False
'24bit'	'kitty'	-	-	-	False	True	True	False	truecolor	False
'24bit'	'kitty'	-	-	''	True	False	True	False	truecolor	False
'24bit'	'kitty'	-	-	''	True	True	True	False	truecolor	False
'24bit'	'kitty'	-	-	''	False	False	False	False	None	False
'24bit'	'kitty'	-	-	''	False	True	True	False	truecolor	False
'24bit'	'kitty'	-	-	'1'	True	False	True	False	truecolor	True
'24bit'	'kitty'	-	-	'1'	True	True	True	False	truecolor	True
'24bit'	'kitty'	-	-	'1'	False	False	False	False	None	True
'24bit'	'kitty'	-	-	'1'	False	True	True	False	truecolor	True
'24bit'	'kitty'	-	''	-	True	False	True	False	truecolor	False
'24bit'	'kitty'	-	''	-	True	True	True	False	truecolor	False
'24bit'	'kitty'	-	''	-	False	False	False	False	None	False
'24bit'	'kitty'	-	''	-	False	True	True	False	truecolor	False
'24bit'	'kitty'	-	''	''	True	False	True	False	truecolor	False
'24bit'	'kitty'	-	''	''	True	True	True	False	truecolor	False
'24bit'	'kitty'	-	''	''	False	False	False	False	None	False
'24bit'	'kitty'	-	''	''	False	True	True	False	truecolor	False
'24bit'	'kitty'	-	''	'1'	True	False	True	False	truecolor	True
'24bit'	'kitty'	-	''	'1'	True	True	True	False	truecolor	True
'24bit'	'kitty'	-	''	'1'	False	False	False	False	None	True
'24bit'	'kitty'	-	''	'1'	False	True	True	False	truecolor	True
'24bit'	'kitty'	-	'0'	-	True	False	False	False	None	False
'24bit'	'kitty'	-	'0'	-	True	True	True	False	truecolor	False
'24bit'	'kitty'	-	'0'	-	False	False	False	False	None	False
'24bit'	'kitty'	-	'0'	-	False	True	True	False	truecolor	False
'24bit'	'kitty'	-	'0'	''	True	False	False	False	None	False
'24bit'	'kitty'	-	'0'	''	True	True	True	False	truecolor	False
'24bit'	'kitty'	-	'0'	''	False	False	False	False	None	False
'24bit'	'kitty'	-	'0'	''	False	True	True	False	truecolor	False
'24bit'	'kitty'	-	'0'	'1'	True	False	False	False	None	True
'24bit'	'kitty'	-	'0'	'1'	True	True	True	False	truecolor	True
'24bit'	'kitty'	-	'0'	'1'	False	False	False	False	None	True
'24bit'	'kitty'	-	'0'	'1'	False	True	True	False	truecolor	True
'24bit'	'kitty'	-	'1'	-	True	False	True	False	truecolor	False
'24bit'	'kitty'	-	'1'	-	True	True	True	False	truecolor	False
'24bit'	'kitty'	-	'1'	-	False	False	True	False	truecolor	False
'24bit'	'kitty'	-	'1'	-	False	True	True	False	truecolor	False
'24bit'	'kitty'	-	'1'	''	True	False	True	False	truecolor	False
'24bit'	'kitty'	-	'1'	''	True	True	True	False	truecolor	False
'24bit'	'kitty'	-	'1'	''	False	False	True	False	truecolor	False
'24bit'	'kitty'	-	'1'	''	False	True	True	False	truecolor	False
'24bit'	'kitty'	-	'1'	'1'	True	False	True	False	truecolor	True
'24bit'	'kitty'	-	'1'	'1'	True	True	True	False	truecolor	True
'24bit'	'kitty'	-	'1'	'1'	False	False	True	False	truecolor	True
'24bit'	'kitty'	-	'1'	'1'	False	True	True	False	truecolor	True
'24bit'	'kitty'	''	-	-	True	False	False	False	None	False
'24bit'	'kitty'	''	-	-	True	True	True	False	truecolor	False
'24bit'	'kitty'	''	-	-	False	False	False	False	None	False
'24bit'	'kitty'	''	-	-	False	True	True	False	truecolor	False
'24bit'	'kitty'	''	-	''	True	False	False	False	None	False
'24bit'	'kitty'	''	-	''	True	True	True	False	truecolor	False
'24bit'	'kitty'	''	-	''	False	False	False	False	None	False
'24bit'	'kitty'	''	-	''	False	True	True	False	truecolor	False
'24bit'	'kitty'	''	-	'1'	True	False	False	False	None	True
'24bit'	'kitty'	''	-	'1'	True	True	True	False	truecolor	True
'24bit'	'kitty'	''	-	'1'	False	False	False	False	None	True
'24bit'	'kitty'	''	-	'1'	False	True	True	False	truecolor	True
'24bit'	'kitty'	''	''	-	True	False	False	False	None	False
'24bit'	'kitty'	''	''	-	True	True	True	False	truecolor	False
'24bit'	'kitty'	''	''	-	False	False	False	False	None	False
'24bit'	'kitty'	''	''	-	False	True	True	False	truecolor	False
'24bit'	'kitty'	''	''	''	True	False	False	False	None	False
'24bit'	'kitty'	''	''	''	True	True	True	False	truecolor	False
'24bit'	'kitty'	''	''	''	False	False	False	False	None	False
'24bit'	'kitty'	''	''	''	False	True	True	False	truecolor	False
'24bit'	'kitty'	''	''	'1'	True	False	False	False	None	True
'24bit'	'kitty'	''	''	'1'	True	True	True	False	truecolor	True
'24bit'	'kitty'	''	''	'1'	False	False	False	False	None	True
'24bit'	'kitty'	''	''	'1'	False	True	True	False	truecolor	True
'24bit'	'kitty'	''	'0'	-	True	False	False	False	None	False
'24bit'	'kitty'	''	'0'	-	True	True	True	False	truecolor	False
'24bit'	'kitty'	''	'0'	-	False	False	False	False	None	False
'24bit'	'kitty'	''	'0'	-	False	True	True	False	truecolor	False
'24bit'	'kitty'	''	'0'	''	True	False	False	False	None	False
'24bit'	'kitty'	''	'0'	''	True	True	True	False	truecolor	False
'24bit'	'kitty'	''	'0'	''	False	False	False	False	None	False
'24bit'	'kitty'	''	'0'	''	False	True	True	False	truecolor	False
'24bit'	'kitty'	''	'0'	'1'	True	False	False	False	None	True
'24bit'	'kitty'	''	'0'	'1'	True	True	True	False	truecolor	True
'24bit'	'kitty'	''	'0'	'1'	False	False	False	False	None	True
'24bit'	'kitty'	''	'0'	'1'	False	True	True	False	truecolor	True
'24bit'	'kitty'	''	'1'	-	True	False	True	False	truecolor	False
'24bit'	'kitty'	''	'1'	-	True	True	True	False	truecolor	False
'24bit'	'kitty'	''	'1'	-	False	False	True	False	truecolor	False
'24bit'	'kitty'	''	'1'	-	False	True	True	False	truecolor	False
'24bit'	'kitty'	''	'1'	''	True	False	True	False	truecolor	False
'24bit'	'kitty'	''	'1'	''	True	True	True	False	truecolor	False
'24bit'	'kitty'	''	'1'	''	False	False	True	False	truecolor	False
'24bit'	'kitty'	''	'1'	''	False	True	True	False	truecolor	False
'24bit'	'kitty'	''	'1'	'1'	True	False	True	False	truecolor	True
'24bit'	'kitty'	''	'1'	'1'	True	True	True	False	truecolor	True
'24bit'	'kitty'	''	'1'	'1'	False	False	True	False	truecolor	True
'24bit'	'kitty'	''	'1'	'1'	False	True	True	False	truecolor	True
'24bit'	'kitty'	'1'	-	-	True	False	True	False	truecolor	False
'24bit'	'kitty'	'1'	-	-	True	True	True	False	truecolor	False
'24bit'	'kitty'	'1'	-	-	False	False	True	False	truecolor	False
'24bit'	'kitty'	'1'	-	-	False	True	True	False	truecolor	False
'24bit'	'kitty'	'1'	-	''	True	False	True	False	truecolor	False
'24bit'	'kitty'	'1'	-	''	True	True	True	False	truecolor	False
'24bit'	'kitty'	'1'	-	''	False	False	True	False	truecolor	False
'24bit'	'kitty'	'1'	-	''	False	True	True	False	truecolor	False
'24bit'	'kitty'	'1'	-	'1'	True	False	True	False	truecolor	True
'24bit'	'kitty'	'1'	-	'1'	True	True	True	False	truecolor	True
'24bit'	'kitty'	'1'	-	'1'	False	False	True	False	truecolor	True
'24bit'	'kitty'	'1'	-	'1'	False	True	True	False	truecolor	True
'24bit'	'kitty'	'1'	''	-	True	False	True	False	truecolor	False
'24bit'	'kitty'	'1'	''	-	True	True	True	False	truecolor	False
'24bit'	'kitty'	'1'	''	-	False	False	True	False	truecolor	False
'24bit'	'kitty'	'1'	''	-	False	True	True	False	truecolor	False
'24bit'	'kitty'	'1'	''	''	True	False	True	False	truecolor	False
'24bit'	'kitty'	'1'	''	''	True	True	True	False	truecolor	False
'24bit'	'kitty'	'1'	''	''	False	False	True	False	truecolor	False
'24bit'	'kitty'	'1'	''	''	False	True	True	False	truecolor	False
'24bit'	'kitty'	'1'	''	'1'	True	False	True	False	truecolor	True
'24bit'	'kitty'	'1'	''	'1'	True	True	True	False	truecolor	True
'24bit'	'kitty'	'1'	''	'1'	False	False	True	False	truecolor	True
'24bit'	'kitty'	'1'	''	'1'	False	True	True	False	truecolor	True
'24bit'	'kitty'	'1'	'0'	-	True	False	False	False	None	False
'24bit'	'kitty'	'1'	'0'	-	True	True	True	False	truecolor	False
'24bit'	'kitty'	'1'	'0'	-	False	False	False	False	None	False
'24bit'	'kitty'	'1'	'0'	-	False	True	True	False	truecolor	False
'24bit'	'kitty'	'1'	'0'	''	True	False	False	False	None	False
'24bit'	'kitty'	'1'	'0'	''	True	True	True	False	truecolor	False
'24bit'	'kitty'	'1'	'0'	''	False	False	False	False	None	False
'24bit'	'kitty'	'1'	'0'	''	False	True	True	False	truecolor	False
'24bit'	'kitty'	'1'	'0'	'1'	True	False	False	False	None	True
'24bit'	'kitty'	'1'	'0'	'1'	True	True	True	False	truecolor	True
'24bit'	'kitty'	'1'	'0'	'1'	False	False	False	False	None	True
'24bit'	'kitty'	'1'	'0'	'1'	False	True	True	False	truecolor	True
'24bit'	'kitty'	'1'	'1'	-	True	False	True	False	truecolor	False
'24bit'	'kitty'	'1'	'1'	-	True	True	True	False	truecolor	False
'24bit'	'kitty'	'1'	'1'	-	False	False	True	False	truecolor	False
'24bit'	'kitty'	'1'	'1'	-	False	True	True	False	truecolor	False
'24bit'	'kitty'	'1'	'1'	''	True	False	True	False	truecolor	False
'24bit'	'kitty'	'1'	'1'	''	True	True	True	False	truecolor	False
'24bit'	'kitty'	'1'	'1'	''	False	False	True	False	truecolor	False
'24bit'	'kitty'	'1'	'1'	''	False	True	True	False	truecolor	False
'24bit'	'kitty'	'1'	'1'	'1'	True	False	True	False	truecolor	True
'24bit'	'kitty'	'1'	'1'	'1'	True	True	True	False	truecolor	True
'24bit'	'kitty'	'1'	'1'	'1'	False	False	True	False	truecolor	True
'24bit'	'kitty'	'1'	'1'	'1'	False	True	True	False	truecolor	True
'24bit'	'kitty'	'0'	-	-	True	False	True	False	truecolor	False
'24bit'	'kitty'	'0'	-	-	True	True	True	False	truecolor	False
'24bit'	'kitty'	'0'	-	-	False	False	True	False	truecolor	False
'24bit'	'kitty'	'0'	-	-	False	True	True	False	truecolor	False
'24bit'	'kitty'	'0'	-	''	True	False	True	False	truecolor	False
'24bit'	'kitty'	'0'	-	''	True	True	True	False	truecolor	False
'24bit'	'kitty'	'0'	-	''	False	False	True	False	truecolor	False
'24bit'	'kitty'	'0'	-	''	False	True	True	False	truecolor	False
'24bit'	'kitty'	'0'	-	'1'	True	False	True	False	truecolor	True
'24bit'	'kitty'	'0'	-	'1'	True	True	True	False	truecolor	True
'24bit'	'kitty'	'0'	-	'1'	False	False	True	False	truecolor	True
'24bit'	'kitty'	'0'	-	'1'	False	True	True	False	truecolor	True
'24bit'	'kitty'	'0'	''	-	True	False	True	False	truecolor	False
'24bit'	'kitty'	'0'	''	-	True	True	True	False	truecolor	False
'24bit'	'kitty'	'0'	''	-	False	False	True	False	truecolor	False
'24bit'	'kitty'	'0'	''	-	False	True	True	False	truecolor	False
'24bit'	'kitty'	'0'	''	''	True	False	True	False	truecolor	False
'24bit'	'kitty'	'0'	''	''	True	True	True	False	truecolor	False
'24bit'	'kitty'	'0'	''	''	False	False	True	False	truecolor	False
'24bit'	'kitty'	'0'	''	''	False	True	True	False	truecolor	False
'24bit'	'kitty'	'0'	''	'1'	True	False	True	False	truecolor	True
'24bit'	'kitty'	'0'	''	'1'	True	True	True	False	truecolor	True
'24bit'	'kitty'	'0'	''	'1'	False	False	True	False	truecolor	True
'24bit'	'kitty'	'0'	''	'1'	False	True	True	False	truecolor	True
'24bit'	'kitty'	'0'	'0'	-	True	False	False	False	None	False
'24bit'	'kitty'	'0'	'0'	-	True	True	True	False	truecolor	False
'24bit'	'kitty'	'0'	'0'	-	False	False	False	False	None	False
'24bit'	'kitty'	'0'	'0'	-	False	True	True	False	truecolor	False
'24bit'	'kitty'	'0'	'0'	''	True	False	False	False	None	False
'24bit'	'kitty'	'0'	'0'	''	True	True	True	False	truecolor	False
'24bit'	'kitty'	'0'	'0'	''	False	False	False	False	None	False
'24bit'	'kitty'	'0'	'0'	''	False	True	True	False	truecolor	False
'24bit'	'kitty'	'0'	'0'	'1'	True	False	False	False	None	True
'24bit'	'kitty'	'0'	'0'	'1'	True	True	True	False	truecolor	True
'24bit'	'kitty'	'0'	'0'	'1'	False	False	False	False	None	True
'24bit'	'kitty'	'0'	'0'	'1'	False	True	True	False	truecolor	True
'24bit'	'kitty'	'0'	'1'	-	True	False	True	False	truecolor	False
'24bit'	'kitty'	'0'	'1'	-	True	True	True	False	truecolor	False
'24bit'	'kitty'	'0'	'1'	-	False	False	True	False	truecolor	False
'24bit'	'kitty'	'0'	'1'	-	False	True	True	False	truecolor	False
'24bit'	'kitty'	'0'	'1'	''	True	False	True	False	truecolor	False
'24bit'	'kitty'	'0'	'1'	''	True	True	True	False	truecolor	False
'24bit'	'kitty'	'0'	'1'	''	False	False	True	False	truecolor	False
'24bit'	'kitty'	'0'	'1'	''	False	True	True	False	truecolor	False
'24bit'	'kitty'	'0'	'1'	'1'	True	False	True	False	truecolor	True
'24bit'	'kitty'	'0'	'1'	'1'	True	True	True	False	truecolor	True
'24bit'	'kitty'	'0'	'1'	'1'	False	False	True	False	truecolor	True
'24bit'	'kitty'	'0'	'1'	'1'	False	True	True	False	truecolor	True
'24bit'	'screen-256color'	-	-	-	True	False	True	False	truecolor	False
'24bit'	'screen-256color'	-	-	-	True	True	True	False	truecolor	False
'24bit'	'screen-256color'	-	-	-	False	False	False	False	None	False
'24bit'	'screen-256color'	-	-	-	False	True	True	False	truecolor	False
'24bit'	'screen-256color'	-	-	''	True	False	True	False	truecolor	False
'24bit'	'screen-256color'	-	-	''	True	True	True	False	truecolor	False
'24bit'	'screen-256color'	-	-	''	False	False	False	False	None	False
'24bit'	'screen-256color'	-	-	''	False	True	True	False	truecolor	False
'24bit'	'screen-256color'	-	-	'1'	True	False	True	False	truecolor	True
'24bit'	'screen-256color'	-	-	'1'	True	True	True	False	truecolor	True
'24bit'	'screen-256color'	-	-	'1'	False	False	False	False	None	True
'24bit'	'screen-256color'	-	-	'1'	False	True	True	False	truecolor	True
'24bit'	'screen-256color'	-	''	-	True	False	True	False	truecolor	False
'24bit'	'screen-256color'	-	''	-	True	True	True	False	truecolor	False
'24bit'	'screen-256color'	-	''	-	False	False	False	False	None	False
'24bit'	'screen-256color'	-	''	-	False	True	True	False	truecolor	False
'24bit'	'screen-256color'	-	''	''	True	False	True	False	truecolor	False
'24bit'	'screen-256color'	-	''	''	True	True	True	False	truecolor	False
'24bit'	'screen-256color'	-	''	''	False	False	False	False	None	False
'24bit'	'screen-256color'	-	''	''	False	True	True	False	truecolor	False
'24bit'	'screen-256color'	-	''	'1'	True	False	True	False	truecolor	True
'24bit'	'screen-256color'	-	''	'1'	True	True	True	False	truecolor	True
'24bit'	'screen-256color'	-	''	'1'	False	False	False	False	None	True
'24bit'	'screen-256color'	-	''	'1'	False	True	True	False	truecolor	True
'24bit'	'screen-256color'	-	'0'	-	True	False	False	False	None	False
'24bit'	'screen-256color'	-	'0'	-	True	True	True	False	truecolor	False
'24bit'	'screen-256color'	-	'0'	-	False	False	False	False	None	False
'24bit'	'screen-256color'	-	'0'	-	False	True	True	False	truecolor	False
'24bit'	'screen-256color'	-	'0'	''	True	False	False	False	None	False
'24bit'	'screen-256color'	-	'0'	''	True	True	True	False	truecolor	False
'24bit'	'screen-256color'	-	'0'	''	False	False	False	False	None	False
'24bit'	'screen-256color'	-	'0'	''	False	True	True	False	truecolor	False
'24bit'	'screen-256color'	-	'0'	'1'	True	False	False	False	None	True
'24bit'	'screen-256color'	-	'0'	'1'	True	True	True	False	truecolor	True
'24bit'	'screen-256color'	-	'0'	'1'	False	False	False	False	None	True
'24bit'	'screen-256color'	-	'0'	'1'	False	True	True	False	truecolor	True
'24bit'	'screen-256color'	-	'1'	-	True	False	True	False	truecolor	False
'24bit'	'screen-256color'	-	'1'	-	True	True	True	False	truecolor	False
'24bit'	'screen-256color'	-	'1'	-	False	False	True	False	truecolor	False
'24bit'	'screen-256color'	-	'1'	-	False	True	True	False	truecolor	False
'24bit'	'screen-256color'	-	'1'	''	True	False	True	False	truecolor	False
'24bit'	'screen-256color'	-	'1'	''	True	True	True	False	truecolor	False
'24bit'	'screen-256color'	-	'1'	''	False	False	True	False	truecolor	False
'24bit'	'screen-256color'	-	'1'	''	False	True	True	False	truecolor	False
'24bit'	'screen-256color'	-	'1'	'1'	True	False	True	False	truecolor	True
'24bit'	'screen-256color'	-	'1'	'1'	True	True	True	False	truecolor	True
'24bit'	'screen-256color'	-	'1'	'1'	False	False	True	False	truecolor	True
'24bit'	'screen-256color'	-	'1'	'1'	False	True	True	False	truecolor	True
'24bit'	'screen-256color'	''	-	-	True	False	False	False	None	False
'24bit'	'screen-256color'	''	-	-	True	True	True	False	truecolor	False
'24bit'	'screen-256color'	''	-	-	False	False	False	False	None	False
'24bit'	'screen-256color'	''	-	-	False	True	True	False	truecolor	False
'24bit'	'screen-256color'	''	-	''	True	False	False	False	None	False
'24bit'	'screen-256color'	''	-	''	True	True	True	False	truecolor	False
'24bit'	'screen-256color'	''	-	''	False	False	False	False	None	False
'24bit'	'screen-256color'	''	-	''	False	True	True	False	truecolor	False
'24bit'	'screen-256color'	''	-	'1'	True	False	False	False	None	True
'24bit'	'screen-256color'	''	-	'1'	True	True	True	False	truecolor	True
'24bit'	'screen-256color'	''	-	'1'	False	False	False	False	None	True
'24bit'	'screen-256color'	''	-	'1'	False	True	True	False	truecolor	True
'24bit'	'screen-256color'	''	''	-	True	False	False	False	None	False
'24bit'	'screen-256color'	''	''	-	True	True	True	False	truecolor	False
'24bit'	'screen-256color'	''	''	-	False	False	False	False	None	False
'24bit'	'screen-256color'	''	''	-	False	True	True	False	truecolor	False
'24bit'	'screen-256color'	''	''	''	True	False	False	False	None	False
'24bit'	'screen-256color'	''	''	''	True	True	True	False	truecolor	False
'24bit'	'screen-256color'	''	''	''	False	False	False	False	None	False
'24bit'	'screen-256color'	''	''	''	False	True	True	False	truecolor	False
'24bit'	'screen-256color'	''	''	'1'	True	False	False	False	None	True
'24bit'	'screen-256color'	''	''	'1'	True	True	True	False	truecolor	True
'24bit'	'screen-256color'	''	''	'1'	False	False	False	False	None	True
'24bit'	'screen-256color'	''	''	'1'	False	True	True	False	truecolor	True
'24bit'	'screen-256color'	''	'0'	-	True	False	False	False	None	False
'24bit'	'screen-256color'	''	'0'	-	True	True	True	False	truecolor	False
'24bit'	'screen-256color'	''	'0'	-	False	False	False	False	None	False
'24bit'	'screen-256color'	''	'0'	-	False	True	True	False	truecolor	False
'24bit'	'screen-256color'	''	'0'	''	True	False	False	False	None	False
'24bit'	'screen-256color'	''	'0'	''	True	True	True	False	truecolor	False
'24bit'	'screen-256color'	''	'0'	''	False	False	False	False	None	False
'24bit'	'screen-256color'	''	'0'	''	False	True	True	False	truecolor	False
'24bit'	'screen-256color'	''	'0'	'1'	True	False	False	False	None	True
'24bit'	'screen-256color'	''	'0'	'1'	True	True	True	False	truecolor	True
'24bit'	'screen-256color'	''	'0'	'1'	False	False	False	False	None	True
'24bit'	'screen-256color'	''	'0'	'1'	False	True	True	False	truecolor	True
'24bit'	'screen-256color'	''	'1'	-	True	False	True	False	truecolor	False
'24bit'	'screen-256color'	''	'1'	-	True	True	True	False	truecolor	False
'24bit'	'screen-256color'	''	'1'	-	False	False	True	False	truecolor	False
'24bit'	'screen-256color'	''	'1'	-	False	True	True	False	truecolor	False
'24bit'	'screen-256color'	''	'1'	''	True	False	True	False	truecolor	False
'24bit'	'screen-256color'	''	'1'	''	True	True	True	False	truecolor	False
'24bit'	'screen-256color'	''	'1'	''	False	False	True	False	truecolor	False
'24bit'	'screen-256color'	''	'1'	''	False	True	True	False	truecolor	False
'24bit'	'screen-256color'	''	'1'	'1'	True	False	True	False	truecolor	True
'24bit'	'screen-256color'	''	'1'	'1'	True	True	True	False	truecolor	True
'24bit'	'screen-256color'	''	'1'	'1'	False	False	True	False	truecolor	True
'24bit'	'screen-256color'	''	'1'	'1'	False	True	True	False	truecolor	True
'24bit'	'screen-256color'	'1'	-	-	True	False	True	False	truecolor	False
'24bit'	'screen-256color'	'1'	-	-	True	True	True	False	truecolor	False
'24bit'	'screen-256color'	'1'	-	-	False	False	True	False	truecolor	False
'24bit'	'screen-256color'	'1'	-	-	False	True	True	False	truecolor	False
'24bit'	'screen-256color'	'1'	-	''	True	False	True	False	truecolor	False
'24bit'	'screen-256color'	'1'	-	''	True	True	True	False	truecolor	False
'24bit'	'screen-256color'	'1'	-	''	False	False	True	False	truecolor	False
'24bit'	'screen-256color'	'1'	-	''	False	True	True	False	truecolor	False
'24bit'	'screen-256color'	'1'	-	'1'	True	False	True	False	truecolor	True
'24bit'	'screen-256color'	'1'	-	'1'	True	True	True	False	truecolor	True
'24bit'	'screen-256color'	'1'	-	'1'	False	False	True	False	truecolor	True
'24bit'	'screen-256color'	'1'	-	'1'	False	True	True	False	truecolor	True
'24bit'	'screen-256color'	'1'	''	-	True	False	True	False	truecolor	False
'24bit'	'screen-256color'	'1'	''	-	True	True	True	False	truecolor	False
'24bit'	'screen-256color'	'1'	''	-	False	False	True	False	truecolor	False
'24bit'	'screen-256color'	'1'	''	-	False	True	True	False	truecolor	False
'24bit'	'screen-256color'	'1'	''	''	True	False	True	False	truecolor	False
'24bit'	'screen-256color'	'1'	''	''	True	True	True	False	truecolor	False
'24bit'	'screen-256color'	'1'	''	''	False	False	True	False	truecolor	False
'24bit'	'screen-256color'	'1'	''	''	False	True	True	False	truecolor	False
'24bit'	'screen-256color'	'1'	''	'1'	True	False	True	False	truecolor	True
'24bit'	'screen-256color'	'1'	''	'1'	True	True	True	False	truecolor	True
'24bit'	'screen-256color'	'1'	''	'1'	False	False	True	False	truecolor	True
'24bit'	'screen-256color'	'1'	''	'1'	False	True	True	False	truecolor	True
'24bit'	'screen-256color'	'1'	'0'	-	True	False	False	False	None	False
'24bit'	'screen-256color'	'1'	'0'	-	True	True	True	False	truecolor	False
'24bit'	'screen-256color'	'1'	'0'	-	False	False	False	False	None	False
'24bit'	'screen-256color'	'1'	'0'	-	False	True	True	False	truecolor	False
'24bit'	'screen-256color'	'1'	'0'	''	True	False	False	False	None	False
'24bit'	'screen-256color'	'1'	'0'	''	True	True	True	False	truecolor	False
'24bit'	'screen-256color'	'1'	'0'	''	False	False	False	False	None	False
'24bit'	'screen-256color'	'1'	'0'	''	False	True	True	False	truecolor	False
'24bit'	'screen-256color'	'1'	'0'	'1'	True	False	False	False	None	True
'24bit'	'screen-256color'	'1'	'0'	'1'	True	True	True	False	truecolor	True
'24bit'	'screen-256color'	'1'	'0'	'1'	False	False	False	False	None	True
'24bit'	'screen-256color'	'1'	'0'	'1'	False	True	True	False	truecolor	True
'24bit'	'screen-256color'	'1'	'1'	-	True	False	True	False	truecolor	False
'24bit'	'screen-256color'	'1'	'1'	-	True	True	True	False	truecolor	False
'24bit'	'screen-256color'	'1'	'1'	-	False	False	True	False	truecolor	False
'24bit'	'screen-256color'	'1'	'1'	-	False	True	True	False	truecolor	False
'24bit'	'screen-256color'	'1'	'1'	''	True	False	True	False	truecolor	False
'24bit'	'screen-256color'	'1'	'1'	''	True	True	True	False	truecolor	False
'24bit'	'screen-256color'	'1'	'1'	''	False	False	True	False	truecolor	False
'24bit'	'screen-256color'	'1'	'1'	''	False	True	True	False	truecolor	False
'24bit'	'screen-256color'	'1'	'1'	'1'	True	False	True	False	truecolor	True
'24bit'	'screen-256color'	'1'	'1'	'1'	True	True	True	False	truecolor	True
'24bit'	'screen-256color'	'1'	'1'	'1'	False	False	True	False	truecolor	True
'24bit'	'screen-256color'	'1'	'1'	'1'	False	True	True	False	truecolor	True
'24bit'	'screen-256color'	'0'	-	-	True	False	True	False	truecolor	False
'24bit'	'screen-256color'	'0'	-	-	True	True	True	False	truecolor	False
'24bit'	'screen-256color'	'0'	-	-	False	False	True	False	truecolor	False
'24bit'	'screen-256color'	'0'	-	-	False	True	True	False	truecolor	False
'24bit'	'screen-256color'	'0'	-	''	True	False	True	False	truecolor	False
'24bit'	'screen-256color'	'0'	-	''	True	True	True	False	truecolor	False
'24bit'	'screen-256color'	'0'	-	''	False	False	True	False	truecolor	False
'24bit'	'screen-256color'	'0'	-	''	False	True	True	False	truecolor	False
'24bit'	'screen-256color'	'0'	-	'1'	True	False	True	False	truecolor	True
'24bit'	'screen-256color'	'0'	-	'1'	True	True	True	False	truecolor	True
'24bit'	'screen-256color'	'0'	-	'1'	False	False	True	False	truecolor	True
'24bit'	'screen-256color'	'0'	-	'1'	False	True	True	False	truecolor	True
'24bit'	'screen-256color'	'0'	''	-	True	False	True	False	truecolor	False
'24bit'	'screen-256color'	'0'	''	-	True	True	True	False	truecolor	False
'24bit'	'screen-256color'	'0'	''	-	False	False	True	False	truecolor	False
'24bit'	'screen-256color'	'0'	''	-	False	True	True	False	truecolor	False
'24bit'	'screen-256color'	'0'	''	''	True	False	True	False	truecolor	False
'24bit'	'screen-256color'	'0'	''	''	True	True	True	False	truecolor	False
'24bit'	'screen-256color'	'0'	''	''	False	False	True	False	truecolor	False
'24bit'	'screen-256color'	'0'	''	''	False	True	True	False	truecolor	False
'24bit'	'screen-256color'	'0'	''	'1'	True	False	True	False	truecolor	True
'24bit'	'screen-256color'	'0'	''	'1'	True	True	True	False	truecolor	True
'24bit'	'screen-256color'	'0'	''	'1'	False	False	True	False	truecolor	True
'24bit'	'screen-256color'	'0'	''	'1'	False	True	True	False	truecolor	True
'24bit'	'screen-256color'	'0'	'0'	-	True	False	False	False	None	False
'24bit'	'screen-256color'	'0'	'0'	-	True	True	True	False	truecolor	False
'24bit'	'screen-256color'	'0'	'0'	-	False	False	False	False	None	False
'24bit'	'screen-256color'	'0'	'0'	-	False	True	True	False	truecolor	False
'24bit'	'screen-256color'	'0'	'0'	''	True	False	False	False	None	False
'24bit'	'screen-256color'	'0'	'0'	''	True	True	True	False	truecolor	False
'24bit'	'screen-256color'	'0'	'0'	''	False	False	False	False	None	False
'24bit'	'screen-256color'	'0'	'0'	''	False	True	True	False	truecolor	False
'24bit'	'screen-256color'	'0'	'0'	'1'	True	False	False	False	None	True
'24bit'	'screen-256color'	'0'	'0'	'1'	True	True	True	False	truecolor	True
'24bit'	'screen-256color'	'0'	'0'	'1'	False	False	False	False	None	True
'24bit'	'screen-256color'	'0'	'0'	'1'	False	True	True	False	truecolor	True
'24bit'	'screen-256color'	'0'	'1'	-	True	False	True	False	truecolor	False
'24bit'	'screen-256color'	'0'	'1'	-	True	True	True	False	truecolor	False
'24bit'	'screen-256color'	'0'	'1'	-	False	False	True	False	truecolor	False
'24bit'	'screen-256color'	'0'	'1'	-	False	True	True	False	truecolor	False
'24bit'	'screen-256color'	'0'	'1'	''	True	False	True	False	truecolor	False
'24bit'	'screen-256color'	'0'	'1'	''	True	True	True	False	truecolor	False
'24bit'	'screen-256color'	'0'	'1'	''	False	False	True	False	truecolor	False
'24bit'	'screen-256color'	'0'	'1'	''	False	True	True	False	truecolor	False
'24bit'	'screen-256color'	'0'	'1'	'1'	True	False	True	False	truecolor	True
'24bit'	'screen-256color'	'0'	'1'	'1'	True	True	True	False	truecolor	True
'24bit'	'screen-256color'	'0'	'1'	'1'	False	False	True	False	truecolor	True
'24bit'	'screen-256color'	'0'	'1'	'1'	False	True	True	False	truecolor	True
'TrueColor'	-	-	-	-	True	False	True	False	truecolor	False
'TrueColor'	-	-	-	-	True	True	True	False	truecolor	False
'TrueColor'	-	-	-	-	False	False	False	False	None	False
'TrueColor'	-	-	-	-	False	True	True	False	truecolor	False
'TrueColor'	-	-	-	''	True	False	True	False	truecolor	False
'TrueColor'	-	-	-	''	True	True	True	False	truecolor	False
'TrueColor'	-	-	-	''	False	False	False	False	None	False
'TrueColor'	-	-	-	''	False	True	True	False	truecolor	False
'TrueColor'	-	-	-	'1'	True	False	True	False	truecolor	True
'TrueColor'	-	-	-	'1'	True	True	True	False	truecolor	True
'TrueColor'	-	-	-	'1'	False	False	False	False	None	True
'TrueColor'	-	-	-	'1'	False	True	True	False	truecolor	True
'TrueColor'	-	-	''	-	True	False	True	False	truecolor	False
'TrueColor'	-	-	''	-	True	True	True	False	truecolor	False
'TrueColor'	-	-	''	-	False	False	False	False	None	False
'TrueColor'	-	-	''	-	False	True	True	False	truecolor	False
'TrueColor'	-	-	''	''	True	False	True	False	truecolor	False
'TrueColor'	-	-	''	''	True	True	True	False	truecolor	False
'TrueColor'	-	-	''	''	False	False	False	False	None	False
'TrueColor'	-	-	''	''	False	True	True	False	truecolor	False
'TrueColor'	-	-	''	'1'	True	False	True	False	truecolor	True
'TrueColor'	-	-	''	'1'	True	True	True	False	truecolor	True
'TrueColor'	-	-	''	'1'	False	False	False	False	None	True
'TrueColor'	-	-	''	'1'	False	True	True	False	truecolor	True
'TrueColor'	-	-	'0'	-	True	False	False	False	None	False
'TrueColor'	-	-	'0'	-	True	True	True	False	truecolor	False
'TrueColor'	-	-	'0'	-	False	False	False	False	None	False
'TrueColor'	-	-	'0'	-	False	True	True	False	truecolor	False
'TrueColor'	-	-	'0'	''	True	False	False	False	None	False
'TrueColor'	-	-	'0'	''	True	True	True	False	truecolor	False
'TrueColor'	-	-	'0'	''	False	False	False	False	None	False
'TrueColor'	-	-	'0'	''	False	True	True	False	truecolor	False
'TrueColor'	-	-	'0'	'1'	True	False	False	False	None	True
'TrueColor'	-	-	'0'	'1'	True	True	True	False	truecolor	True
'TrueColor'	-	-	'0'	'1'	False	False	False	False	None	True
'TrueColor'	-	-	'0'	'1'	False	True	True	False	truecolor	True
'TrueColor'	-	-	'1'	-	True	False	True	False	truecolor	False
'TrueColor'	-	-	'1'	-	True	True	True	False	truecolor	False
'TrueColor'	-	-	'1'	-	False	False	True	False	truecolor	False
'TrueColor'	-	-	'1'	-	False	True	True	False	truecolor	False
'TrueColor'	-	-	'1'	''	True	False	True	False	truecolor	False
'TrueColor'	-	-	'1'	''	True	True	True	False	truecolor	False
'TrueColor'	-	-	'1'	''	False	False	True	False	truecolor	False
'TrueColor'	-	-	'1'	''	False	True	True	False	truecolor	False
'TrueColor'	-	-	'1'	'1'	True	False	True	False	truecolor	True
'TrueColor'	-	-	'1'	'1'	True	True	True	False	truecolor	True
'TrueColor'	-	-	'1'	'1'	False	False	True	False	truecolor	True
'TrueColor'	-	-	'1'	'1'	False	True	True	False	truecolor	True
'TrueColor'	-	''	-	-	True	False	False	False	None	False
'TrueColor'	-	''	-	-	True	True	True	False	truecolor	False
'TrueColor'	-	''	-	-	False	False	False	False	None	False
'TrueColor'	-	''	-	-	False	True	True	False	truecolor	False
'TrueColor'	-	''	-	''	True	False	False	False	None	False
'TrueColor'	-	''	-	''	True	True	True	False	truecolor	False
'TrueColor'	-	''	-	''	False	False	False	False	None	False
'TrueColor'	-	''	-	''	False	True	True	False	truecolor	False
'TrueColor'	-	''	-	'1'	True	False	False	False	None	True
'TrueColor'	-	''	-	'1'	True	True	True	False	truecolor	True
'TrueColor'	-	''	-	'1'	False	False	False	False	None	True
'TrueColor'	-	''	-	'1'	False	True	True	False	truecolor	True
'TrueColor'	-	''	''	-	True	False	False	False	None	False
'TrueColor'	-	''	''	-	True	True	True	False	truecolor	False
'TrueColor'	-	''	''	-	False	False	False	False	None	False
'TrueColor'	-	''	''	-	False	True	True	False	truecolor	False
'TrueColor'	-	''	''	''	True	False	False	False	None	False
'TrueColor'	-	''	''	''	True	True	True	False	truecolor	False
'TrueColor'	-	''	''	''	False	False	False	False	None	False
'TrueColor'	-	''	''	''	False	True	True	False	truecolor	False
'TrueColor'	-	''	''	'1'	True	False	False	False	None	True
'TrueColor'	-	''	''	'1'	True	True	True	False	truecolor	True
'TrueColor'	-	''	''	'1'	False	False	False	False	None	True
'TrueColor'	-	''	''	'1'	False	True	True	False	truecolor	True
'TrueColor'	-	''	'0'	-	True	False	False	False	None	False
'TrueColor'	-	''	'0'	-	True	True	True	False	truecolor	False
'TrueColor'	-	''	'0'	-	False	False	False	False	None	False
'TrueColor'	-	''	'0'	-	False	True	True	False	truecolor	False
'TrueColor'	-	''	'0'	''	True	False	False	False	None	False
'TrueColor'	-	''	'0'	''	True	True	True	False	truecolor	False
'TrueColor'	-	''	'0'	''	False	False	False	False	None	False
'TrueColor'	-	''	'0'	''	False	True	True	False	truecolor	False
'TrueColor'	-	''	'0'	'1'	True	False	False	False	None	True
'TrueColor'	-	''	'0'	'1'	True	True	True	False	truecolor	True
'TrueColor'	-	''	'0'	'1'	False	False	False	False	None	True
'TrueColor'	-	''	'0'	'1'	False	True	True	False	truecolor	True
'TrueColor'	-	''	'1'	-	True	False	True	False	truecolor	False
'TrueColor'	-	''	'1'	-	True	True	True	False	truecolor	False
'TrueColor'	-	''	'1'	-	False	False	True	False	truecolor	False
'TrueColor'	-	''	'1'	-	False	True	True	False	truecolor	False
'TrueColor'	-	''	'1'	''	True	False	True	False	truecolor	False
'TrueColor'	-	''	'1'	''	True	True	True	False	truecolor	False
'TrueColor'	-	''	'1'	''	False	False	True	False	truecolor	False
'TrueColor'	-	''	'1'	''	False	True	True	False	truecolor	False
'TrueColor'	-	''	'1'	'1'	True	False	True	False	truecolor	True
'TrueColor'	-	''	'1'	'1'	True	True	True	False	truecolor	True
'TrueColor'	-	''	'1'	'1'	False	False	True	False	truecolor	True
'TrueColor'	-	''	'1'	'1'	False	True	True	False	truecolor	True
'TrueColor'	-	'1'	-	-	True	False	True	False	truecolor	False
'TrueColor'	-	'1'	-	-	True	True	True	False	truecolor	False
'TrueColor'	-	'1'	-	-	False	False	True	False	truecolor	False
'TrueColor'	-	'1'	-	-	False	True	True	False	truecolor	False
'TrueColor'	-	'1'	-	''	True	False	True	False	truecolor	False
'TrueColor'	-	'1'	-	''	True	True	True	False	truecolor	False
'TrueColor'	-	'1'	-	''	False	False	True	False	truecolor	False
'TrueColor'	-	'1'	-	''	False	True	True	False	truecolor	False
'TrueColor'	-	'1'	-	'1'	True	False	True	False	truecolor	True
'TrueColor'	-	'1'	-	'1'	True	True	True	False	truecolor	True
'TrueColor'	-	'1'	-	'1'	False	False	True	False	truecolor	True
'TrueColor'	-	'1'	-	'1'	False	True	True	False	truecolor	True
'TrueColor'	-	'1'	''	-	True	False	True	False	truecolor	False
'TrueColor'	-	'1'	''	-	True	True	True	False	truecolor	False
'TrueColor'	-	'1'	''	-	False	False	True	False	truecolor	False
'TrueColor'	-	'1'	''	-	False	True	True	False	truecolor	False
'TrueColor'	-	'1'	''	''	True	False	True	False	truecolor	False
'TrueColor'	-	'1'	''	''	True	True	True	False	truecolor	False
'TrueColor'	-	'1'	''	''	False	False	True	False	truecolor	False
'TrueColor'	-	'1'	''	''	False	True	True	False	truecolor	False
'TrueColor'	-	'1'	''	'1'	True	False	True	False	truecolor	True
'TrueColor'	-	'1'	''	'1'	True	True	True	False	truecolor	True
'TrueColor'	-	'1'	''	'1'	False	False	True	False	truecolor	True
'TrueColor'	-	'1'	''	'1'	False	True	True	False	truecolor	True
'TrueColor'	-	'1'	'0'	-	True	False	False	False	None	False
'TrueColor'	-	'1'	'0'	-	True	True	True	False	truecolor	False
'TrueColor'	-	'1'	'0'	-	False	False	False	False	None	False
'TrueColor'	-	'1'	'0'	-	False	True	True	False	truecolor	False
'TrueColor'	-	'1'	'0'	''	True	False	False	False	None	False
'TrueColor'	-	'1'	'0'	''	True	True	True	False	truecolor	False
'TrueColor'	-	'1'	'0'	''	False	False	False	False	None	False
'TrueColor'	-	'1'	'0'	''	False	True	True	False	truecolor	False
'TrueColor'	-	'1'	'0'	'1'	True	False	False	False	None	True
'TrueColor'	-	'1'	'0'	'1'	True	True	True	False	truecolor	True
'TrueColor'	-	'1'	'0'	'1'	False	False	False	False	None	True
'TrueColor'	-	'1'	'0'	'1'	False	True	True	False	truecolor	True
'TrueColor'	-	'1'	'1'	-	True	False	True	False	truecolor	False
'TrueColor'	-	'1'	'1'	-	True	True	True	False	truecolor	False
'TrueColor'	-	'1'	'1'	-	False	False	True	False	truecolor	False
'TrueColor'	-	'1'	'1'	-	False	True	True	False	truecolor	False
'TrueColor'	-	'1'	'1'	''	True	False	True	False	truecolor	False
'TrueColor'	-	'1'	'1'	''	True	True	True	False	truecolor	False
'TrueColor'	-	'1'	'1'	''	False	False	True	False	truecolor	False
'TrueColor'	-	'1'	'1'	''	False	True	True	False	truecolor	False
'TrueColor'	-	'1'	'1'	'1'	True	False	True	False	truecolor	True
'TrueColor'	-	'1'	'1'	'1'	True	True	True	False	truecolor	True
'TrueColor'	-	'1'	'1'	'1'	False	False	True	False	truecolor	True
'TrueColor'	-	'1'	'1'	'1'	False	True	True	False	truecolor	True
'TrueColor'	-	'0'	-	-	True	False	True	False	truecolor	False
'TrueColor'	-	'0'	-	-	True	True	True	False	truecolor	False
'TrueColor'	-	'0'	-	-	False	False	True	False	truecolor	False
'TrueColor'	-	'0'	-	-	False	True	True	False	truecolor	False
'TrueColor'	-	'0'	-	''	True	False	True	False	truecolor	False
'TrueColor'	-	'0'	-	''	True	True	True	False	truecolor	False
'TrueColor'	-	'0'	-	''	False	False	True	False	truecolor	False
'TrueColor'	-	'0'	-	''	False	True	True	False	truecolor	False
'TrueColor'	-	'0'	-	'1'	True	False	True	False	truecolor	True
'TrueColor'	-	'0'	-	'1'	True	True	True	False	truecolor	True
'TrueColor'	-	'0'	-	'1'	False	False	True	False	truecolor	True
'TrueColor'	-	'0'	-	'1'	False	True	True	False	truecolor	True
'TrueColor'	-	'0'	''	-	True	False	True	False	truecolor	False
'TrueColor'	-	'0'	''	-	True	True	True	False	truecolor	False
'TrueColor'	-	'0'	''	-	False	False	True	False	truecolor	False
'TrueColor'	-	'0'	''	-	False	True	True	False	truecolor	False
'TrueColor'	-	'0'	''	''	True	False	True	False	truecolor	False
'TrueColor'	-	'0'	''	''	True	True	True	False	truecolor	False
'TrueColor'	-	'0'	''	''	False	False	True	False	truecolor	False
'TrueColor'	-	'0'	''	''	False	True	True	False	truecolor	False
'TrueColor'	-	'0'	''	'1'	True	False	True	False	truecolor	True
'TrueColor'	-	'0'	''	'1'	True	True	True	False	truecolor	True
'TrueColor'	-	'0'	''	'1'	False	False	True	False	truecolor	True
'TrueColor'	-	'0'	''	'1'	False	True	True	False	truecolor	True
'TrueColor'	-	'0'	'0'	-	True	False	False	False	None	False
'TrueColor'	-	'0'	'0'	-	True	True	True	False	truecolor	False
'TrueColor'	-	'0'	'0'	-	False	False	False	False	None	False
'TrueColor'	-	'0'	'0'	-	False	True	True	False	truecolor	False
'TrueColor'	-	'0'	'0'	''	True	False	False	False	None	False
'TrueColor'	-	'0'	'0'	''	True	True	True	False	truecolor	False
'TrueColor'	-	'0'	'0'	''	False	False	False	False	None	False
'TrueColor'	-	'0'	'0'	''	False	True	True	False	truecolor	False
'TrueColor'	-	'0'	'0'	'1'	True	False	False	False	None	True
'TrueColor'	-	'0'	'0'	'1'	True	True	True	False	truecolor	True
'TrueColor'	-	'0'	'0'	'1'	False	False	False	False	None	True
'TrueColor'	-	'0'	'0'	'1'	False	True	True	False	truecolor	True
'TrueColor'	-	'0'	'1'	-	True	False	True	False	truecolor	False
'TrueColor'	-	'0'	'1'	-	True	True	True	False	truecolor	False
'TrueColor'	-	'0'	'1'	-	False	False	True	False	truecolor	False
'TrueColor'	-	'0'	'1'	-	False	True	True	False	truecolor	False
'TrueColor'	-	'0'	'1'	''	True	False	True	False	truecolor	False
'TrueColor'	-	'0'	'1'	''	True	True	True	False	truecolor	False
'TrueColor'	-	'0'	'1'	''	False	False	True	False	truecolor	False
'TrueColor'	-	'0'	'1'	''	False	True	True	False	truecolor	False
'TrueColor'	-	'0'	'1'	'1'	True	False	True	False	truecolor	True
'TrueColor'	-	'0'	'1'	'1'	True	True	True	False	truecolor	True
'TrueColor'	-	'0'	'1'	'1'	False	False	True	False	truecolor	True
'TrueColor'	-	'0'	'1'	'1'	False	True	True	False	truecolor	True
'TrueColor'	''	-	-	-	True	False	True	False	truecolor	False
'TrueColor'	''	-	-	-	True	True	True	False	truecolor	False
'TrueColor'	''	-	-	-	False	False	False	False	None	False
'TrueColor'	''	-	-	-	False	True	True	False	truecolor	False
'TrueColor'	''	-	-	''	True	False	True	False	truecolor	False
'TrueColor'	''	-	-	''	True	True	True	False	truecolor	False
'TrueColor'	''	-	-	''	False	False	False	False	None	False
'TrueColor'	''	-	-	''	False	True	True	False	truecolor	False
'TrueColor'	''	-	-	'1'	True	False	True	False	truecolor	True
'TrueColor'	''	-	-	'1'	True	True	True	False	truecolor	True
'TrueColor'	''	-	-	'1'	False	False	False	False	None	True
'TrueColor'	''	-	-	'1'	False	True	True	False	truecolor	True
'TrueColor'	''	-	''	-	True	False	True	False	truecolor	False
'TrueColor'	''	-	''	-	True	True	True	False	truecolor	False
'TrueColor'	''	-	''	-	False	False	False	False	None	False
'TrueColor'	''	-	''	-	False	True	True	False	truecolor	False
'TrueColor'	''	-	''	''	True	False	True	False	truecolor	False
'TrueColor'	''	-	''	''	True	True	True	False	truecolor	False
'TrueColor'	''	-	''	''	False	False	False	False	None	False
'TrueColor'	''	-	''	''	False	True	True	False	truecolor	False
'TrueColor'	''	-	''	'1'	True	False	True	False	truecolor	True
'TrueColor'	''	-	''	'1'	True	True	True	False	truecolor	True
'TrueColor'	''	-	''	'1'	False	False	False	False	None	True
'TrueColor'	''	-	''	'1'	False	True	True	False	truecolor	True
'TrueColor'	''	-	'0'	-	True	False	False	False	None	False
'TrueColor'	''	-	'0'	-	True	True	True	False	truecolor	False
'TrueColor'	''	-	'0'	-	False	False	False	False	None	False
'TrueColor'	''	-	'0'	-	False	True	True	False	truecolor	False
'TrueColor'	''	-	'0'	''	True	False	False	False	None	False
'TrueColor'	''	-	'0'	''	True	True	True	False	truecolor	False
'TrueColor'	''	-	'0'	''	False	False	False	False	None	False
'TrueColor'	''	-	'0'	''	False	True	True	False	truecolor	False
'TrueColor'	''	-	'0'	'1'	True	False	False	False	None	True
'TrueColor'	''	-	'0'	'1'	True	True	True	False	truecolor	True
'TrueColor'	''	-	'0'	'1'	False	False	False	False	None	True
'TrueColor'	''	-	'0'	'1'	False	True	True	False	truecolor	True
'TrueColor'	''	-	'1'	-	True	False	True	False	truecolor	False
'TrueColor'	''	-	'1'	-	True	True	True	False	truecolor	False
'TrueColor'	''	-	'1'	-	False	False	True	False	truecolor	False
'TrueColor'	''	-	'1'	-	False	True	True	False	truecolor	False
'TrueColor'	''	-	'1'	''	True	False	True	False	truecolor	False
'TrueColor'	''	-	'1'	''	True	True	True	False	truecolor	False
'TrueColor'	''	-	'1'	''	False	False	True	False	truecolor	False
'TrueColor'	''	-	'1'	''	False	True	True	False	truecolor	False
'TrueColor'	''	-	'1'	'1'	True	False	True	False	truecolor	True
'TrueColor'	''	-	'1'	'1'	True	True	True	False	truecolor	True
'TrueColor'	''	-	'1'	'1'	False	False	True	False	truecolor	True
'TrueColor'	''	-	'1'	'1'	False	True	True	False	truecolor	True
'TrueColor'	''	''	-	-	True	False	False	False	None	False
'TrueColor'	''	''	-	-	True	True	True	False	truecolor	False
'TrueColor'	''	''	-	-	False	False	False	False	None	False
'TrueColor'	''	''	-	-	False	True	True	False	truecolor	False
'TrueColor'	''	''	-	''	True	False	False	False	None	False
'TrueColor'	''	''	-	''	True	True	True	False	truecolor	False
'TrueColor'	''	''	-	''	False	False	False	False	None	False
'TrueColor'	''	''	-	''	False	True	True	False	truecolor	False
'TrueColor'	''	''	-	'1'	True	False	False	False	None	True
'TrueColor'	''	''	-	'1'	True	True	True	False	truecolor	True
'TrueColor'	''	''	-	'1'	False	False	False	False	None	True
'TrueColor'	''	''	-	'1'	False	True	True	False	truecolor	True
'TrueColor'	''	''	''	-	True	False	False	False	None	False
'TrueColor'	''	''	''	-	True	True	True	False	truecolor	False
'TrueColor'	''	''	''	-	False	False	False	False	None	False
'TrueColor'	''	''	''	-	False	True	True	False	truecolor	False
'TrueColor'	''	''	''	''	True	False	False	False	None	False
'TrueColor'	''	''	''	''	True	True	True	False	truecolor	False
'TrueColor'	''	''	''	''	False	False	False	False	None	False
'TrueColor'	''	''	''	''	False	True	True	False	truecolor	False
'TrueColor'	''	''	''	'1'	True	False	False	False	None	True
'TrueColor'	''	''	''	'1'	True	True	True	False	truecolor	True
'TrueColor'	''	''	''	'1'	False	False	False	False	None	True
'TrueColor'	''	''	''	'1'	False	True	True	False	truecolor	True
'TrueColor'	''	''	'0'	-	True	False	False	False	None	False
'TrueColor'	''	''	'0'	-	True	True	True	False	truecolor	False
'TrueColor'	''	''	'0'	-	False	False	False	False	None	False
'TrueColor'	''	''	'0'	-	False	True	True	False	truecolor	False
'TrueColor'	''	''	'0'	''	True	False	False	False	None	False
'TrueColor'	''	''	'0'	''	True	True	True	False	truecolor	False
'TrueColor'	''	''	'0'	''	False	False	False	False	None	False
'TrueColor'	''	''	'0'	''	False	True	True	False	truecolor	False
'TrueColor'	''	''	'0'	'1'	True	False	False	False	None	True
'TrueColor'	''	''	'0'	'1'	True	True	True	False	truecolor	True
'TrueColor'	''	''	'0'	'1'	False	False	False	False	None	True
'TrueColor'	''	''	'0'	'1'	False	True	True	False	truecolor	True
'TrueColor'	''	''	'1'	-	True	False	True	False	truecolor	False
'TrueColor'	''	''	'1'	-	True	True	True	False	truecolor	False
'TrueColor'	''	''	'1'	-	False	False	True	False	truecolor	False
'TrueColor'	''	''	'1'	-	False	True	True	False	truecolor	False
'TrueColor'	''	''	'1'	''	True	False	True	False	truecolor	False
'TrueColor'	''	''	'1'	''	True	True	True	False	truecolor	False
'TrueColor'	''	''	'1'	''	False	False	True	False	truecolor	False
'TrueColor'	''	''	'1'	''	False	True	True	False	truecolor	False
'TrueColor'	''	''	'1'	'1'	True	False	True	False	truecolor	True
'TrueColor'	''	''	'1'	'1'	True	True	True	False	truecolor	True
'TrueColor'	''	''	'1'	'1'	False	False	True	False	truecolor	True
'TrueColor'	''	''	'1'	'1'	False	True	True	False	truecolor	True
'TrueColor'	''	'1'	-	-	True	False	True	False	truecolor	False
'TrueColor'	''	'1'	-	-	True	True	True	False	truecolor	False
'TrueColor'	''	'1'	-	-	False	False	True	False	truecolor	False
'TrueColor'	''	'1'	-	-	False	True	True	False	truecolor	False
'TrueColor'	''	'1'	-	''	True	False	True	False	truecolor	False
'TrueColor'	''	'1'	-	''	True	True	True	False	truecolor	False
'TrueColor'	''	'1'	-	''	False	False	True	False	truecolor	False
'TrueColor'	''	'1'	-	''	False	True	True	False	truecolor	False
'TrueColor'	''	'1'	-	'1'	True	False	True	False	truecolor	True
'TrueColor'	''	'1'	-	'1'	True	True	True	False	truecolor	True
'TrueColor'	''	'1'	-	'1'	False	False	True	False	truecolor	True
'TrueColor'	''	'1'	-	'1'	False	True	True	False	truecolor	True
'TrueColor'	''	'1'	''	-	True	False	True	False	truecolor	False
'TrueColor'	''	'1'	''	-	True	True	True	False	truecolor	False
'TrueColor'	''	'1'	''	-	False	False	True	False	truecolor	False
'TrueColor'	''	'1'	''	-	False	True	True	False	truecolor	False
'TrueColor'	''	'1'	''	''	True	False	True	False	truecolor	False
'TrueColor'	''	'1'	''	''	True	True	True	False	truecolor	False
'TrueColor'	''	'1'	''	''	False	False	True	False	truecolor	False
'TrueColor'	''	'1'	''	''	False	True	True	False	truecolor	False
'TrueColor'	''	'1'	''	'1'	True	False	True	False	truecolor	True
'TrueColor'	''	'1'	''	'1'	True	True	True	False	truecolor	True
'TrueColor'	''	'1'	''	'1'	False	False	True	False	truecolor	True
'TrueColor'	''	'1'	''	'1'	False	True	True	False	truecolor	True
'TrueColor'	''	'1'	'0'	-	True	False	False	False	None	False
'TrueColor'	''	'1'	'0'	-	True	True	True	False	truecolor	False
'TrueColor'	''	'1'	'0'	-	False	False	False	False	None	False
'TrueColor'	''	'1'	'0'	-	False	True	True	False	truecolor	False
'TrueColor'	''	'1'	'0'	''	True	False	False	False	None	False
'TrueColor'	''	'1'	'0'	''	True	True	True	False	truecolor	False
'TrueColor'	''	'1'	'0'	''	False	False	False	False	None	False
'TrueColor'	''	'1'	'0'	''	False	True	True	False	truecolor	False
'TrueColor'	''	'1'	'0'	'1'	True	False	False	False	None	True
'TrueColor'	''	'1'	'0'	'1'	True	True	True	False	truecolor	True
'TrueColor'	''	'1'	'0'	'1'	False	False	False	False	None	True
'TrueColor'	''	'1'	'0'	'1'	False	True	True	False	truecolor	True
'TrueColor'	''	'1'	'1'	-	True	False	True	False	truecolor	False
'TrueColor'	''	'1'	'1'	-	True	True	True	False	truecolor	False
'TrueColor'	''	'1'	'1'	-	False	False	True	False	truecolor	False
'TrueColor'	''	'1'	'1'	-	False	True	True	False	truecolor	False
'TrueColor'	''	'1'	'1'	''	True	False	True	False	truecolor	False
'TrueColor'	''	'1'	'1'	''	True	True	True	False	truecolor	False
'TrueColor'	''	'1'	'1'	''	False	False	True	False	truecolor	False
'TrueColor'	''	'1'	'1'	''	False	True	True	False	truecolor	False
'TrueColor'	''	'1'	'1'	'1'	True	False	True	False	truecolor	True
'TrueColor'	''	'1'	'1'	'1'	True	True	True	False	truecolor	True
'TrueColor'	''	'1'	'1'	'1'	False	False	True	False	truecolor	True
'TrueColor'	''	'1'	'1'	'1'	False	True	True	False	truecolor	True
'TrueColor'	''	'0'	-	-	True	False	True	False	truecolor	False
'TrueColor'	''	'0'	-	-	True	True	True	False	truecolor	False
'TrueColor'	''	'0'	-	-	False	False	True	False	truecolor	False
'TrueColor'	''	'0'	-	-	False	True	True	False	truecolor	False
'TrueColor'	''	'0'	-	''	True	False	True	False	truecolor	False
'TrueColor'	''	'0'	-	''	True	True	True	False	truecolor	False
'TrueColor'	''	'0'	-	''	False	False	True	False	truecolor	False
'TrueColor'	''	'0'	-	''	False	True	True	False	truecolor	False
'TrueColor'	''	'0'	-	'1'	True	False	True	False	truecolor	True
'TrueColor'	''	'0'	-	'1'	True	True	True	False	truecolor	True
'TrueColor'	''	'0'	-	'1'	False	False	True	False	truecolor	True
'TrueColor'	''	'0'	-	'1'	False	True	True	False	truecolor	True
'TrueColor'	''	'0'	''	-	True	False	True	False	truecolor	False
'TrueColor'	''	'0'	''	-	True	True	True	False	truecolor	False
'TrueColor'	''	'0'	''	-	False	False	True	False	truecolor	False
'TrueColor'	''	'0'	''	-	False	True	True	False	truecolor	False
'TrueColor'	''	'0'	''	''	True	False	True	False	truecolor	False
'TrueColor'	''	'0'	''	''	True	True	True	False	truecolor	False
'TrueColor'	''	'0'	''	''	False	False	True	False	truecolor	False
'TrueColor'	''	'0'	''	''	False	True	True	False	truecolor	False
'TrueColor'	''	'0'	''	'1'	True	False	True	False	truecolor	True
'TrueColor'	''	'0'	''	'1'	True	True	True	False	truecolor	True
'TrueColor'	''	'0'	''	'1'	False	False	True	False	truecolor	True
'TrueColor'	''	'0'	''	'1'	False	True	True	False	truecolor	True
'TrueColor'	''	'0'	'0'	-	True	False	False	False	None	False
'TrueColor'	''	'0'	'0'	-	True	True	True	False	truecolor	False
'TrueColor'	''	'0'	'0'	-	False	False	False	False	None	False
'TrueColor'	''	'0'	'0'	-	False	True	True	False	truecolor	False
'TrueColor'	''	'0'	'0'	''	True	False	False	False	None	False
'TrueColor'	''	'0'	'0'	''	True	True	True	False	truecolor	False
'TrueColor'	''	'0'	'0'	''	False	False	False	False	None	False
'TrueColor'	''	'0'	'0'	''	False	True	True	False	truecolor	False
'TrueColor'	''	'0'	'0'	'1'	True	False	False	False	None	True
'TrueColor'	''	'0'	'0'	'1'	True	True	True	False	truecolor	True
'TrueColor'	''	'0'	'0'	'1'	False	False	False	False	None	True
'TrueColor'	''	'0'	'0'	'1'	False	True	True	False	truecolor	True
'TrueColor'	''	'0'	'1'	-	True	False	True	False	truecolor	False
'TrueColor'	''	'0'	'1'	-	True	True	True	False	truecolor	False
'TrueColor'	''	'0'	'1'	-	False	False	True	False	truecolor	False
'TrueColor'	''	'0'	'1'	-	False	True	True	False	truecolor	False
'TrueColor'	''	'0'	'1'	''	True	False	True	False	truecolor	False
'TrueColor'	''	'0'	'1'	''	True	True	True	False	truecolor	False
'TrueColor'	''	'0'	'1'	''	False	False	True	False	truecolor	False
'TrueColor'	''	'0'	'1'	''	False	True	True	False	truecolor	False
'TrueColor'	''	'0'	'1'	'1'	True	False	True	False	truecolor	True
'TrueColor'	''	'0'	'1'	'1'	True	True	True	False	truecolor	True
'TrueColor'	''	'0'	'1'	'1'	False	False	True	False	truecolor	True
'TrueColor'	''	'0'	'1'	'1'	False	True	True	False	truecolor	True
'TrueColor'	'dumb'	-	-	-	True	False	True	True	None	False
'TrueColor'	'dumb'	-	-	-	True	True	True	True	None	False
'TrueColor'	'dumb'	-	-	-	False	False	False	False	None	False
'TrueColor'	'dumb'	-	-	-	False	True	True	True	None	False
'TrueColor'	'dumb'	-	-	''	True	False	True	True	None	False
'TrueColor'	'dumb'	-	-	''	True	True	True	True	None	False
'TrueColor'	'dumb'	-	-	''	False	False	False	False	None	False
'TrueColor'	'dumb'	-	-	''	False	True	True	True	None	False
'TrueColor'	'dumb'	-	-	'1'	True	False	True	True	None	True
'TrueColor'	'dumb'	-	-	'1'	True	True	True	True	None	True
'TrueColor'	'dumb'	-	-	'1'	False	False	False	False	None	True
'TrueColor'	'dumb'	-	-	'1'	False	True	True	True	None	True
'TrueColor'	'dumb'	-	''	-	True	False	True	True	None	False
'TrueColor'	'dumb'	-	''	-	True	True	True	True	None	False
'TrueColor'	'dumb'	-	''	-	False	False	False	False	None	False
'TrueColor'	'dumb'	-	''	-	False	True	True	True	None	False
'TrueColor'	'dumb'	-	''	''	True	False	True	True	None	False
'TrueColor'	'dumb'	-	''	''	True	True	True	True	None	False
'TrueColor'	'dumb'	-	''	''	False	False	False	False	None	False
'TrueColor'	'dumb'	-	''	''	False	True	True	True	None	False
'TrueColor'	'dumb'	-	''	'1'	True	False	True	True	None	True
'TrueColor'	'dumb'	-	''	'1'	True	True	True	True	None	True
'TrueColor'	'dumb'	-	''	'1'	False	False	False	False	None	True
'TrueColor'	'dumb'	-	''	'1'	False	True	True	True	None	True
'TrueColor'	'dumb'	-	'0'	-	True	False	False	False	None	False
'TrueColor'	'dumb'	-	'0'	-	True	True	True	True	None	False
'TrueColor'	'dumb'	-	'0'	-	False	False	False	False	None	False
'TrueColor'	'dumb'	-	'0'	-	False	True	True	True	None	False
'TrueColor'	'dumb'	-	'0'	''	True	False	False	False	None	False
'TrueColor'	'dumb'	-	'0'	''	True	True	True	True	None	False
'TrueColor'	'dumb'	-	'0'	''	False	False	False	False	None	False
'TrueColor'	'dumb'	-	'0'	''	False	True	True	True	None	False
'TrueColor'	'dumb'	-	'0'	'1'	True	False	False	False	None	True
'TrueColor'	'dumb'	-	'0'	'1'	True	True	True	True	None	True
'TrueColor'	'dumb'	-	'0'	'1'	False	False	False	False	None	True
'TrueColor'	'dumb'	-	'0'	'1'	False	True	True	True	None	True
'TrueColor'	'dumb'	-	'1'	-	True	False	True	True	None	False
'TrueColor'	'dumb'	-	'1'	-	True	True	True	True	None	False
'TrueColor'	'dumb'	-	'1'	-	False	False	True	True	None	False
'TrueColor'	'dumb'	-	'1'	-	False	True	True	True	None	False
'TrueColor'	'dumb'	-	'1'	''	True	False	True	True	None	False
'TrueColor'	'dumb'	-	'1'	''	True	True	True	True	None	False
'TrueColor'	'dumb'	-	'1'	''	False	False	True	True	None	False
'TrueColor'	'dumb'	-	'1'	''	False	True	True	True	None	False
'TrueColor'	'dumb'	-	'1'	'1'	True	False	True	True	None	True
'TrueColor'	'dumb'	-	'1'	'1'	True	True	True	True	None	True
'TrueColor'	'dumb'	-	'1'	'1'	False	False	True	True	None	True
'TrueColor'	'dumb'	-	'1'	'1'	False	True	True	True	None	True
'TrueColor'	'dumb'	''	-	-	True	False	False	False	None	False
'TrueColor'	'dumb'	''	-	-	True	True	True	True	None	False
'TrueColor'	'dumb'	''	-	-	False	False	False	False	None	False
'TrueColor'	'dumb'	''	-	-	False	True	True	True	None	False
'TrueColor'	'dumb'	''	-	''	True	False	False	False	None	False
'TrueColor'	'dumb'	''	-	''	True	True	True	True	None	False
'TrueColor'	'dumb'	''	-	''	False	False	False	False	None	False
'TrueColor'	'dumb'	''	-	''	False	True	True	True	None	False
'TrueColor'	'dumb'	''	-	'1'	True	False	False	False	None	True
'TrueColor'	'dumb'	''	-	'1'	True	True	True	True	None	True
'TrueColor'	'dumb'	''	-	'1'	False	False	False	False	None	True
'TrueColor'	'dumb'	''	-	'1'	False	True	True	True	None	True
'TrueColor'	'dumb'	''	''	-	True	False	False	False	None	False
'TrueColor'	'dumb'	''	''	-	True	True	True	True	None	False
'TrueColor'	'dumb'	''	''	-	False	False	False	False	None	False
'TrueColor'	'dumb'	''	''	-	False	True	True	True	None	False
'TrueColor'	'dumb'	''	''	''	True	False	False	False	None	False
'TrueColor'	'dumb'	''	''	''	True	True	True	True	None	False
'TrueColor'	'dumb'	''	''	''	False	False	False	False	None	False
'TrueColor'	'dumb'	''	''	''	False	True	True	True	None	False
'TrueColor'	'dumb'	''	''	'1'	True	False	False	False	None	True
'TrueColor'	'dumb'	''	''	'1'	True	True	True	True	None	True
'TrueColor'	'dumb'	''	''	'1'	False	False	False	False	None	True
'TrueColor'	'dumb'	''	''	'1'	False	True	True	True	None	True
'TrueColor'	'dumb'	''	'0'	-	True	False	False	False	None	False
'TrueColor'	'dumb'	''	'0'	-	True	True	True	True	None	False
'TrueColor'	'dumb'	''	'0'	-	False	False	False	False	None	False
'TrueColor'	'dumb'	''	'0'	-	False	True	True	True	None	False
'TrueColor'	'dumb'	''	'0'	''	True	False	False	False	None	False
'TrueColor'	'dumb'	''	'0'	''	True	True	True	True	None	False
'TrueColor'	'dumb'	''	'0'	''	False	False	False	False	None	False
'TrueColor'	'dumb'	''	'0'	''	False	True	True	True	None	False
'TrueColor'	'dumb'	''	'0'	'1'	True	False	False	False	None	True
'TrueColor'	'dumb'	''	'0'	'1'	True	True	True	True	None	True
'TrueColor'	'dumb'	''	'0'	'1'	False	False	False	False	None	True
'TrueColor'	'dumb'	''	'0'	'1'	False	True	True	True	None	True
'TrueColor'	'dumb'	''	'1'	-	True	False	True	True	None	False
'TrueColor'	'dumb'	''	'1'	-	True	True	True	True	None	False
'TrueColor'	'dumb'	''	'1'	-	False	False	True	True	None	False
'TrueColor'	'dumb'	''	'1'	-	False	True	True	True	None	False
'TrueColor'	'dumb'	''	'1'	''	True	False	True	True	None	False
'TrueColor'	'dumb'	''	'1'	''	True	True	True	True	None	False
'TrueColor'	'dumb'	''	'1'	''	False	False	True	True	None	False
'TrueColor'	'dumb'	''	'1'	''	False	True	True	True	None	False
'TrueColor'	'dumb'	''	'1'	'1'	True	False	True	True	None	True
'TrueColor'	'dumb'	''	'1'	'1'	True	True	True	True	None	True
'TrueColor'	'dumb'	''	'1'	'1'	False	False	True	True	None	True
'TrueColor'	'dumb'	''	'1'	'1'	False	True	True	True	None	True
'TrueColor'	'dumb'	'1'	-	-	True	False	True	True	None	False
'TrueColor'	'dumb'	'1'	-	-	True	True	True	True	None	False
'TrueColor'	'dumb'	'1'	-	-	False	False	True	True	None	False
'TrueColor'	'dumb'	'1'	-	-	False	True	True	True	None	False
'TrueColor'	'dumb'	'1'	-	''	True	False	True	True	None	False
'TrueColor'	'dumb'	'1'	-	''	True	True	True	True	None	False
'TrueColor'	'dumb'	'1'	-	''	False	False	True	True	None	False
'TrueColor'	'dumb'	'1'	-	''	False	True	True	True	None	False
'TrueColor'	'dumb'	'1'	-	'1'	True	False	True	True	None	True
'TrueColor'	'dumb'	'1'	-	'1'	True	True	True	True	None	True
'TrueColor'	'dumb'	'1'	-	'1'	False	False	True	True	None	True
'TrueColor'	'dumb'	'1'	-	'1'	False	True	True	True	None	True
'TrueColor'	'dumb'	'1'	''	-	True	False	True	True	None	False
'TrueColor'	'dumb'	'1'	''	-	True	True	True	True	None	False
'TrueColor'	'dumb'	'1'	''	-	False	False	True	True	None	False
'TrueColor'	'dumb'	'1'	''	-	False	True	True	True	None	False
'TrueColor'	'dumb'	'1'	''	''	True	False	True	True	None	False
'TrueColor'	'dumb'	'1'	''	''	True	True	True	True	None	False
'TrueColor'	'dumb'	'1'	''	''	False	False	True	True	None	False
'TrueColor'	'dumb'	'1'	''	''	False	True	True	True	None	False
'TrueColor'	'dumb'	'1'	''	'1'	True	False	True	True	None	True
'TrueColor'	'dumb'	'1'	''	'1'	True	True	True	True	None	True
'TrueColor'	'dumb'	'1'	''	'1'	False	False	True	True	None	True
'TrueColor'	'dumb'	'1'	''	'1'	False	True	True	True	None	True
'TrueColor'	'dumb'	'1'	'0'	-	True	False	False	False	None	False
'TrueColor'	'dumb'	'1'	'0'	-	True	True	True	True	None	False
'TrueColor'	'dumb'	'1'	'0'	-	False	False	False	False	None	False
'TrueColor'	'dumb'	'1'	'0'	-	False	True	True	True	None	False
'TrueColor'	'dumb'	'1'	'0'	''	True	False	False	False	None	False
'TrueColor'	'dumb'	'1'	'0'	''	True	True	True	True	None	False
'TrueColor'	'dumb'	'1'	'0'	''	False	False	False	False	None	False
'TrueColor'	'dumb'	'1'	'0'	''	False	True	True	True	None	False
'TrueColor'	'dumb'	'1'	'0'	'1'	True	False	False	False	None	True
'TrueColor'	'dumb'	'1'	'0'	'1'	True	True	True	True	None	True
'TrueColor'	'dumb'	'1'	'0'	'1'	False	False	False	False	None	True
'TrueColor'	'dumb'	'1'	'0'	'1'	False	True	True	True	None	True
'TrueColor'	'dumb'	'1'	'1'	-	True	False	True	True	None	False
'TrueColor'	'dumb'	'1'	'1'	-	True	True	True	True	None	False
'TrueColor'	'dumb'	'1'	'1'	-	False	False	True	True	None	False
'TrueColor'	'dumb'	'1'	'1'	-	False	True	True	True	None	False
'TrueColor'	'dumb'	'1'	'1'	''	True	False	True	True	None	False
'TrueColor'	'dumb'	'1'	'1'	''	True	True	True	True	None	False
'TrueColor'	'dumb'	'1'	'1'	''	False	False	True	True	None	False
'TrueColor'	'dumb'	'1'	'1'	''	False	True	True	True	None	False
'TrueColor'	'dumb'	'1'	'1'	'1'	True	False	True	True	None	True
'TrueColor'	'dumb'	'1'	'1'	'1'	True	True	True	True	None	True
'TrueColor'	'dumb'	'1'	'1'	'1'	False	False	True	True	None	True
'TrueColor'	'dumb'	'1'	'1'	'1'	False	True	True	True	None	True
'TrueColor'	'dumb'	'0'	-	-	True	False	True	True	None	False
'TrueColor'	'dumb'	'0'	-	-	True	True	True	True	None	False
'TrueColor'	'dumb'	'0'	-	-	False	False	True	True	None	False
'TrueColor'	'dumb'	'0'	-	-	False	True	True	True	None	False
'TrueColor'	'dumb'	'0'	-	''	True	False	True	True	None	False
'TrueColor'	'dumb'	'0'	-	''	True	True	True	True	None	False
'TrueColor'	'dumb'	'0'	-	''	False	False	True	True	None	False
'TrueColor'	'dumb'	'0'	-	''	False	True	True	True	None	False
'TrueColor'	'dumb'	'0'	-	'1'	True	False	True	True	None	True
'TrueColor'	'dumb'	'0'	-	'1'	True	True	True	True	None	True
'TrueColor'	'dumb'	'0'	-	'1'	False	False	True	True	None	True
'TrueColor'	'dumb'	'0'	-	'1'	False	True	True	True	None	True
'TrueColor'	'dumb'	'0'	''	-	True	False	True	True	None	False
'TrueColor'	'dumb'	'0'	''	-	True	True	True	True	None	False
'TrueColor'	'dumb'	'0'	''	-	False	False	True	True	None	False
'TrueColor'	'dumb'	'0'	''	-	False	True	True	True	None	False
'TrueColor'	'dumb'	'0'	''	''	True	False	True	True	None	False
'TrueColor'	'dumb'	'0'	''	''	True	True	True	True	None	False
'TrueColor'	'dumb'	'0'	''	''	False	False	True	True	None	False
'TrueColor'	'dumb'	'0'	''	''	False	True	True	True	None	False
'TrueColor'	'dumb'	'0'	''	'1'	True	False	True	True	None	True
'TrueColor'	'dumb'	'0'	''	'1'	True	True	True	True	None	True
'TrueColor'	'dumb'	'0'	''	'1'	False	False	True	True	None	True
'TrueColor'	'dumb'	'0'	''	'1'	False	True	True	True	None	True
'TrueColor'	'dumb'	'0'	'0'	-	True	False	False	False	None	False
'TrueColor'	'dumb'	'0'	'0'	-	True	True	True	True	None	False
'TrueColor'	'dumb'	'0'	'0'	-	False	False	False	False	None	False
'TrueColor'	'dumb'	'0'	'0'	-	False	True	True	True	None	False
'TrueColor'	'dumb'	'0'	'0'	''	True	False	False	False	None	False
'TrueColor'	'dumb'	'0'	'0'	''	True	True	True	True	None	False
'TrueColor'	'dumb'	'0'	'0'	''	False	False	False	False	None	False
'TrueColor'	'dumb'	'0'	'0'	''	False	True	True	True	None	False
'TrueColor'	'dumb'	'0'	'0'	'1'	True	False	False	False	None	True
'TrueColor'	'dumb'	'0'	'0'	'1'	True	True	True	True	None	True
'TrueColor'	'dumb'	'0'	'0'	'1'	False	False	False	False	None	True
'TrueColor'	'dumb'	'0'	'0'	'1'	False	True	True	True	None	True
'TrueColor'	'dumb'	'0'	'1'	-	True	False	True	True	None	False
'TrueColor'	'dumb'	'0'	'1'	-	True	True	True	True	None	False
'TrueColor'	'dumb'	'0'	'1'	-	False	False	True	True	None	False
'TrueColor'	'dumb'	'0'	'1'	-	False	True	True	True	None	False
'TrueColor'	'dumb'	'0'	'1'	''	True	False	True	True	None	False
'TrueColor'	'dumb'	'0'	'1'	''	True	True	True	True	None	False
'TrueColor'	'dumb'	'0'	'1'	''	False	False	True	True	None	False
'TrueColor'	'dumb'	'0'	'1'	''	False	True	True	True	None	False
'TrueColor'	'dumb'	'0'	'1'	'1'	True	False	True	True	None	True
'TrueColor'	'dumb'	'0'	'1'	'1'	True	True	True	True	None	True
'TrueColor'	'dumb'	'0'	'1'	'1'	False	False	True	True	None	True
'TrueColor'	'dumb'	'0'	'1'	'1'	False	True	True	True	None	True
'TrueColor'	'unknown'	-	-	-	True	False	True	True	None	False
'TrueColor'	'unknown'	-	-	-	True	True	True	True	None	False
'TrueColor'	'unknown'	-	-	-	False	False	False	False	None	False
'TrueColor'	'unknown'	-	-	-	False	True	True	True	None	False
'TrueColor'	'unknown'	-	-	''	True	False	True	True	None	False
'TrueColor'	'unknown'	-	-	''	True	True	True	True	None	False
'TrueColor'	'unknown'	-	-	''	False	False	False	False	None	False
'TrueColor'	'unknown'	-	-	''	False	True	True	True	None	False
'TrueColor'	'unknown'	-	-	'1'	True	False	True	True	None	True
'TrueColor'	'unknown'	-	-	'1'	True	True	True	True	None	True
'TrueColor'	'unknown'	-	-	'1'	False	False	False	False	None	True
'TrueColor'	'unknown'	-	-	'1'	False	True	True	True	None	True
'TrueColor'	'unknown'	-	''	-	True	False	True	True	None	False
'TrueColor'	'unknown'	-	''	-	True	True	True	True	None	False
'TrueColor'	'unknown'	-	''	-	False	False	False	False	None	False
'TrueColor'	'unknown'	-	''	-	False	True	True	True	None	False
'TrueColor'	'unknown'	-	''	''	True	False	True	True	None	False
'TrueColor'	'unknown'	-	''	''	True	True	True	True	None	False
'TrueColor'	'unknown'	-	''	''	False	False	False	False	None	False
'TrueColor'	'unknown'	-	''	''	False	True	True	True	None	False
'TrueColor'	'unknown'	-	''	'1'	True	False	True	True	None	True
'TrueColor'	'unknown'	-	''	'1'	True	True	True	True	None	True
'TrueColor'	'unknown'	-	''	'1'	False	False	False	False	None	True
'TrueColor'	'unknown'	-	''	'1'	False	True	True	True	None	True
'TrueColor'	'unknown'	-	'0'	-	True	False	False	False	None	False
'TrueColor'	'unknown'	-	'0'	-	True	True	True	True	None	False
'TrueColor'	'unknown'	-	'0'	-	False	False	False	False	None	False
'TrueColor'	'unknown'	-	'0'	-	False	True	True	True	None	False
'TrueColor'	'unknown'	-	'0'	''	True	False	False	False	None	False
'TrueColor'	'unknown'	-	'0'	''	True	True	True	True	None	False
'TrueColor'	'unknown'	-	'0'	''	False	False	False	False	None	False
'TrueColor'	'unknown'	-	'0'	''	False	True	True	True	None	False
'TrueColor'	'unknown'	-	'0'	'1'	True	False	False	False	None	True
'TrueColor'	'unknown'	-	'0'	'1'	True	True	True	True	None	True
'TrueColor'	'unknown'	-	'0'	'1'	False	False	False	False	None	True
'TrueColor'	'unknown'	-	'0'	'1'	False	True	True	True	None	True
'TrueColor'	'unknown'	-	'1'	-	True	False	True	True	None	False
'TrueColor'	'unknown'	-	'1'	-	True	True	True	True	None	False
'TrueColor'	'unknown'	-	'1'	-	False	False	True	True	None	False
'TrueColor'	'unknown'	-	'1'	-	False	True	True	True	None	False
'TrueColor'	'unknown'	-	'1'	''	True	False	True	True	None	False
'TrueColor'	'unknown'	-	'1'	''	True	True	True	True	None	False
'TrueColor'	'unknown'	-	'1'	''	False	False	True	True	None	False
'TrueColor'	'unknown'	-	'1'	''	False	True	True	True	None	False
'TrueColor'	'unknown'	-	'1'	'1'	True	False	True	True	None	True
'TrueColor'	'unknown'	-	'1'	'1'	True	True	True	True	None	True
'TrueColor'	'unknown'	-	'1'	'1'	False	False	True	True	None	True
'TrueColor'	'unknown'	-	'1'	'1'	False	True	True	True	None	True
'TrueColor'	'unknown'	''	-	-	True	False	False	False	None	False
'TrueColor'	'unknown'	''	-	-	True	True	True	True	None	False
'TrueColor'	'unknown'	''	-	-	False	False	False	False	None	False
'TrueColor'	'unknown'	''	-	-	False	True	True	True	None	False
'TrueColor'	'unknown'	''	-	''	True	False	False	False	None	False
'TrueColor'	'unknown'	''	-	''	True	True	True	True	None	False
'TrueColor'	'unknown'	''	-	''	False	False	False	False	None	False
'TrueColor'	'unknown'	''	-	''	False	True	True	True	None	False
'TrueColor'	'unknown'	''	-	'1'	True	False	False	False	None	True
'TrueColor'	'unknown'	''	-	'1'	True	True	True	True	None	True
'TrueColor'	'unknown'	''	-	'1'	False	False	False	False	None	True
'TrueColor'	'unknown'	''	-	'1'	False	True	True	True	None	True
'TrueColor'	'unknown'	''	''	-	True	False	False	False	None	False
'TrueColor'	'unknown'	''	''	-	True	True	True	True	None	False
'TrueColor'	'unknown'	''	''	-	False	False	False	False	None	False
'TrueColor'	'unknown'	''	''	-	False	True	True	True	None	False
'TrueColor'	'unknown'	''	''	''	True	False	False	False	None	False
'TrueColor'	'unknown'	''	''	''	True	True	True	True	None	False
'TrueColor'	'unknown'	''	''	''	False	False	False	False	None	False
'TrueColor'	'unknown'	''	''	''	False	True	True	True	None	False
'TrueColor'	'unknown'	''	''	'1'	True	False	False	False	None	True
'TrueColor'	'unknown'	''	''	'1'	True	True	True	True	None	True
'TrueColor'	'unknown'	''	''	'1'	False	False	False	False	None	True
'TrueColor'	'unknown'	''	''	'1'	False	True	True	True	None	True
'TrueColor'	'unknown'	''	'0'	-	True	False	False	False	None	False
'TrueColor'	'unknown'	''	'0'	-	True	True	True	True	None	False
'TrueColor'	'unknown'	''	'0'	-	False	False	False	False	None	False
'TrueColor'	'unknown'	''	'0'	-	False	True	True	True	None	False
'TrueColor'	'unknown'	''	'0'	''	True	False	False	False	None	False
'TrueColor'	'unknown'	''	'0'	''	True	True	True	True	None	False
'TrueColor'	'unknown'	''	'0'	''	False	False	False	False	None	False
'TrueColor'	'unknown'	''	'0'	''	False	True	True	True	None	False
'TrueColor'	'unknown'	''	'0'	'1'	True	False	False	False	None	True
'TrueColor'	'unknown'	''	'0'	'1'	True	True	True	True	None	True
'TrueColor'	'unknown'	''	'0'	'1'	False	False	False	False	None	True
'TrueColor'	'unknown'	''	'0'	'1'	False	True	True	True	None	True
'TrueColor'	'unknown'	''	'1'	-	True	False	True	True	None	False
'TrueColor'	'unknown'	''	'1'	-	True	True	True	True	None	False
'TrueColor'	'unknown'	''	'1'	-	False	False	True	True	None	False
'TrueColor'	'unknown'	''	'1'	-	False	True	True	True	None	False
'TrueColor'	'unknown'	''	'1'	''	True	False	True	True	None	False
'TrueColor'	'unknown'	''	'1'	''	True	True	True	True	None	False
'TrueColor'	'unknown'	''	'1'	''	False	False	True	True	None	False
'TrueColor'	'unknown'	''	'1'	''	False	True	True	True	None	False
'TrueColor'	'unknown'	''	'1'	'1'	True	False	True	True	None	True
'TrueColor'	'unknown'	''	'1'	'1'	True	True	True	True	None	True
'TrueColor'	'unknown'	''	'1'	'1'	False	False	True	True	None	True
'TrueColor'	'unknown'	''	'1'	'1'	False	True	True	True	None	True
'TrueColor'	'unknown'	'1'	-	-	True	False	True	True	None	False
'TrueColor'	'unknown'	'1'	-	-	True	True	True	True	None	False
'TrueColor'	'unknown'	'1'	-	-	False	False	True	True	None	False
'TrueColor'	'unknown'	'1'	-	-	False	True	True	True	None	False
'TrueColor'	'unknown'	'1'	-	''	True	False	True	True	None	False
'TrueColor'	'unknown'	'1'	-	''	True	True	True	True	None	False
'TrueColor'	'unknown'	'1'	-	''	False	False	True	True	None	False
'TrueColor'	'unknown'	'1'	-	''	False	True	True	True	None	False
'TrueColor'	'unknown'	'1'	-	'1'	True	False	True	True	None	True
'TrueColor'	'unknown'	'1'	-	'1'	True	True	True	True	None	True
'TrueColor'	'unknown'	'1'	-	'1'	False	False	True	True	None	True
'TrueColor'	'unknown'	'1'	-	'1'	False	True	True	True	None	True
'TrueColor'	'unknown'	'1'	''	-	True	False	True	True	None	False
'TrueColor'	'unknown'	'1'	''	-	True	True	True	True	None	False
'TrueColor'	'unknown'	'1'	''	-	False	False	True	True	None	False
'TrueColor'	'unknown'	'1'	''	-	False	True	True	True	None	False
'TrueColor'	'unknown'	'1'	''	''	True	False	True	True	None	False
'TrueColor'	'unknown'	'1'	''	''	True	True	True	True	None	False
'TrueColor'	'unknown'	'1'	''	''	False	False	True	True	None	False
'TrueColor'	'unknown'	'1'	''	''	False	True	True	True	None	False
'TrueColor'	'unknown'	'1'	''	'1'	True	False	True	True	None	True
'TrueColor'	'unknown'	'1'	''	'1'	True	True	True	True	None	True
'TrueColor'	'unknown'	'1'	''	'1'	False	False	True	True	None	True
'TrueColor'	'unknown'	'1'	''	'1'	False	True	True	True	None	True
'TrueColor'	'unknown'	'1'	'0'	-	True	False	False	False	None	False
'TrueColor'	'unknown'	'1'	'0'	-	True	True	True	True	None	False
'TrueColor'	'unknown'	'1'	'0'	-	False	False	False	False	None	False
'TrueColor'	'unknown'	'1'	'0'	-	False	True	True	True	None	False
'TrueColor'	'unknown'	'1'	'0'	''	True	False	False	False	None	False
'TrueColor'	'unknown'	'1'	'0'	''	True	True	True	True	None	False
'TrueColor'	'unknown'	'1'	'0'	''	False	False	False	False	None	False
'TrueColor'	'unknown'	'1'	'0'	''	False	True	True	True	None	False
'TrueColor'	'unknown'	'1'	'0'	'1'	True	False	False	False	None	True
'TrueColor'	'unknown'	'1'	'0'	'1'	True	True	True	True	None	True
'TrueColor'	'unknown'	'1'	'0'	'1'	False	False	False	False	None	True
'TrueColor'	'unknown'	'1'	'0'	'1'	False	True	True	True	None	True
'TrueColor'	'unknown'	'1'	'1'	-	True	False	True	True	None	False
'TrueColor'	'unknown'	'1'	'1'	-	True	True	True	True	None	False
'TrueColor'	'unknown'	'1'	'1'	-	False	False	True	True	None	False
'TrueColor'	'unknown'	'1'	'1'	-	False	True	True	True	None	False
'TrueColor'	'unknown'	'1'	'1'	''	True	False	True	True	None	False
'TrueColor'	'unknown'	'1'	'1'	''	True	True	True	True	None	False
'TrueColor'	'unknown'	'1'	'1'	''	False	False	True	True	None	False
'TrueColor'	'unknown'	'1'	'1'	''	False	True	True	True	None	False
'TrueColor'	'unknown'	'1'	'1'	'1'	True	False	True	True	None	True
'TrueColor'	'unknown'	'1'	'1'	'1'	True	True	True	True	None	True
'TrueColor'	'unknown'	'1'	'1'	'1'	False	False	True	True	None	True
'TrueColor'	'unknown'	'1'	'1'	'1'	False	True	True	True	None	True
'TrueColor'	'unknown'	'0'	-	-	True	False	True	True	None	False
'TrueColor'	'unknown'	'0'	-	-	True	True	True	True	None	False
'TrueColor'	'unknown'	'0'	-	-	False	False	True	True	None	False
'TrueColor'	'unknown'	'0'	-	-	False	True	True	True	None	False
'TrueColor'	'unknown'	'0'	-	''	True	False	True	True	None	False
'TrueColor'	'unknown'	'0'	-	''	True	True	True	True	None	False
'TrueColor'	'unknown'	'0'	-	''	False	False	True	True	None	False
'TrueColor'	'unknown'	'0'	-	''	False	True	True	True	None	False
'TrueColor'	'unknown'	'0'	-	'1'	True	False	True	True	None	True
'TrueColor'	'unknown'	'0'	-	'1'	True	True	True	True	None	True
'TrueColor'	'unknown'	'0'	-	'1'	False	False	True	True	None	True
'TrueColor'	'unknown'	'0'	-	'1'	False	True	True	True	None	True
'TrueColor'	'unknown'	'0'	''	-	True	False	True	True	None	False
'TrueColor'	'unknown'	'0'	''	-	True	True	True	True	None	False
'TrueColor'	'unknown'	'0'	''	-	False	False	True	True	None	False
'TrueColor'	'unknown'	'0'	''	-	False	True	True	True	None	False
'TrueColor'	'unknown'	'0'	''	''	True	False	True	True	None	False
'TrueColor'	'unknown'	'0'	''	''	True	True	True	True	None	False
'TrueColor'	'unknown'	'0'	''	''	False	False	True	True	None	False
'TrueColor'	'unknown'	'0'	''	''	False	True	True	True	None	False
'TrueColor'	'unknown'	'0'	''	'1'	True	False	True	True	None	True
'TrueColor'	'unknown'	'0'	''	'1'	True	True	True	True	None	True
'TrueColor'	'unknown'	'0'	''	'1'	False	False	True	True	None	True
'TrueColor'	'unknown'	'0'	''	'1'	False	True	True	True	None	True
'TrueColor'	'unknown'	'0'	'0'	-	True	False	False	False	None	False
'TrueColor'	'unknown'	'0'	'0'	-	True	True	True	True	None	False
'TrueColor'	'unknown'	'0'	'0'	-	False	False	False	False	None	False
'TrueColor'	'unknown'	'0'	'0'	-	False	True	True	True	None	False
'TrueColor'	'unknown'	'0'	'0'	''	True	False	False	False	None	False
'TrueColor'	'unknown'	'0'	'0'	''	True	True	True	True	None	False
'TrueColor'	'unknown'	'0'	'0'	''	False	False	False	False	None	False
'TrueColor'	'unknown'	'0'	'0'	''	False	True	True	True	None	False
'TrueColor'	'unknown'	'0'	'0'	'1'	True	False	False	False	None	True
'TrueColor'	'unknown'	'0'	'0'	'1'	True	True	True	True	None	True
'TrueColor'	'unknown'	'0'	'0'	'1'	False	False	False	False	None	True
'TrueColor'	'unknown'	'0'	'0'	'1'	False	True	True	True	None	True
'TrueColor'	'unknown'	'0'	'1'	-	True	False	True	True	None	False
'TrueColor'	'unknown'	'0'	'1'	-	True	True	True	True	None	False
'TrueColor'	'unknown'	'0'	'1'	-	False	False	True	True	None	False
'TrueColor'	'unknown'	'0'	'1'	-	False	True	True	True	None	False
'TrueColor'	'unknown'	'0'	'1'	''	True	False	True	True	None	False
'TrueColor'	'unknown'	'0'	'1'	''	True	True	True	True	None	False
'TrueColor'	'unknown'	'0'	'1'	''	False	False	True	True	None	False
'TrueColor'	'unknown'	'0'	'1'	''	False	True	True	True	None	False
'TrueColor'	'unknown'	'0'	'1'	'1'	True	False	True	True	None	True
'TrueColor'	'unknown'	'0'	'1'	'1'	True	True	True	True	None	True
'TrueColor'	'unknown'	'0'	'1'	'1'	False	False	True	True	None	True
'TrueColor'	'unknown'	'0'	'1'	'1'	False	True	True	True	None	True
'TrueColor'	'xterm'	-	-	-	True	False	True	False	truecolor	False
'TrueColor'	'xterm'	-	-	-	True	True	True	False	truecolor	False
'TrueColor'	'xterm'	-	-	-	False	False	False	False	None	False
'TrueColor'	'xterm'	-	-	-	False	True	True	False	truecolor	False
'TrueColor'	'xterm'	-	-	''	True	False	True	False	truecolor	False
'TrueColor'	'xterm'	-	-	''	True	True	True	False	truecolor	False
'TrueColor'	'xterm'	-	-	''	False	False	False	False	None	False
'TrueColor'	'xterm'	-	-	''	False	True	True	False	truecolor	False
'TrueColor'	'xterm'	-	-	'1'	True	False	True	False	truecolor	True
'TrueColor'	'xterm'	-	-	'1'	True	True	True	False	truecolor	True
'TrueColor'	'xterm'	-	-	'1'	False	False	False	False	None	True
'TrueColor'	'xterm'	-	-	'1'	False	True	True	False	truecolor	True
'TrueColor'	'xterm'	-	''	-	True	False	True	False	truecolor	False
'TrueColor'	'xterm'	-	''	-	True	True	True	False	truecolor	False
'TrueColor'	'xterm'	-	''	-	False	False	False	False	None	False
'TrueColor'	'xterm'	-	''	-	False	True	True	False	truecolor	False
'TrueColor'	'xterm'	-	''	''	True	False	True	False	truecolor	False
'TrueColor'	'xterm'	-	''	''	True	True	True	False	truecolor	False
'TrueColor'	'xterm'	-	''	''	False	False	False	False	None	False
'TrueColor'	'xterm'	-	''	''	False	True	True	False	truecolor	False
'TrueColor'	'xterm'	-	''	'1'	True	False	True	False	truecolor	True
'TrueColor'	'xterm'	-	''	'1'	True	True	True	False	truecolor	True
'TrueColor'	'xterm'	-	''	'1'	False	False	False	False	None	True
'TrueColor'	'xterm'	-	''	'1'	False	True	True	False	truecolor	True
'TrueColor'	'xterm'	-	'0'	-	True	False	False	False	None	False
'TrueColor'	'xterm'	-	'0'	-	True	True	True	False	truecolor	False
'TrueColor'	'xterm'	-	'0'	-	False	False	False	False	None	False
'TrueColor'	'xterm'	-	'0'	-	False	True	True	False	truecolor	False
'TrueColor'	'xterm'	-	'0'	''	True	False	False	False	None	False
'TrueColor'	'xterm'	-	'0'	''	True	True	True	False	truecolor	False
'TrueColor'	'xterm'	-	'0'	''	False	False	False	False	None	False
'TrueColor'	'xterm'	-	'0'	''	False	True	True	False	truecolor	False
'TrueColor'	'xterm'	-	'0'	'1'	True	False	False	False	None	True
'TrueColor'	'xterm'	-	'0'	'1'	True	True	True	False	truecolor	True
'TrueColor'	'xterm'	-	'0'	'1'	False	False	False	False	None	True
'TrueColor'	'xterm'	-	'0'	'1'	False	True	True	False	truecolor	True
'TrueColor'	'xterm'	-	'1'	-	True	False	True	False	truecolor	False
'TrueColor'	'xterm'	-	'1'	-	True	True	True	False	truecolor	False
'TrueColor'	'xterm'	-	'1'	-	False	False	True	False	truecolor	False
'TrueColor'	'xterm'	-	'1'	-	False	True	True	False	truecolor	False
'TrueColor'	'xterm'	-	'1'	''	True	False	True	False	truecolor	False
'TrueColor'	'xterm'	-	'1'	''	True	True	True	False	truecolor	False
'TrueColor'	'xterm'	-	'1'	''	False	False	True	False	truecolor	False
'TrueColor'	'xterm'	-	'1'	''	False	True	True	False	truecolor	False
'TrueColor'	'xterm'	-	'1'	'1'	True	False	True	False	truecolor	True
'TrueColor'	'xterm'	-	'1'	'1'	True	True	True	False	truecolor	True
'TrueColor'	'xterm'	-	'1'	'1'	False	False	True	False	truecolor	True
'TrueColor'	'xterm'	-	'1'	'1'	False	True	True	False	truecolor	True
'TrueColor'	'xterm'	''	-	-	True	False	False	False	None	False
'TrueColor'	'xterm'	''	-	-	True	True	True	False	truecolor	False
'TrueColor'	'xterm'	''	-	-	False	False	False	False	None	False
'TrueColor'	'xterm'	''	-	-	False	True	True	False	truecolor	False
'TrueColor'	'xterm'	''	-	''	True	False	False	False	None	False
'TrueColor'	'xterm'	''	-	''	True	True	True	False	truecolor	False
'TrueColor'	'xterm'	''	-	''	False	False	False	False	None	False
'TrueColor'	'xterm'	''	-	''	False	True	True	False	truecolor	False
'TrueColor'	'xterm'	''	-	'1'	True	False	False	False	None	True
'TrueColor'	'xterm'	''	-	'1'	True	True	True	False	truecolor	True
'TrueColor'	'xterm'	''	-	'1'	False	False	False	False	None	True
'TrueColor'	'xterm'	''	-	'1'	False	True	True	False	truecolor	True
'TrueColor'	'xterm'	''	''	-	True	False	False	False	None	False
'TrueColor'	'xterm'	''	''	-	True	True	True	False	truecolor	False
'TrueColor'	'xterm'	''	''	-	False	False	False	False	None	False
'TrueColor'	'xterm'	''	''	-	False	True	True	False	truecolor	False
'TrueColor'	'xterm'	''	''	''	True	False	False	False	None	False
'TrueColor'	'xterm'	''	''	''	True	True	True	False	truecolor	False
'TrueColor'	'xterm'	''	''	''	False	False	False	False	None	False
'TrueColor'	'xterm'	''	''	''	False	True	True	False	truecolor	False
'TrueColor'	'xterm'	''	''	'1'	True	False	False	False	None	True
'TrueColor'	'xterm'	''	''	'1'	True	True	True	False	truecolor	True
'TrueColor'	'xterm'	''	''	'1'	False	False	False	False	None	True
'TrueColor'	'xterm'	''	''	'1'	False	True	True	False	truecolor	True
'TrueColor'	'xterm'	''	'0'	-	True	False	False	False	None	False
'TrueColor'	'xterm'	''	'0'	-	True	True	True	False	truecolor	False
'TrueColor'	'xterm'	''	'0'	-	False	False	False	False	None	False
'TrueColor'	'xterm'	''	'0'	-	False	True	True	False	truecolor	False
'TrueColor'	'xterm'	''	'0'	''	True	False	False	False	None	False
'TrueColor'	'xterm'	''	'0'	''	True	True	True	False	truecolor	False
'TrueColor'	'xterm'	''	'0'	''	False	False	False	False	None	False
'TrueColor'	'xterm'	''	'0'	''	False	True	True	False	truecolor	False
'TrueColor'	'xterm'	''	'0'	'1'	True	False	False	False	None	True
'TrueColor'	'xterm'	''	'0'	'1'	True	True	True	False	truecolor	True
'TrueColor'	'xterm'	''	'0'	'1'	False	False	False	False	None	True
'TrueColor'	'xterm'	''	'0'	'1'	False	True	True	False	truecolor	True
'TrueColor'	'xterm'	''	'1'	-	True	False	True	False	truecolor	False
'TrueColor'	'xterm'	''	'1'	-	True	True	True	False	truecolor	False
'TrueColor'	'xterm'	''	'1'	-	False	False	True	False	truecolor	False
'TrueColor'	'xterm'	''	'1'	-	False	True	True	False	truecolor	False
'TrueColor'	'xterm'	''	'1'	''	True	False	True	False	truecolor	False
'TrueColor'	'xterm'	''	'1'	''	True	True	True	False	truecolor	False
'TrueColor'	'xterm'	''	'1'	''	False	False	True	False	truecolor	False
'TrueColor'	'xterm'	''	'1'	''	False	True	True	False	truecolor	False
'TrueColor'	'xterm'	''	'1'	'1'	True	False	True	False	truecolor	True
'TrueColor'	'xterm'	''	'1'	'1'	True	True	True	False	truecolor	True
'TrueColor'	'xterm'	''	'1'	'1'	False	False	True	False	truecolor	True
'TrueColor'	'xterm'	''	'1'	'1'	False	True	True	False	truecolor	True
'TrueColor'	'xterm'	'1'	-	-	True	False	True	False	truecolor	False
'TrueColor'	'xterm'	'1'	-	-	True	True	True	False	truecolor	False
'TrueColor'	'xterm'	'1'	-	-	False	False	True	False	truecolor	False
'TrueColor'	'xterm'	'1'	-	-	False	True	True	False	truecolor	False
'TrueColor'	'xterm'	'1'	-	''	True	False	True	False	truecolor	False
'TrueColor'	'xterm'	'1'	-	''	True	True	True	False	truecolor	False
'TrueColor'	'xterm'	'1'	-	''	False	False	True	False	truecolor	False
'TrueColor'	'xterm'	'1'	-	''	False	True	True	False	truecolor	False
'TrueColor'	'xterm'	'1'	-	'1'	True	False	True	False	truecolor	True
'TrueColor'	'xterm'	'1'	-	'1'	True	True	True	False	truecolor	True
'TrueColor'	'xterm'	'1'	-	'1'	False	False	True	False	truecolor	True
'TrueColor'	'xterm'	'1'	-	'1'	False	True	True	False	truecolor	True
'TrueColor'	'xterm'	'1'	''	-	True	False	True	False	truecolor	False
'TrueColor'	'xterm'	'1'	''	-	True	True	True	False	truecolor	False
'TrueColor'	'xterm'	'1'	''	-	False	False	True	False	truecolor	False
'TrueColor'	'xterm'	'1'	''	-	False	True	True	False	truecolor	False
'TrueColor'	'xterm'	'1'	''	''	True	False	True	False	truecolor	False
'TrueColor'	'xterm'	'1'	''	''	True	True	True	False	truecolor	False
'TrueColor'	'xterm'	'1'	''	''	False	False	True	False	truecolor	False
'TrueColor'	'xterm'	'1'	''	''	False	True	True	False	truecolor	False
'TrueColor'	'xterm'	'1'	''	'1'	True	False	True	False	truecolor	True
'TrueColor'	'xterm'	'1'	''	'1'	True	True	True	False	truecolor	True
'TrueColor'	'xterm'	'1'	''	'1'	False	False	True	False	truecolor	True
'TrueColor'	'xterm'	'1'	''	'1'	False	True	True	False	truecolor	True
'TrueColor'	'xterm'	'1'	'0'	-	True	False	False	False	None	False
'TrueColor'	'xterm'	'1'	'0'	-	True	True	True	False	truecolor	False
'TrueColor'	'xterm'	'1'	'0'	-	False	False	False	False	None	False
'TrueColor'	'xterm'	'1'	'0'	-	False	True	True	False	truecolor	False
'TrueColor'	'xterm'	'1'	'0'	''	True	False	False	False	None	False
'TrueColor'	'xterm'	'1'	'0'	''	True	True	True	False	truecolor	False
'TrueColor'	'xterm'	'1'	'0'	''	False	False	False	False	None	False
'TrueColor'	'xterm'	'1'	'0'	''	False	True	True	False	truecolor	False
'TrueColor'	'xterm'	'1'	'0'	'1'	True	False	False	False	None	True
'TrueColor'	'xterm'	'1'	'0'	'1'	True	True	True	False	truecolor	True
'TrueColor'	'xterm'	'1'	'0'	'1'	False	False	False	False	None	True
'TrueColor'	'xterm'	'1'	'0'	'1'	False	True	True	False	truecolor	True
'TrueColor'	'xterm'	'1'	'1'	-	True	False	True	False	truecolor	False
'TrueColor'	'xterm'	'1'	'1'	-	True	True	True	False	truecolor	False
'TrueColor'	'xterm'	'1'	'1'	-	False	False	True	False	truecolor	False
'TrueColor'	'xterm'	'1'	'1'	-	False	True	True	False	truecolor	False
'TrueColor'	'xterm'	'1'	'1'	''	True	False	True	False	truecolor	False
'TrueColor'	'xterm'	'1'	'1'	''	True	True	True	False	truecolor	False
'TrueColor'	'xterm'	'1'	'1'	''	False	False	True	False	truecolor	False
'TrueColor'	'xterm'	'1'	'1'	''	False	True	True	False	truecolor	False
'TrueColor'	'xterm'	'1'	'1'	'1'	True	False	True	False	truecolor	True
'TrueColor'	'xterm'	'1'	'1'	'1'	True	True	True	False	truecolor	True
'TrueColor'	'xterm'	'1'	'1'	'1'	False	False	True	False	truecolor	True
'TrueColor'	'xterm'	'1'	'1'	'1'	False	True	True	False	truecolor	True
'TrueColor'	'xterm'	'0'	-	-	True	False	True	False	truecolor	False
'TrueColor'	'xterm'	'0'	-	-	True	True	True	False	truecolor	False
'TrueColor'	'xterm'	'0'	-	-	False	False	True	False	truecolor	False
'TrueColor'	'xterm'	'0'	-	-	False	True	True	False	truecolor	False
'TrueColor'	'xterm'	'0'	-	''	True	False	True	False	truecolor	False
'TrueColor'	'xterm'	'0'	-	''	True	True	True	False	truecolor	False
'TrueColor'	'xterm'	'0'	-	''	False	False	True	False	truecolor	False
'TrueColor'	'xterm'	'0'	-	''	False	True	True	False	truecolor	False
'TrueColor'	'xterm'	'0'	-	'1'	True	False	True	False	truecolor	True
'TrueColor'	'xterm'	'0'	-	'1'	True	True	True	False	truecolor	True
'TrueColor'	'xterm'	'0'	-	'1'	False	False	True	False	truecolor	True
'TrueColor'	'xterm'	'0'	-	'1'	False	True	True	False	truecolor	True
'TrueColor'	'xterm'	'0'	''	-	True	False	True	False	truecolor	False
'TrueColor'	'xterm'	'0'	''	-	True	True	True	False	truecolor	False
'TrueColor'	'xterm'	'0'	''	-	False	False	True	False	truecolor	False
'TrueColor'	'xterm'	'0'	''	-	False	True	True	False	truecolor	False
'TrueColor'	'xterm'	'0'	''	''	True	False	True	False	truecolor	False
'TrueColor'	'xterm'	'0'	''	''	True	True	True	False	truecolor	False
'TrueColor'	'xterm'	'0'	''	''	False	False	True	False	truecolor	False
'TrueColor'	'xterm'	'0'	''	''	False	True	True	False	truecolor	False
'TrueColor'	'xterm'	'0'	''	'1'	True	False	True	False	truecolor	True
'TrueColor'	'xterm'	'0'	''	'1'	True	True	True	False	truecolor	True
'TrueColor'	'xterm'	'0'	''	'1'	False	False	True	False	truecolor	True
'TrueColor'	'xterm'	'0'	''	'1'	False	True	True	False	truecolor	True
'TrueColor'	'xterm'	'0'	'0'	-	True	False	False	False	None	False
'TrueColor'	'xterm'	'0'	'0'	-	True	True	True	False	truecolor	False
'TrueColor'	'xterm'	'0'	'0'	-	False	False	False	False	None	False
'TrueColor'	'xterm'	'0'	'0'	-	False	True	True	False	truecolor	False
'TrueColor'	'xterm'	'0'	'0'	''	True	False	False	False	None	False
'TrueColor'	'xterm'	'0'	'0'	''	True	True	True	False	truecolor	False
'TrueColor'	'xterm'	'0'	'0'	''	False	False	False	False	None	False
'TrueColor'	'xterm'	'0'	'0'	''	False	True	True	False	truecolor	False
'TrueColor'	'xterm'	'0'	'0'	'1'	True	False	False	False	None	True
'TrueColor'	'xterm'	'0'	'0'	'1'	True	True	True	False	truecolor	True
'TrueColor'	'xterm'	'0'	'0'	'1'	False	False	False	False	None	True
'TrueColor'	'xterm'	'0'	'0'	'1'	False	True	True	False	truecolor	True
'TrueColor'	'xterm'	'0'	'1'	-	True	False	True	False	truecolor	False
'TrueColor'	'xterm'	'0'	'1'	-	True	True	True	False	truecolor	False
'TrueColor'	'xterm'	'0'	'1'	-	False	False	True	False	truecolor	False
'TrueColor'	'xterm'	'0'	'1'	-	False	True	True	False	truecolor	False
'TrueColor'	'xterm'	'0'	'1'	''	True	False	True	False	truecolor	False
'TrueColor'	'xterm'	'0'	'1'	''	True	True	True	False	truecolor	False
'TrueColor'	'xterm'	'0'	'1'	''	False	False	True	False	truecolor	False
'TrueColor'	'xterm'	'0'	'1'	''	False	True	True	False	truecolor	False
'TrueColor'	'xterm'	'0'	'1'	'1'	True	False	True	False	truecolor	True
'TrueColor'	'xterm'	'0'	'1'	'1'	True	True	True	False	truecolor	True
'TrueColor'	'xterm'	'0'	'1'	'1'	False	False	True	False	truecolor	True
'TrueColor'	'xterm'	'0'	'1'	'1'	False	True	True	False	truecolor	True
'TrueColor'	'xterm-256color'	-	-	-	True	False	True	False	truecolor	False
'TrueColor'	'xterm-256color'	-	-	-	True	True	True	False	truecolor	False
'TrueColor'	'xterm-256color'	-	-	-	False	False	False	False	None	False
'TrueColor'	'xterm-256color'	-	-	-	False	True	True	False	truecolor	False
'TrueColor'	'xterm-256color'	-	-	''	True	False	True	False	truecolor	False
'TrueColor'	'xterm-256color'	-	-	''	True	True	True	False	truecolor	False
'TrueColor'	'xterm-256color'	-	-	''	False	False	False	False	None	False
'TrueColor'	'xterm-256color'	-	-	''	False	True	True	False	truecolor	False
'TrueColor'	'xterm-256color'	-	-	'1'	True	False	True	False	truecolor	True
'TrueColor'	'xterm-256color'	-	-	'1'	True	True	True	False	truecolor	True
'TrueColor'	'xterm-256color'	-	-	'1'	False	False	False	False	None	True
'TrueColor'	'xterm-256color'	-	-	'1'	False	True	True	False	truecolor	True
'TrueColor'	'xterm-256color'	-	''	-	True	False	True	False	truecolor	False
'TrueColor'	'xterm-256color'	-	''	-	True	True	True	False	truecolor	False
'TrueColor'	'xterm-256color'	-	''	-	False	False	False	False	None	False
'TrueColor'	'xterm-256color'	-	''	-	False	True	True	False	truecolor	False
'TrueColor'	'xterm-256color'	-	''	''	True	False	True	False	truecolor	False
'TrueColor'	'xterm-256color'	-	''	''	True	True	True	False	truecolor	False
'TrueColor'	'xterm-256color'	-	''	''	False	False	False	False	None	False
'TrueColor'	'xterm-256color'	-	''	''	False	True	True	False	truecolor	False
'TrueColor'	'xterm-256color'	-	''	'1'	True	False	True	False	truecolor	True
'TrueColor'	'xterm-256color'	-	''	'1'	True	True	True	False	truecolor	True
'TrueColor'	'xterm-256color'	-	''	'1'	False	False	False	False	None	True
'TrueColor'	'xterm-256color'	-	''	'1'	False	True	True	False	truecolor	True
'TrueColor'	'xterm-256color'	-	'0'	-	True	False	False	False	None	False
'TrueColor'	'xterm-256color'	-	'0'	-	True	True	True	False	truecolor	False
'TrueColor'	'xterm-256color'	-	'0'	-	False	False	False	False	None	False
'TrueColor'	'xterm-256color'	-	'0'	-	False	True	True	False	truecolor	False
'TrueColor'	'xterm-256color'	-	'0'	''	True	False	False	False	None	False
'TrueColor'	'xterm-256color'	-	'0'	''	True	True	True	False	truecolor	False
'TrueColor'	'xterm-256color'	-	'0'	''	False	False	False	False	None	False
'TrueColor'	'xterm-256color'	-	'0'	''	False	True	True	False	truecolor	False
'TrueColor'	'xterm-256color'	-	'0'	'1'	True	False	False	False	None	True
'TrueColor'	'xterm-256color'	-	'0'	'1'	True	True	True	False	truecolor	True
'TrueColor'	'xterm-256color'	-	'0'	'1'	False	False	False	False	None	True
'TrueColor'	'xterm-256color'	-	'0'	'1'	False	True	True	False	truecolor	True
'TrueColor'	'xterm-256color'	-	'1'	-	True	False	True	False	truecolor	False
'TrueColor'	'xterm-256color'	-	'1'	-	True	True	True	False	truecolor	False
'TrueColor'	'xterm-256color'	-	'1'	-	False	False	True	False	truecolor	False
'TrueColor'	'xterm-256color'	-	'1'	-	False	True	True	False	truecolor	False
'TrueColor'	'xterm-256color'	-	'1'	''	True	False	True	False	truecolor	False
'TrueColor'	'xterm-256color'	-	'1'	''	True	True	True	False	truecolor	False
'TrueColor'	'xterm-256color'	-	'1'	''	False	False	True	False	truecolor	False
'TrueColor'	'xterm-256color'	-	'1'	''	False	True	True	False	truecolor	False
'TrueColor'	'xterm-256color'	-	'1'	'1'	True	False	True	False	truecolor	True
'TrueColor'	'xterm-256color'	-	'1'	'1'	True	True	True	False	truecolor	True
'TrueColor'	'xterm-256color'	-	'1'	'1'	False	False	True	False	truecolor	True
'TrueColor'	'xterm-256color'	-	'1'	'1'	False	True	True	False	truecolor	True
'TrueColor'	'xterm-256color'	''	-	-	True	False	False	False	None	False
'TrueColor'	'xterm-256color'	''	-	-	True	True	True	False	truecolor	False
'TrueColor'	'xterm-256color'	''	-	-	False	False	False	False	None	False
'TrueColor'	'xterm-256color'	''	-	-	False	True	True	False	truecolor	False
'TrueColor'	'xterm-256color'	''	-	''	True	False	False	False	None	False
'TrueColor'	'xterm-256color'	''	-	''	True	True	True	False	truecolor	False
'TrueColor'	'xterm-256color'	''	-	''	False	False	False	False	None	False
'TrueColor'	'xterm-256color'	''	-	''	False	True	True	False	truecolor	False
'TrueColor'	'xterm-256color'	''	-	'1'	True	False	False	False	None	True
'TrueColor'	'xterm-256color'	''	-	'1'	True	True	True	False	truecolor	True
'TrueColor'	'xterm-256color'	''	-	'1'	False	False	False	False	None	True
'TrueColor'	'xterm-256color'	''	-	'1'	False	True	True	False	truecolor	True
'TrueColor'	'xterm-256color'	''	''	-	True	False	False	False	None	False
'TrueColor'	'xterm-256color'	''	''	-	True	True	True	False	truecolor	False
'TrueColor'	'xterm-256color'	''	''	-	False	False	False	False	None	False
'TrueColor'	'xterm-256color'	''	''	-	False	True	True	False	truecolor	False
'TrueColor'	'xterm-256color'	''	''	''	True	False	False	False	None	False
'TrueColor'	'xterm-256color'	''	''	''	True	True	True	False	truecolor	False
'TrueColor'	'xterm-256color'	''	''	''	False	False	False	False	None	False
'TrueColor'	'xterm-256color'	''	''	''	False	True	True	False	truecolor	False
'TrueColor'	'xterm-256color'	''	''	'1'	True	False	False	False	None	True
'TrueColor'	'xterm-256color'	''	''	'1'	True	True	True	False	truecolor	True
'TrueColor'	'xterm-256color'	''	''	'1'	False	False	False	False	None	True
'TrueColor'	'xterm-256color'	''	''	'1'	False	True	True	False	truecolor	True
'TrueColor'	'xterm-256color'	''	'0'	-	True	False	False	False	None	False
'TrueColor'	'xterm-256color'	''	'0'	-	True	True	True	False	truecolor	False
'TrueColor'	'xterm-256color'	''	'0'	-	False	False	False	False	None	False
'TrueColor'	'xterm-256color'	''	'0'	-	False	True	True	False	truecolor	False
'TrueColor'	'xterm-256color'	''	'0'	''	True	False	False	False	None	False
'TrueColor'	'xterm-256color'	''	'0'	''	True	True	True	False	truecolor	False
'TrueColor'	'xterm-256color'	''	'0'	''	False	False	False	False	None	False
'TrueColor'	'xterm-256color'	''	'0'	''	False	True	True	False	truecolor	False
'TrueColor'	'xterm-256color'	''	'0'	'1'	True	False	False	False	None	True
'TrueColor'	'xterm-256color'	''	'0'	'1'	True	True	True	False	truecolor	True
'TrueColor'	'xterm-256color'	''	'0'	'1'	False	False	False	False	None	True
'TrueColor'	'xterm-256color'	''	'0'	'1'	False	True	True	False	truecolor	True
'TrueColor'	'xterm-256color'	''	'1'	-	True	False	True	False	truecolor	False
'TrueColor'	'xterm-256color'	''	'1'	-	True	True	True	False	truecolor	False
'TrueColor'	'xterm-256color'	''	'1'	-	False	False	True	False	truecolor	False
'TrueColor'	'xterm-256color'	''	'1'	-	False	True	True	False	truecolor	False
'TrueColor'	'xterm-256color'	''	'1'	''	True	False	True	False	truecolor	False
'TrueColor'	'xterm-256color'	''	'1'	''	True	True	True	False	truecolor	False
'TrueColor'	'xterm-256color'	''	'1'	''	False	False	True	False	truecolor	False
'TrueColor'	'xterm-256color'	''	'1'	''	False	True	True	False	truecolor	False
'TrueColor'	'xterm-256color'	''	'1'	'1'	True	False	True	False	truecolor	True
'TrueColor'	'xterm-256color'	''	'1'	'1'	True	True	True	False	truecolor	True
'TrueColor'	'xterm-256color'	''	'1'	'1'	False	False	True	False	truecolor	True
'TrueColor'	'xterm-256color'	''	'1'	'1'	False	True	True	False	truecolor	True
'TrueColor'	'xterm-256color'	'1'	-	-	True	False	True	False	truecolor	False
'TrueColor'	'xterm-256color'	'1'	-	-	True	True	True	False	truecolor	False
'TrueColor'	'xterm-256color'	'1'	-	-	False	False	True	False	truecolor	False
'TrueColor'	'xterm-256color'	'1'	-	-	False	True	True	False	truecolor	False
'TrueColor'	'xterm-256color'	'1'	-	''	True	False	True	False	truecolor	False
'TrueColor'	'xterm-256color'	'1'	-	''	True	True	True	False	truecolor	False
'TrueColor'	'xterm-256color'	'1'	-	''	False	False	True	False	truecolor	False
'TrueColor'	'xterm-256color'	'1'	-	''	False	True	True	False	truecolor	False
'TrueColor'	'xterm-256color'	'1'	-	'1'	True	False	True	False	truecolor	True
'TrueColor'	'xterm-256color'	'1'	-	'1'	True	True	True	False	truecolor	True
'TrueColor'	'xterm-256color'	'1'	-	'1'	False	False	True	False	truecolor	True
'TrueColor'	'xterm-256color'	'1'	-	'1'	False	True	True	False	truecolor	True
'TrueColor'	'xterm-256color'	'1'	''	-	True	False	True	False	truecolor	False
'TrueColor'	'xterm-256color'	'1'	''	-	True	True	True	False	truecolor	False
'TrueColor'	'xterm-256color'	'1'	''	-	False	False	True	False	truecolor	False
'TrueColor'	'xterm-256color'	'1'	''	-	False	True	True	False	truecolor	False
'TrueColor'	'xterm-256color'	'1'	''	''	True	False	True	False	truecolor	False
'TrueColor'	'xterm-256color'	'1'	''	''	True	True	True	False	truecolor	False
'TrueColor'	'xterm-256color'	'1'	''	''	False	False	True	False	truecolor	False
'TrueColor'	'xterm-256color'	'1'	''	''	False	True	True	False	truecolor	False
'TrueColor'	'xterm-256color'	'1'	''	'1'	True	False	True	False	truecolor	True
'TrueColor'	'xterm-256color'	'1'	''	'1'	True	True	True	False	truecolor	True
'TrueColor'	'xterm-256color'	'1'	''	'1'	False	False	True	False	truecolor	True
'TrueColor'	'xterm-256color'	'1'	''	'1'	False	True	True	False	truecolor	True
'TrueColor'	'xterm-256color'	'1'	'0'	-	True	False	False	False	None	False
'TrueColor'	'xterm-256color'	'1'	'0'	-	True	True	True	False	truecolor	False
'TrueColor'	'xterm-256color'	'1'	'0'	-	False	False	False	False	None	False
'TrueColor'	'xterm-256color'	'1'	'0'	-	False	True	True	False	truecolor	False
'TrueColor'	'xterm-256color'	'1'	'0'	''	True	False	False	False	None	False
'TrueColor'	'xterm-256color'	'1'	'0'	''	True	True	True	False	truecolor	False
'TrueColor'	'xterm-256color'	'1'	'0'	''	False	False	False	False	None	False
'TrueColor'	'xterm-256color'	'1'	'0'	''	False	True	True	False	truecolor	False
'TrueColor'	'xterm-256color'	'1'	'0'	'1'	True	False	False	False	None	True
'TrueColor'	'xterm-256color'	'1'	'0'	'1'	True	True	True	False	truecolor	True
'TrueColor'	'xterm-256color'	'1'	'0'	'1'	False	False	False	False	None	True
'TrueColor'	'xterm-256color'	'1'	'0'	'1'	False	True	True	False	truecolor	True
'TrueColor'	'xterm-256color'	'1'	'1'	-	True	False	True	False	truecolor	False
'TrueColor'	'xterm-256color'	'1'	'1'	-	True	True	True	False	truecolor	False
'TrueColor'	'xterm-256color'	'1'	'1'	-	False	False	True	False	truecolor	False
'TrueColor'	'xterm-256color'	'1'	'1'	-	False	True	True	False	truecolor	False
'TrueColor'	'xterm-256color'	'1'	'1'	''	True	False	True	False	truecolor	False
'TrueColor'	'xterm-256color'	'1'	'1'	''	True	True	True	False	truecolor	False
'TrueColor'	'xterm-256color'	'1'	'1'	''	False	False	True	False	truecolor	False
'TrueColor'	'xterm-256color'	'1'	'1'	''	False	True	True	False	truecolor	False
'TrueColor'	'xterm-256color'	'1'	'1'	'1'	True	False	True	False	truecolor	True
'TrueColor'	'xterm-256color'	'1'	'1'	'1'	True	True	True	False	truecolor	True
'TrueColor'	'xterm-256color'	'1'	'1'	'1'	False	False	True	False	truecolor	True
'TrueColor'	'xterm-256color'	'1'	'1'	'1'	False	True	True	False	truecolor	True
'TrueColor'	'xterm-256color'	'0'	-	-	True	False	True	False	truecolor	False
'TrueColor'	'xterm-256color'	'0'	-	-	True	True	True	False	truecolor	False
'TrueColor'	'xterm-256color'	'0'	-	-	False	False	True	False	truecolor	False
'TrueColor'	'xterm-256color'	'0'	-	-	False	True	True	False	truecolor	False
'TrueColor'	'xterm-256color'	'0'	-	''	True	False	True	False	truecolor	False
'TrueColor'	'xterm-256color'	'0'	-	''	True	True	True	False	truecolor	False
'TrueColor'	'xterm-256color'	'0'	-	''	False	False	True	False	truecolor	False
'TrueColor'	'xterm-256color'	'0'	-	''	False	True	True	False	truecolor	False
'TrueColor'	'xterm-256color'	'0'	-	'1'	True	False	True	False	truecolor	True
'TrueColor'	'xterm-256color'	'0'	-	'1'	True	True	True	False	truecolor	True
'TrueColor'	'xterm-256color'	'0'	-	'1'	False	False	True	False	truecolor	True
'TrueColor'	'xterm-256color'	'0'	-	'1'	False	True	True	False	truecolor	True
'TrueColor'	'xterm-256color'	'0'	''	-	True	False	True	False	truecolor	False
'TrueColor'	'xterm-256color'	'0'	''	-	True	True	True	False	truecolor	False
'TrueColor'	'xterm-256color'	'0'	''	-	False	False	True	False	truecolor	False
'TrueColor'	'xterm-256color'	'0'	''	-	False	True	True	False	truecolor	False
'TrueColor'	'xterm-256color'	'0'	''	''	True	False	True	False	truecolor	False
'TrueColor'	'xterm-256color'	'0'	''	''	True	True	True	False	truecolor	False
'TrueColor'	'xterm-256color'	'0'	''	''	False	False	True	False	truecolor	False
'TrueColor'	'xterm-256color'	'0'	''	''	False	True	True	False	truecolor	False
'TrueColor'	'xterm-256color'	'0'	''	'1'	True	False	True	False	truecolor	True
'TrueColor'	'xterm-256color'	'0'	''	'1'	True	True	True	False	truecolor	True
'TrueColor'	'xterm-256color'	'0'	''	'1'	False	False	True	False	truecolor	True
'TrueColor'	'xterm-256color'	'0'	''	'1'	False	True	True	False	truecolor	True
'TrueColor'	'xterm-256color'	'0'	'0'	-	True	False	False	False	None	False
'TrueColor'	'xterm-256color'	'0'	'0'	-	True	True	True	False	truecolor	False
'TrueColor'	'xterm-256color'	'0'	'0'	-	False	False	False	False	None	False
'TrueColor'	'xterm-256color'	'0'	'0'	-	False	True	True	False	truecolor	False
'TrueColor'	'xterm-256color'	'0'	'0'	''	True	False	False	False	None	False
'TrueColor'	'xterm-256color'	'0'	'0'	''	True	True	True	False	truecolor	False
'TrueColor'	'xterm-256color'	'0'	'0'	''	False	False	False	False	None	False
'TrueColor'	'xterm-256color'	'0'	'0'	''	False	True	True	False	truecolor	False
'TrueColor'	'xterm-256color'	'0'	'0'	'1'	True	False	False	False	None	True
'TrueColor'	'xterm-256color'	'0'	'0'	'1'	True	True	True	False	truecolor	True
'TrueColor'	'xterm-256color'	'0'	'0'	'1'	False	False	False	False	None	True
'TrueColor'	'xterm-256color'	'0'	'0'	'1'	False	True	True	False	truecolor	True
'TrueColor'	'xterm-256color'	'0'	'1'	-	True	False	True	False	truecolor	False
'TrueColor'	'xterm-256color'	'0'	'1'	-	True	True	True	False	truecolor	False
'TrueColor'	'xterm-256color'	'0'	'1'	-	False	False	True	False	truecolor	False
'TrueColor'	'xterm-256color'	'0'	'1'	-	False	True	True	False	truecolor	False
'TrueColor'	'xterm-256color'	'0'	'1'	''	True	False	True	False	truecolor	False
'TrueColor'	'xterm-256color'	'0'	'1'	''	True	True	True	False	truecolor	False
'TrueColor'	'xterm-256color'	'0'	'1'	''	False	False	True	False	truecolor	False
'TrueColor'	'xterm-256color'	'0'	'1'	''	False	True	True	False	truecolor	False
'TrueColor'	'xterm-256color'	'0'	'1'	'1'	True	False	True	False	truecolor	True
'TrueColor'	'xterm-256color'	'0'	'1'	'1'	True	True	True	False	truecolor	True
'TrueColor'	'xterm-256color'	'0'	'1'	'1'	False	False	True	False	truecolor	True
'TrueColor'	'xterm-256color'	'0'	'1'	'1'	False	True	True	False	truecolor	True
'TrueColor'	'xterm-16color'	-	-	-	True	False	True	False	truecolor	False
'TrueColor'	'xterm-16color'	-	-	-	True	True	True	False	truecolor	False
'TrueColor'	'xterm-16color'	-	-	-	False	False	False	False	None	False
'TrueColor'	'xterm-16color'	-	-	-	False	True	True	False	truecolor	False
'TrueColor'	'xterm-16color'	-	-	''	True	False	True	False	truecolor	False
'TrueColor'	'xterm-16color'	-	-	''	True	True	True	False	truecolor	False
'TrueColor'	'xterm-16color'	-	-	''	False	False	False	False	None	False
'TrueColor'	'xterm-16color'	-	-	''	False	True	True	False	truecolor	False
'TrueColor'	'xterm-16color'	-	-	'1'	True	False	True	False	truecolor	True
'TrueColor'	'xterm-16color'	-	-	'1'	True	True	True	False	truecolor	True
'TrueColor'	'xterm-16color'	-	-	'1'	False	False	False	False	None	True
'TrueColor'	'xterm-16color'	-	-	'1'	False	True	True	False	truecolor	True
'TrueColor'	'xterm-16color'	-	''	-	True	False	True	False	truecolor	False
'TrueColor'	'xterm-16color'	-	''	-	True	True	True	False	truecolor	False
'TrueColor'	'xterm-16color'	-	''	-	False	False	False	False	None	False
'TrueColor'	'xterm-16color'	-	''	-	False	True	True	False	truecolor	False
'TrueColor'	'xterm-16color'	-	''	''	True	False	True	False	truecolor	False
'TrueColor'	'xterm-16color'	-	''	''	True	True	True	False	truecolor	False
'TrueColor'	'xterm-16color'	-	''	''	False	False	False	False	None	False
'TrueColor'	'xterm-16color'	-	''	''	False	True	True	False	truecolor	False
'TrueColor'	'xterm-16color'	-	''	'1'	True	False	True	False	truecolor	True
'TrueColor'	'xterm-16color'	-	''	'1'	True	True	True	False	truecolor	True
'TrueColor'	'xterm-16color'	-	''	'1'	False	False	False	False	None	True
'TrueColor'	'xterm-16color'	-	''	'1'	False	True	True	False	truecolor	True
'TrueColor'	'xterm-16color'	-	'0'	-	True	False	False	False	None	False
'TrueColor'	'xterm-16color'	-	'0'	-	True	True	True	False	truecolor	False
'TrueColor'	'xterm-16color'	-	'0'	-	False	False	False	False	None	False
'TrueColor'	'xterm-16color'	-	'0'	-	False	True	True	False	truecolor	False
'TrueColor'	'xterm-16color'	-	'0'	''	True	False	False	False	None	False
'TrueColor'	'xterm-16color'	-	'0'	''	True	True	True	False	truecolor	False
'TrueColor'	'xterm-16color'	-	'0'	''	False	False	False	False	None	False
'TrueColor'	'xterm-16color'	-	'0'	''	False	True	True	False	truecolor	False
'TrueColor'	'xterm-16color'	-	'0'	'1'	True	False	False	False	None	True
'TrueColor'	'xterm-16color'	-	'0'	'1'	True	True	True	False	truecolor	True
'TrueColor'	'xterm-16color'	-	'0'	'1'	False	False	False	False	None	True
'TrueColor'	'xterm-16color'	-	'0'	'1'	False	True	True	False	truecolor	True
'TrueColor'	'xterm-16color'	-	'1'	-	True	False	True	False	truecolor	False
'TrueColor'	'xterm-16color'	-	'1'	-	True	True	True	False	truecolor	False
'TrueColor'	'xterm-16color'	-	'1'	-	False	False	True	False	truecolor	False
'TrueColor'	'xterm-16color'	-	'1'	-	False	True	True	False	truecolor	False
'TrueColor'	'xterm-16color'	-	'1'	''	True	False	True	False	truecolor	False
'TrueColor'	'xterm-16color'	-	'1'	''	True	True	True	False	truecolor	False
'TrueColor'	'xterm-16color'	-	'1'	''	False	False	True	False	truecolor	False
'TrueColor'	'xterm-16color'	-	'1'	''	False	True	True	False	truecolor	False
'TrueColor'	'xterm-16color'	-	'1'	'1'	True	False	True	False	truecolor	True
'TrueColor'	'xterm-16color'	-	'1'	'1'	True	True	True	False	truecolor	True
'TrueColor'	'xterm-16color'	-	'1'	'1'	False	False	True	False	truecolor	True
'TrueColor'	'xterm-16color'	-	'1'	'1'	False	True	True	False	truecolor	True
'TrueColor'	'xterm-16color'	''	-	-	True	False	False	False	None	False
'TrueColor'	'xterm-16color'	''	-	-	True	True	True	False	truecolor	False
'TrueColor'	'xterm-16color'	''	-	-	False	False	False	False	None	False
'TrueColor'	'xterm-16color'	''	-	-	False	True	True	False	truecolor	False
'TrueColor'	'xterm-16color'	''	-	''	True	False	False	False	None	False
'TrueColor'	'xterm-16color'	''	-	''	True	True	True	False	truecolor	False
'TrueColor'	'xterm-16color'	''	-	''	False	False	False	False	None	False
'TrueColor'	'xterm-16color'	''	-	''	False	True	True	False	truecolor	False
'TrueColor'	'xterm-16color'	''	-	'1'	True	False	False	False	None	True
'TrueColor'	'xterm-16color'	''	-	'1'	True	True	True	False	truecolor	True
'TrueColor'	'xterm-16color'	''	-	'1'	False	False	False	False	None	True
'TrueColor'	'xterm-16color'	''	-	'1'	False	True	True	False	truecolor	True
'TrueColor'	'xterm-16color'	''	''	-	True	False	False	False	None	False
'TrueColor'	'xterm-16color'	''	''	-	True	True	True	False	truecolor	False
'TrueColor'	'xterm-16color'	''	''	-	False	False	False	False	None	False
'TrueColor'	'xterm-16color'	''	''	-	False	True	True	False	truecolor	False
'TrueColor'	'xterm-16color'	''	''	''	True	False	False	False	None	False
'TrueColor'	'xterm-16color'	''	''	''	True	True	True	False	truecolor	False
'TrueColor'	'xterm-16color'	''	''	''	False	False	False	False	None	False
'TrueColor'	'xterm-16color'	''	''	''	False	True	True	False	truecolor	False
'TrueColor'	'xterm-16color'	''	''	'1'	True	False	False	False	None	True
'TrueColor'	'xterm-16color'	''	''	'1'	True	True	True	False	truecolor	True
'TrueColor'	'xterm-16color'	''	''	'1'	False	False	False	False	None	True
'TrueColor'	'xterm-16color'	''	''	'1'	False	True	True	False	truecolor	True
'TrueColor'	'xterm-16color'	''	'0'	-	True	False	False	False	None	False
'TrueColor'	'xterm-16color'	''	'0'	-	True	True	True	False	truecolor	False
'TrueColor'	'xterm-16color'	''	'0'	-	False	False	False	False	None	False
'TrueColor'	'xterm-16color'	''	'0'	-	False	True	True	False	truecolor	False
'TrueColor'	'xterm-16color'	''	'0'	''	True	False	False	False	None	False
'TrueColor'	'xterm-16color'	''	'0'	''	True	True	True	False	truecolor	False
'TrueColor'	'xterm-16color'	''	'0'	''	False	False	False	False	None	False
'TrueColor'	'xterm-16color'	''	'0'	''	False	True	True	False	truecolor	False
'TrueColor'	'xterm-16color'	''	'0'	'1'	True	False	False	False	None	True
'TrueColor'	'xterm-16color'	''	'0'	'1'	True	True	True	False	truecolor	True
'TrueColor'	'xterm-16color'	''	'0'	'1'	False	False	False	False	None	True
'TrueColor'	'xterm-16color'	''	'0'	'1'	False	True	True	False	truecolor	True
'TrueColor'	'xterm-16color'	''	'1'	-	True	False	True	False	truecolor	False
'TrueColor'	'xterm-16color'	''	'1'	-	True	True	True	False	truecolor	False
'TrueColor'	'xterm-16color'	''	'1'	-	False	False	True	False	truecolor	False
'TrueColor'	'xterm-16color'	''	'1'	-	False	True	True	False	truecolor	False
'TrueColor'	'xterm-16color'	''	'1'	''	True	False	True	False	truecolor	False
'TrueColor'	'xterm-16color'	''	'1'	''	True	True	True	False	truecolor	False
'TrueColor'	'xterm-16color'	''	'1'	''	False	False	True	False	truecolor	False
'TrueColor'	'xterm-16color'	''	'1'	''	False	True	True	False	truecolor	False
'TrueColor'	'xterm-16color'	''	'1'	'1'	True	False	True	False	truecolor	True
'TrueColor'	'xterm-16color'	''	'1'	'1'	True	True	True	False	truecolor	True
'TrueColor'	'xterm-16color'	''	'1'	'1'	False	False	True	False	truecolor	True
'TrueColor'	'xterm-16color'	''	'1'	'1'	False	True	True	False	truecolor	True
'TrueColor'	'xterm-16color'	'1'	-	-	True	False	True	False	truecolor	False
'TrueColor'	'xterm-16color'	'1'	-	-	True	True	True	False	truecolor	False
'TrueColor'	'xterm-16color'	'1'	-	-	False	False	True	False	truecolor	False
'TrueColor'	'xterm-16color'	'1'	-	-	False	True	True	False	truecolor	False
'TrueColor'	'xterm-16color'	'1'	-	''	True	False	True	False	truecolor	False
'TrueColor'	'xterm-16color'	'1'	-	''	True	True	True	False	truecolor	False
'TrueColor'	'xterm-16color'	'1'	-	''	False	False	True	False	truecolor	False
'TrueColor'	'xterm-16color'	'1'	-	''	False	True	True	False	truecolor	False
'TrueColor'	'xterm-16color'	'1'	-	'1'	True	False	True	False	truecolor	True
'TrueColor'	'xterm-16color'	'1'	-	'1'	True	True	True	False	truecolor	True
'TrueColor'	'xterm-16color'	'1'	-	'1'	False	False	True	False	truecolor	True
'TrueColor'	'xterm-16color'	'1'	-	'1'	False	True	True	False	truecolor	True
'TrueColor'	'xterm-16color'	'1'	''	-	True	False	True	False	truecolor	False
'TrueColor'	'xterm-16color'	'1'	''	-	True	True	True	False	truecolor	False
'TrueColor'	'xterm-16color'	'1'	''	-	False	False	True	False	truecolor	False
'TrueColor'	'xterm-16color'	'1'	''	-	False	True	True	False	truecolor	False
'TrueColor'	'xterm-16color'	'1'	''	''	True	False	True	False	truecolor	False
'TrueColor'	'xterm-16color'	'1'	''	''	True	True	True	False	truecolor	False
'TrueColor'	'xterm-16color'	'1'	''	''	False	False	True	False	truecolor	False
'TrueColor'	'xterm-16color'	'1'	''	''	False	True	True	False	truecolor	False
'TrueColor'	'xterm-16color'	'1'	''	'1'	True	False	True	False	truecolor	True
'TrueColor'	'xterm-16color'	'1'	''	'1'	True	True	True	False	truecolor	True
'TrueColor'	'xterm-16color'	'1'	''	'1'	False	False	True	False	truecolor	True
'TrueColor'	'xterm-16color'	'1'	''	'1'	False	True	True	False	truecolor	True
'TrueColor'	'xterm-16color'	'1'	'0'	-	True	False	False	False	None	False
'TrueColor'	'xterm-16color'	'1'	'0'	-	True	True	True	False	truecolor	False
'TrueColor'	'xterm-16color'	'1'	'0'	-	False	False	False	False	None	False
'TrueColor'	'xterm-16color'	'1'	'0'	-	False	True	True	False	truecolor	False
'TrueColor'	'xterm-16color'	'1'	'0'	''	True	False	False	False	None	False
'TrueColor'	'xterm-16color'	'1'	'0'	''	True	True	True	False	truecolor	False
'TrueColor'	'xterm-16color'	'1'	'0'	''	False	False	False	False	None	False
'TrueColor'	'xterm-16color'	'1'	'0'	''	False	True	True	False	truecolor	False
'TrueColor'	'xterm-16color'	'1'	'0'	'1'	True	False	False	False	None	True
'TrueColor'	'xterm-16color'	'1'	'0'	'1'	True	True	True	False	truecolor	True
'TrueColor'	'xterm-16color'	'1'	'0'	'1'	False	False	False	False	None	True
'TrueColor'	'xterm-16color'	'1'	'0'	'1'	False	True	True	False	truecolor	True
'TrueColor'	'xterm-16color'	'1'	'1'	-	True	False	True	False	truecolor	False
'TrueColor'	'xterm-16color'	'1'	'1'	-	True	True	True	False	truecolor	False
'TrueColor'	'xterm-16color'	'1'	'1'	-	False	False	True	False	truecolor	False
'TrueColor'	'xterm-16color'	'1'	'1'	-	False	True	True	False	truecolor	False
'TrueColor'	'xterm-16color'	'1'	'1'	''	True	False	True	False	truecolor	False
'TrueColor'	'xterm-16color'	'1'	'1'	''	True	True	True	False	truecolor	False
'TrueColor'	'xterm-16color'	'1'	'1'	''	False	False	True	False	truecolor	False
'TrueColor'	'xterm-16color'	'1'	'1'	''	False	True	True	False	truecolor	False
'TrueColor'	'xterm-16color'	'1'	'1'	'1'	True	False	True	False	truecolor	True
'TrueColor'	'xterm-16color'	'1'	'1'	'1'	True	True	True	False	truecolor	True
'TrueColor'	'xterm-16color'	'1'	'1'	'1'	False	False	True	False	truecolor	True
'TrueColor'	'xterm-16color'	'1'	'1'	'1'	False	True	True	False	truecolor	True
'TrueColor'	'xterm-16color'	'0'	-	-	True	False	True	False	truecolor	False
'TrueColor'	'xterm-16color'	'0'	-	-	True	True	True	False	truecolor	False
'TrueColor'	'xterm-16color'	'0'	-	-	False	False	True	False	truecolor	False
'TrueColor'	'xterm-16color'	'0'	-	-	False	True	True	False	truecolor	False
'TrueColor'	'xterm-16color'	'0'	-	''	True	False	True	False	truecolor	False
'TrueColor'	'xterm-16color'	'0'	-	''	True	True	True	False	truecolor	False
'TrueColor'	'xterm-16color'	'0'	-	''	False	False	True	False	truecolor	False
'TrueColor'	'xterm-16color'	'0'	-	''	False	True	True	False	truecolor	False
'TrueColor'	'xterm-16color'	'0'	-	'1'	True	False	True	False	truecolor	True
'TrueColor'	'xterm-16color'	'0'	-	'1'	True	True	True	False	truecolor	True
'TrueColor'	'xterm-16color'	'0'	-	'1'	False	False	True	False	truecolor	True
'TrueColor'	'xterm-16color'	'0'	-	'1'	False	True	True	False	truecolor	True
'TrueColor'	'xterm-16color'	'0'	''	-	True	False	True	False	truecolor	False
'TrueColor'	'xterm-16color'	'0'	''	-	True	True	True	False	truecolor	False
'TrueColor'	'xterm-16color'	'0'	''	-	False	False	True	False	truecolor	False
'TrueColor'	'xterm-16color'	'0'	''	-	False	True	True	False	truecolor	False
'TrueColor'	'xterm-16color'	'0'	''	''	True	False	True	False	truecolor	False
'TrueColor'	'xterm-16color'	'0'	''	''	True	True	True	False	truecolor	False
'TrueColor'	'xterm-16color'	'0'	''	''	False	False	True	False	truecolor	False
'TrueColor'	'xterm-16color'	'0'	''	''	False	True	True	False	truecolor	False
'TrueColor'	'xterm-16color'	'0'	''	'1'	True	False	True	False	truecolor	True
'TrueColor'	'xterm-16color'	'0'	''	'1'	True	True	True	False	truecolor	True
'TrueColor'	'xterm-16color'	'0'	''	'1'	False	False	True	False	truecolor	True
'TrueColor'	'xterm-16color'	'0'	''	'1'	False	True	True	False	truecolor	True
'TrueColor'	'xterm-16color'	'0'	'0'	-	True	False	False	False	None	False
'TrueColor'	'xterm-16color'	'0'	'0'	-	True	True	True	False	truecolor	False
'TrueColor'	'xterm-16color'	'0'	'0'	-	False	False	False	False	None	False
'TrueColor'	'xterm-16color'	'0'	'0'	-	False	True	True	False	truecolor	False
'TrueColor'	'xterm-16color'	'0'	'0'	''	True	False	False	False	None	False
'TrueColor'	'xterm-16color'	'0'	'0'	''	True	True	True	False	truecolor	False
'TrueColor'	'xterm-16color'	'0'	'0'	''	False	False	False	False	None	False
'TrueColor'	'xterm-16color'	'0'	'0'	''	False	True	True	False	truecolor	False
'TrueColor'	'xterm-16color'	'0'	'0'	'1'	True	False	False	False	None	True
'TrueColor'	'xterm-16color'	'0'	'0'	'1'	True	True	True	False	truecolor	True
'TrueColor'	'xterm-16color'	'0'	'0'	'1'	False	False	False	False	None	True
'TrueColor'	'xterm-16color'	'0'	'0'	'1'	False	True	True	False	truecolor	True
'TrueColor'	'xterm-16color'	'0'	'1'	-	True	False	True	False	truecolor	False
'TrueColor'	'xterm-16color'	'0'	'1'	-	True	True	True	False	truecolor	False
'TrueColor'	'xterm-16color'	'0'	'1'	-	False	False	True	False	truecolor	False
'TrueColor'	'xterm-16color'	'0'	'1'	-	False	True	True	False	truecolor	False
'TrueColor'	'xterm-16color'	'0'	'1'	''	True	False	True	False	truecolor	False
'TrueColor'	'xterm-16color'	'0'	'1'	''	True	True	True	False	truecolor	False
'TrueColor'	'xterm-16color'	'0'	'1'	''	False	False	True	False	truecolor	False
'TrueColor'	'xterm-16color'	'0'	'1'	''	False	True	True	False	truecolor	False
'TrueColor'	'xterm-16color'	'0'	'1'	'1'	True	False	True	False	truecolor	True
'TrueColor'	'xterm-16color'	'0'	'1'	'1'	True	True	True	False	truecolor	True
'TrueColor'	'xterm-16color'	'0'	'1'	'1'	False	False	True	False	truecolor	True
'TrueColor'	'xterm-16color'	'0'	'1'	'1'	False	True	True	False	truecolor	True
'TrueColor'	'kitty'	-	-	-	True	False	True	False	truecolor	False
'TrueColor'	'kitty'	-	-	-	True	True	True	False	truecolor	False
'TrueColor'	'kitty'	-	-	-	False	False	False	False	None	False
'TrueColor'	'kitty'	-	-	-	False	True	True	False	truecolor	False
'TrueColor'	'kitty'	-	-	''	True	False	True	False	truecolor	False
'TrueColor'	'kitty'	-	-	''	True	True	True	False	truecolor	False
'TrueColor'	'kitty'	-	-	''	False	False	False	False	None	False
'TrueColor'	'kitty'	-	-	''	False	True	True	False	truecolor	False
'TrueColor'	'kitty'	-	-	'1'	True	False	True	False	truecolor	True
'TrueColor'	'kitty'	-	-	'1'	True	True	True	False	truecolor	True
'TrueColor'	'kitty'	-	-	'1'	False	False	False	False	None	True
'TrueColor'	'kitty'	-	-	'1'	False	True	True	False	truecolor	True
'TrueColor'	'kitty'	-	''	-	True	False	True	False	truecolor	False
'TrueColor'	'kitty'	-	''	-	True	True	True	False	truecolor	False
'TrueColor'	'kitty'	-	''	-	False	False	False	False	None	False
'TrueColor'	'kitty'	-	''	-	False	True	True	False	truecolor	False
'TrueColor'	'kitty'	-	''	''	True	False	True	False	truecolor	False
'TrueColor'	'kitty'	-	''	''	True	True	True	False	truecolor	False
'TrueColor'	'kitty'	-	''	''	False	False	False	False	None	False
'TrueColor'	'kitty'	-	''	''	False	True	True	False	truecolor	False
'TrueColor'	'kitty'	-	''	'1'	True	False	True	False	truecolor	True
'TrueColor'	'kitty'	-	''	'1'	True	True	True	False	truecolor	True
'TrueColor'	'kitty'	-	''	'1'	False	False	False	False	None	True
'TrueColor'	'kitty'	-	''	'1'	False	True	True	False	truecolor	True
'TrueColor'	'kitty'	-	'0'	-	True	False	False	False	None	False
'TrueColor'	'kitty'	-	'0'	-	True	True	True	False	truecolor	False
'TrueColor'	'kitty'	-	'0'	-	False	False	False	False	None	False
'TrueColor'	'kitty'	-	'0'	-	False	True	True	False	truecolor	False
'TrueColor'	'kitty'	-	'0'	''	True	False	False	False	None	False
'TrueColor'	'kitty'	-	'0'	''	True	True	True	False	truecolor	False
'TrueColor'	'kitty'	-	'0'	''	False	False	False	False	None	False
'TrueColor'	'kitty'	-	'0'	''	False	True	True	False	truecolor	False
'TrueColor'	'kitty'	-	'0'	'1'	True	False	False	False	None	True
'TrueColor'	'kitty'	-	'0'	'1'	True	True	True	False	truecolor	True
'TrueColor'	'kitty'	-	'0'	'1'	False	False	False	False	None	True
'TrueColor'	'kitty'	-	'0'	'1'	False	True	True	False	truecolor	True
'TrueColor'	'kitty'	-	'1'	-	True	False	True	False	truecolor	False
'TrueColor'	'kitty'	-	'1'	-	True	True	True	False	truecolor	False
'TrueColor'	'kitty'	-	'1'	-	False	False	True	False	truecolor	False
'TrueColor'	'kitty'	-	'1'	-	False	True	True	False	truecolor	False
'TrueColor'	'kitty'	-	'1'	''	True	False	True	False	truecolor	False
'TrueColor'	'kitty'	-	'1'	''	True	True	True	False	truecolor	False
'TrueColor'	'kitty'	-	'1'	''	False	False	True	False	truecolor	False
'TrueColor'	'kitty'	-	'1'	''	False	True	True	False	truecolor	False
'TrueColor'	'kitty'	-	'1'	'1'	True	False	True	False	truecolor	True
'TrueColor'	'kitty'	-	'1'	'1'	True	True	True	False	truecolor	True
'TrueColor'	'kitty'	-	'1'	'1'	False	False	True	False	truecolor	True
'TrueColor'	'kitty'	-	'1'	'1'	False	True	True	False	truecolor	True
'TrueColor'	'kitty'	''	-	-	True	False	False	False	None	False
'TrueColor'	'kitty'	''	-	-	True	True	True	False	truecolor	False
'TrueColor'	'kitty'	''	-	-	False	False	False	False	None	False
'TrueColor'	'kitty'	''	-	-	False	True	True	False	truecolor	False
'TrueColor'	'kitty'	''	-	''	True	False	False	False	None	False
'TrueColor'	'kitty'	''	-	''	True	True	True	False	truecolor	False
'TrueColor'	'kitty'	''	-	''	False	False	False	False	None	False
'TrueColor'	'kitty'	''	-	''	False	True	True	False	truecolor	False
'TrueColor'	'kitty'	''	-	'1'	True	False	False	False	None	True
'TrueColor'	'kitty'	''	-	'1'	True	True	True	False	truecolor	True
'TrueColor'	'kitty'	''	-	'1'	False	False	False	False	None	True
'TrueColor'	'kitty'	''	-	'1'	False	True	True	False	truecolor	True
'TrueColor'	'kitty'	''	''	-	True	False	False	False	None	False
'TrueColor'	'kitty'	''	''	-	True	True	True	False	truecolor	False
'TrueColor'	'kitty'	''	''	-	False	False	False	False	None	False
'TrueColor'	'kitty'	''	''	-	False	True	True	False	truecolor	False
'TrueColor'	'kitty'	''	''	''	True	False	False	False	None	False
'TrueColor'	'kitty'	''	''	''	True	True	True	False	truecolor	False
'TrueColor'	'kitty'	''	''	''	False	False	False	False	None	False
'TrueColor'	'kitty'	''	''	''	False	True	True	False	truecolor	False
'TrueColor'	'kitty'	''	''	'1'	True	False	False	False	None	True
'TrueColor'	'kitty'	''	''	'1'	True	True	True	False	truecolor	True
'TrueColor'	'kitty'	''	''	'1'	False	False	False	False	None	True
'TrueColor'	'kitty'	''	''	'1'	False	True	True	False	truecolor	True
'TrueColor'	'kitty'	''	'0'	-	True	False	False	False	None	False
'TrueColor'	'kitty'	''	'0'	-	True	True	True	False	truecolor	False
'TrueColor'	'kitty'	''	'0'	-	False	False	False	False	None	False
'TrueColor'	'kitty'	''	'0'	-	False	True	True	False	truecolor	False
'TrueColor'	'kitty'	''	'0'	''	True	False	False	False	None	False
'TrueColor'	'kitty'	''	'0'	''	True	True	True	False	truecolor	False
'TrueColor'	'kitty'	''	'0'	''	False	False	False	False	None	False
'TrueColor'	'kitty'	''	'0'	''	False	True	True	False	truecolor	False
'TrueColor'	'kitty'	''	'0'	'1'	True	False	False	False	None	True
'TrueColor'	'kitty'	''	'0'	'1'	True	True	True	False	truecolor	True
'TrueColor'	'kitty'	''	'0'	'1'	False	False	False	False	None	True
'TrueColor'	'kitty'	''	'0'	'1'	False	True	True	False	truecolor	True
'TrueColor'	'kitty'	''	'1'	-	True	False	True	False	truecolor	False
'TrueColor'	'kitty'	''	'1'	-	True	True	True	False	truecolor	False
'TrueColor'	'kitty'	''	'1'	-	False	False	True	False	truecolor	False
'TrueColor'	'kitty'	''	'1'	-	False	True	True	False	truecolor	False
'TrueColor'	'kitty'	''	'1'	''	True	False	True	False	truecolor	False
'TrueColor'	'kitty'	''	'1'	''	True	True	True	False	truecolor	False
'TrueColor'	'kitty'	''	'1'	''	False	False	True	False	truecolor	False
'TrueColor'	'kitty'	''	'1'	''	False	True	True	False	truecolor	False
'TrueColor'	'kitty'	''	'1'	'1'	True	False	True	False	truecolor	True
'TrueColor'	'kitty'	''	'1'	'1'	True	True	True	False	truecolor	True
'TrueColor'	'kitty'	''	'1'	'1'	False	False	True	False	truecolor	True
'TrueColor'	'kitty'	''	'1'	'1'	False	True	True	False	truecolor	True
'TrueColor'	'kitty'	'1'	-	-	True	False	True	False	truecolor	False
'TrueColor'	'kitty'	'1'	-	-	True	True	True	False	truecolor	False
'TrueColor'	'kitty'	'1'	-	-	False	False	True	False	truecolor	False
'TrueColor'	'kitty'	'1'	-	-	False	True	True	False	truecolor	False
'TrueColor'	'kitty'	'1'	-	''	True	False	True	False	truecolor	False
'TrueColor'	'kitty'	'1'	-	''	True	True	True	False	truecolor	False
'TrueColor'	'kitty'	'1'	-	''	False	False	True	False	truecolor	False
'TrueColor'	'kitty'	'1'	-	''	False	True	True	False	truecolor	False
'TrueColor'	'kitty'	'1'	-	'1'	True	False	True	False	truecolor	True
'TrueColor'	'kitty'	'1'	-	'1'	True	True	True	False	truecolor	True
'TrueColor'	'kitty'	'1'	-	'1'	False	False	True	False	truecolor	True
'TrueColor'	'kitty'	'1'	-	'1'	False	True	True	False	truecolor	True
'TrueColor'	'kitty'	'1'	''	-	True	False	True	False	truecolor	False
'TrueColor'	'kitty'	'1'	''	-	True	True	True	False	truecolor	False
'TrueColor'	'kitty'	'1'	''	-	False	False	True	False	truecolor	False
'TrueColor'	'kitty'	'1'	''	-	False	True	True	False	truecolor	False
'TrueColor'	'kitty'	'1'	''	''	True	False	True	False	truecolor	False
'TrueColor'	'kitty'	'1'	''	''	True	True	True	False	truecolor	False
'TrueColor'	'kitty'	'1'	''	''	False	False	True	False	truecolor	False
'TrueColor'	'kitty'	'1'	''	''	False	True	True	False	truecolor	False
'TrueColor'	'kitty'	'1'	''	'1'	True	False	True	False	truecolor	True
'TrueColor'	'kitty'	'1'	''	'1'	True	True	True	False	truecolor	True
'TrueColor'	'kitty'	'1'	''	'1'	False	False	True	False	truecolor	True
'TrueColor'	'kitty'	'1'	''	'1'	False	True	True	False	truecolor	True
'TrueColor'	'kitty'	'1'	'0'	-	True	False	False	False	None	False
'TrueColor'	'kitty'	'1'	'0'	-	True	True	True	False	truecolor	False
'TrueColor'	'kitty'	'1'	'0'	-	False	False	False	False	None	False
'TrueColor'	'kitty'	'1'	'0'	-	False	True	True	False	truecolor	False
'TrueColor'	'kitty'	'1'	'0'	''	True	False	False	False	None	False
'TrueColor'	'kitty'	'1'	'0'	''	True	True	True	False	truecolor	False
'TrueColor'	'kitty'	'1'	'0'	''	False	False	False	False	None	False
'TrueColor'	'kitty'	'1'	'0'	''	False	True	True	False	truecolor	False
'TrueColor'	'kitty'	'1'	'0'	'1'	True	False	False	False	None	True
'TrueColor'	'kitty'	'1'	'0'	'1'	True	True	True	False	truecolor	True
'TrueColor'	'kitty'	'1'	'0'	'1'	False	False	False	False	None	True
'TrueColor'	'kitty'	'1'	'0'	'1'	False	True	True	False	truecolor	True
'TrueColor'	'kitty'	'1'	'1'	-	True	False	True	False	truecolor	False
'TrueColor'	'kitty'	'1'	'1'	-	True	True	True	False	truecolor	False
'TrueColor'	'kitty'	'1'	'1'	-	False	False	True	False	truecolor	False
'TrueColor'	'kitty'	'1'	'1'	-	False	True	True	False	truecolor	False
'TrueColor'	'kitty'	'1'	'1'	''	True	False	True	False	truecolor	False
'TrueColor'	'kitty'	'1'	'1'	''	True	True	True	False	truecolor	False
'TrueColor'	'kitty'	'1'	'1'	''	False	False	True	False	truecolor	False
'TrueColor'	'kitty'	'1'	'1'	''	False	True	True	False	truecolor	False
'TrueColor'	'kitty'	'1'	'1'	'1'	True	False	True	False	truecolor	True
'TrueColor'	'kitty'	'1'	'1'	'1'	True	True	True	False	truecolor	True
'TrueColor'	'kitty'	'1'	'1'	'1'	False	False	True	False	truecolor	True
'TrueColor'	'kitty'	'1'	'1'	'1'	False	True	True	False	truecolor	True
'TrueColor'	'kitty'	'0'	-	-	True	False	True	False	truecolor	False
'TrueColor'	'kitty'	'0'	-	-	True	True	True	False	truecolor	False
'TrueColor'	'kitty'	'0'	-	-	False	False	True	False	truecolor	False
'TrueColor'	'kitty'	'0'	-	-	False	True	True	False	truecolor	False
'TrueColor'	'kitty'	'0'	-	''	True	False	True	False	truecolor	False
'TrueColor'	'kitty'	'0'	-	''	True	True	True	False	truecolor	False
'TrueColor'	'kitty'	'0'	-	''	False	False	True	False	truecolor	False
'TrueColor'	'kitty'	'0'	-	''	False	True	True	False	truecolor	False
'TrueColor'	'kitty'	'0'	-	'1'	True	False	True	False	truecolor	True
'TrueColor'	'kitty'	'0'	-	'1'	True	True	True	False	truecolor	True
'TrueColor'	'kitty'	'0'	-	'1'	False	False	True	False	truecolor	True
'TrueColor'	'kitty'	'0'	-	'1'	False	True	True	False	truecolor	True
'TrueColor'	'kitty'	'0'	''	-	True	False	True	False	truecolor	False
'TrueColor'	'kitty'	'0'	''	-	True	True	True	False	truecolor	False
'TrueColor'	'kitty'	'0'	''	-	False	False	True	False	truecolor	False
'TrueColor'	'kitty'	'0'	''	-	False	True	True	False	truecolor	False
'TrueColor'	'kitty'	'0'	''	''	True	False	True	False	truecolor	False
'TrueColor'	'kitty'	'0'	''	''	True	True	True	False	truecolor	False
'TrueColor'	'kitty'	'0'	''	''	False	False	True	False	truecolor	False
'TrueColor'	'kitty'	'0'	''	''	False	True	True	False	truecolor	False
'TrueColor'	'kitty'	'0'	''	'1'	True	False	True	False	truecolor	True
'TrueColor'	'kitty'	'0'	''	'1'	True	True	True	False	truecolor	True
'TrueColor'	'kitty'	'0'	''	'1'	False	False	True	False	truecolor	True
'TrueColor'	'kitty'	'0'	''	'1'	False	True	True	False	truecolor	True
'TrueColor'	'kitty'	'0'	'0'	-	True	False	False	False	None	False
'TrueColor'	'kitty'	'0'	'0'	-	True	True	True	False	truecolor	False
'TrueColor'	'kitty'	'0'	'0'	-	False	False	False	False	None	False
'TrueColor'	'kitty'	'0'	'0'	-	False	True	True	False	truecolor	False
'TrueColor'	'kitty'	'0'	'0'	''	True	False	False	False	None	False
'TrueColor'	'kitty'	'0'	'0'	''	True	True	True	False	truecolor	False
'TrueColor'	'kitty'	'0'	'0'	''	False	False	False	False	None	False
'TrueColor'	'kitty'	'0'	'0'	''	False	True	True	False	truecolor	False
'TrueColor'	'kitty'	'0'	'0'	'1'	True	False	False	False	None	True
'TrueColor'	'kitty'	'0'	'0'	'1'	True	True	True	False	truecolor	True
'TrueColor'	'kitty'	'0'	'0'	'1'	False	False	False	False	None	True
'TrueColor'	'kitty'	'0'	'0'	'1'	False	True	True	False	truecolor	True
'TrueColor'	'kitty'	'0'	'1'	-	True	False	True	False	truecolor	False
'TrueColor'	'kitty'	'0'	'1'	-	True	True	True	False	truecolor	False
'TrueColor'	'kitty'	'0'	'1'	-	False	False	True	False	truecolor	False
'TrueColor'	'kitty'	'0'	'1'	-	False	True	True	False	truecolor	False
'TrueColor'	'kitty'	'0'	'1'	''	True	False	True	False	truecolor	False
'TrueColor'	'kitty'	'0'	'1'	''	True	True	True	False	truecolor	False
'TrueColor'	'kitty'	'0'	'1'	''	False	False	True	False	truecolor	False
'TrueColor'	'kitty'	'0'	'1'	''	False	True	True	False	truecolor	False
'TrueColor'	'kitty'	'0'	'1'	'1'	True	False	True	False	truecolor	True
'TrueColor'	'kitty'	'0'	'1'	'1'	True	True	True	False	truecolor	True
'TrueColor'	'kitty'	'0'	'1'	'1'	False	False	True	False	truecolor	True
'TrueColor'	'kitty'	'0'	'1'	'1'	False	True	True	False	truecolor	True
'TrueColor'	'screen-256color'	-	-	-	True	False	True	False	truecolor	False
'TrueColor'	'screen-256color'	-	-	-	True	True	True	False	truecolor	False
'TrueColor'	'screen-256color'	-	-	-	False	False	False	False	None	False
'TrueColor'	'screen-256color'	-	-	-	False	True	True	False	truecolor	False
'TrueColor'	'screen-256color'	-	-	''	True	False	True	False	truecolor	False
'TrueColor'	'screen-256color'	-	-	''	True	True	True	False	truecolor	False
'TrueColor'	'screen-256color'	-	-	''	False	False	False	False	None	False
'TrueColor'	'screen-256color'	-	-	''	False	True	True	False	truecolor	False
'TrueColor'	'screen-256color'	-	-	'1'	True	False	True	False	truecolor	True
'TrueColor'	'screen-256color'	-	-	'1'	True	True	True	False	truecolor	True
'TrueColor'	'screen-256color'	-	-	'1'	False	False	False	False	None	True
'TrueColor'	'screen-256color'	-	-	'1'	False	True	True	False	truecolor	True
'TrueColor'	'screen-256color'	-	''	-	True	False	True	False	truecolor	False
'TrueColor'	'screen-256color'	-	''	-	True	True	True	False	truecolor	False
'TrueColor'	'screen-256color'	-	''	-	False	False	False	False	None	False
'TrueColor'	'screen-256color'	-	''	-	False	True	True	False	truecolor	False
'TrueColor'	'screen-256color'	-	''	''	True	False	True	False	truecolor	False
'TrueColor'	'screen-256color'	-	''	''	True	True	True	False	truecolor	False
'TrueColor'	'screen-256color'	-	''	''	False	False	False	False	None	False
'TrueColor'	'screen-256color'	-	''	''	False	True	True	False	truecolor	False
'TrueColor'	'screen-256color'	-	''	'1'	True	False	True	False	truecolor	True
'TrueColor'	'screen-256color'	-	''	'1'	True	True	True	False	truecolor	True
'TrueColor'	'screen-256color'	-	''	'1'	False	False	False	False	None	True
'TrueColor'	'screen-256color'	-	''	'1'	False	True	True	False	truecolor	True
'TrueColor'	'screen-256color'	-	'0'	-	True	False	False	False	None	False
'TrueColor'	'screen-256color'	-	'0'	-	True	True	True	False	truecolor	False
'TrueColor'	'screen-256color'	-	'0'	-	False	False	False	False	None	False
'TrueColor'	'screen-256color'	-	'0'	-	False	True	True	False	truecolor	False
'TrueColor'	'screen-256color'	-	'0'	''	True	False	False	False	None	False
'TrueColor'	'screen-256color'	-	'0'	''	True	True	True	False	truecolor	False
'TrueColor'	'screen-256color'	-	'0'	''	False	False	False	False	None	False
'TrueColor'	'screen-256color'	-	'0'	''	False	True	True	False	truecolor	False
'TrueColor'	'screen-256color'	-	'0'	'1'	True	False	False	False	None	True
'TrueColor'	'screen-256color'	-	'0'	'1'	True	True	True	False	truecolor	True
'TrueColor'	'screen-256color'	-	'0'	'1'	False	False	False	False	None	True
'TrueColor'	'screen-256color'	-	'0'	'1'	False	True	True	False	truecolor	True
'TrueColor'	'screen-256color'	-	'1'	-	True	False	True	False	truecolor	False
'TrueColor'	'screen-256color'	-	'1'	-	True	True	True	False	truecolor	False
'TrueColor'	'screen-256color'	-	'1'	-	False	False	True	False	truecolor	False
'TrueColor'	'screen-256color'	-	'1'	-	False	True	True	False	truecolor	False
'TrueColor'	'screen-256color'	-	'1'	''	True	False	True	False	truecolor	False
'TrueColor'	'screen-256color'	-	'1'	''	True	True	True	False	truecolor	False
'TrueColor'	'screen-256color'	-	'1'	''	False	False	True	False	truecolor	False
'TrueColor'	'screen-256color'	-	'1'	''	False	True	True	False	truecolor	False
'TrueColor'	'screen-256color'	-	'1'	'1'	True	False	True	False	truecolor	True
'TrueColor'	'screen-256color'	-	'1'	'1'	True	True	True	False	truecolor	True
'TrueColor'	'screen-256color'	-	'1'	'1'	False	False	True	False	truecolor	True
'TrueColor'	'screen-256color'	-	'1'	'1'	False	True	True	False	truecolor	True
'TrueColor'	'screen-256color'	''	-	-	True	False	False	False	None	False
'TrueColor'	'screen-256color'	''	-	-	True	True	True	False	truecolor	False
'TrueColor'	'screen-256color'	''	-	-	False	False	False	False	None	False
'TrueColor'	'screen-256color'	''	-	-	False	True	True	False	truecolor	False
'TrueColor'	'screen-256color'	''	-	''	True	False	False	False	None	False
'TrueColor'	'screen-256color'	''	-	''	True	True	True	False	truecolor	False
'TrueColor'	'screen-256color'	''	-	''	False	False	False	False	None	False
'TrueColor'	'screen-256color'	''	-	''	False	True	True	False	truecolor	False
'TrueColor'	'screen-256color'	''	-	'1'	True	False	False	False	None	True
'TrueColor'	'screen-256color'	''	-	'1'	True	True	True	False	truecolor	True
'TrueColor'	'screen-256color'	''	-	'1'	False	False	False	False	None	True
'TrueColor'	'screen-256color'	''	-	'1'	False	True	True	False	truecolor	True
'TrueColor'	'screen-256color'	''	''	-	True	False	False	False	None	False
'TrueColor'	'screen-256color'	''	''	-	True	True	True	False	truecolor	False
'TrueColor'	'screen-256color'	''	''	-	False	False	False	False	None	False
'TrueColor'	'screen-256color'	''	''	-	False	True	True	False	truecolor	False
'TrueColor'	'screen-256color'	''	''	''	True	False	False	False	None	False
'TrueColor'	'screen-256color'	''	''	''	True	True	True	False	truecolor	False
'TrueColor'	'screen-256color'	''	''	''	False	False	False	False	None	False
'TrueColor'	'screen-256color'	''	''	''	False	True	True	False	truecolor	False
'TrueColor'	'screen-256color'	''	''	'1'	True	False	False	False	None	True
'TrueColor'	'screen-256color'	''	''	'1'	True	True	True	False	truecolor	True
'TrueColor'	'screen-256color'	''	''	'1'	False	False	False	False	None	True
'TrueColor'	'screen-256color'	''	''	'1'	False	True	True	False	truecolor	True
'TrueColor'	'screen-256color'	''	'0'	-	True	False	False	False	None	False
'TrueColor'	'screen-256color'	''	'0'	-	True	True	True	False	truecolor	False
'TrueColor'	'screen-256color'	''	'0'	-	False	False	False	False	None	False
'TrueColor'	'screen-256color'	''	'0'	-	False	True	True	False	truecolor	False
'TrueColor'	'screen-256color'	''	'0'	''	True	False	False	False	None	False
'TrueColor'	'screen-256color'	''	'0'	''	True	True	True	False	truecolor	False
'TrueColor'	'screen-256color'	''	'0'	''	False	False	False	False	None	False
'TrueColor'	'screen-256color'	''	'0'	''	False	True	True	False	truecolor	False
'TrueColor'	'screen-256color'	''	'0'	'1'	True	False	False	False	None	True
'TrueColor'	'screen-256color'	''	'0'	'1'	True	True	True	False	truecolor	True
'TrueColor'	'screen-256color'	''	'0'	'1'	False	False	False	False	None	True
'TrueColor'	'screen-256color'	''	'0'	'1'	False	True	True	False	truecolor	True
'TrueColor'	'screen-256color'	''	'1'	-	True	False	True	False	truecolor	False
'TrueColor'	'screen-256color'	''	'1'	-	True	True	True	False	truecolor	False
'TrueColor'	'screen-256color'	''	'1'	-	False	False	True	False	truecolor	False
'TrueColor'	'screen-256color'	''	'1'	-	False	True	True	False	truecolor	False
'TrueColor'	'screen-256color'	''	'1'	''	True	False	True	False	truecolor	False
'TrueColor'	'screen-256color'	''	'1'	''	True	True	True	False	truecolor	False
'TrueColor'	'screen-256color'	''	'1'	''	False	False	True	False	truecolor	False
'TrueColor'	'screen-256color'	''	'1'	''	False	True	True	False	truecolor	False
'TrueColor'	'screen-256color'	''	'1'	'1'	True	False	True	False	truecolor	True
'TrueColor'	'screen-256color'	''	'1'	'1'	True	True	True	False	truecolor	True
'TrueColor'	'screen-256color'	''	'1'	'1'	False	False	True	False	truecolor	True
'TrueColor'	'screen-256color'	''	'1'	'1'	False	True	True	False	truecolor	True
'TrueColor'	'screen-256color'	'1'	-	-	True	False	True	False	truecolor	False
'TrueColor'	'screen-256color'	'1'	-	-	True	True	True	False	truecolor	False
'TrueColor'	'screen-256color'	'1'	-	-	False	False	True	False	truecolor	False
'TrueColor'	'screen-256color'	'1'	-	-	False	True	True	False	truecolor	False
'TrueColor'	'screen-256color'	'1'	-	''	True	False	True	False	truecolor	False
'TrueColor'	'screen-256color'	'1'	-	''	True	True	True	False	truecolor	False
'TrueColor'	'screen-256color'	'1'	-	''	False	False	True	False	truecolor	False
'TrueColor'	'screen-256color'	'1'	-	''	False	True	True	False	truecolor	False
'TrueColor'	'screen-256color'	'1'	-	'1'	True	False	True	False	truecolor	True
'TrueColor'	'screen-256color'	'1'	-	'1'	True	True	True	False	truecolor	True
'TrueColor'	'screen-256color'	'1'	-	'1'	False	False	True	False	truecolor	True
'TrueColor'	'screen-256color'	'1'	-	'1'	False	True	True	False	truecolor	True
'TrueColor'	'screen-256color'	'1'	''	-	True	False	True	False	truecolor	False
'TrueColor'	'screen-256color'	'1'	''	-	True	True	True	False	truecolor	False
'TrueColor'	'screen-256color'	'1'	''	-	False	False	True	False	truecolor	False
'TrueColor'	'screen-256color'	'1'	''	-	False	True	True	False	truecolor	False
'TrueColor'	'screen-256color'	'1'	''	''	True	False	True	False	truecolor	False
'TrueColor'	'screen-256color'	'1'	''	''	True	True	True	False	truecolor	False
'TrueColor'	'screen-256color'	'1'	''	''	False	False	True	False	truecolor	False
'TrueColor'	'screen-256color'	'1'	''	''	False	True	True	False	truecolor	False
'TrueColor'	'screen-256color'	'1'	''	'1'	True	False	True	False	truecolor	True
'TrueColor'	'screen-256color'	'1'	''	'1'	True	True	True	False	truecolor	True
'TrueColor'	'screen-256color'	'1'	''	'1'	False	False	True	False	truecolor	True
'TrueColor'	'screen-256color'	'1'	''	'1'	False	True	True	False	truecolor	True
'TrueColor'	'screen-256color'	'1'	'0'	-	True	False	False	False	None	False
'TrueColor'	'screen-256color'	'1'	'0'	-	True	True	True	False	truecolor	False
'TrueColor'	'screen-256color'	'1'	'0'	-	False	False	False	False	None	False
'TrueColor'	'screen-256color'	'1'	'0'	-	False	True	True	False	truecolor	False
'TrueColor'	'screen-256color'	'1'	'0'	''	True	False	False	False	None	False
'TrueColor'	'screen-256color'	'1'	'0'	''	True	True	True	False	truecolor	False
'TrueColor'	'screen-256color'	'1'	'0'	''	False	False	False	False	None	False
'TrueColor'	'screen-256color'	'1'	'0'	''	False	True	True	False	truecolor	False
'TrueColor'	'screen-256color'	'1'	'0'	'1'	True	False	False	False	None	True
'TrueColor'	'screen-256color'	'1'	'0'	'1'	True	True	True	False	truecolor	True
'TrueColor'	'screen-256color'	'1'	'0'	'1'	False	False	False	False	None	True
'TrueColor'	'screen-256color'	'1'	'0'	'1'	False	True	True	False	truecolor	True
'TrueColor'	'screen-256color'	'1'	'1'	-	True	False	True	False	truecolor	False
'TrueColor'	'screen-256color'	'1'	'1'	-	True	True	True	False	truecolor	False
'TrueColor'	'screen-256color'	'1'	'1'	-	False	False	True	False	truecolor	False
'TrueColor'	'screen-256color'	'1'	'1'	-	False	True	True	False	truecolor	False
'TrueColor'	'screen-256color'	'1'	'1'	''	True	False	True	False	truecolor	False
'TrueColor'	'screen-256color'	'1'	'1'	''	True	True	True	False	truecolor	False
'TrueColor'	'screen-256color'	'1'	'1'	''	False	False	True	False	truecolor	False
'TrueColor'	'screen-256color'	'1'	'1'	''	False	True	True	False	truecolor	False
'TrueColor'	'screen-256color'	'1'	'1'	'1'	True	False	True	False	truecolor	True
'TrueColor'	'screen-256color'	'1'	'1'	'1'	True	True	True	False	truecolor	True
'TrueColor'	'screen-256color'	'1'	'1'	'1'	False	False	True	False	truecolor	True
'TrueColor'	'screen-256color'	'1'	'1'	'1'	False	True	True	False	truecolor	True
'TrueColor'	'screen-256color'	'0'	-	-	True	False	True	False	truecolor	False
'TrueColor'	'screen-256color'	'0'	-	-	True	True	True	False	truecolor	False
'TrueColor'	'screen-256color'	'0'	-	-	False	False	True	False	truecolor	False
'TrueColor'	'screen-256color'	'0'	-	-	False	True	True	False	truecolor	False
'TrueColor'	'screen-256color'	'0'	-	''	True	False	True	False	truecolor	False
'TrueColor'	'screen-256color'	'0'	-	''	True	True	True	False	truecolor	False
'TrueColor'	'screen-256color'	'0'	-	''	False	False	True	False	truecolor	False
'TrueColor'	'screen-256color'	'0'	-	''	False	True	True	False	truecolor	False
'TrueColor'	'screen-256color'	'0'	-	'1'	True	False	True	False	truecolor	True
'TrueColor'	'screen-256color'	'0'	-	'1'	True	True	True	False	truecolor	True
'TrueColor'	'screen-256color'	'0'	-	'1'	False	False	True	False	truecolor	True
'TrueColor'	'screen-256color'	'0'	-	'1'	False	True	True	False	truecolor	True
'TrueColor'	'screen-256color'	'0'	''	-	True	False	True	False	truecolor	False
'TrueColor'	'screen-256color'	'0'	''	-	True	True	True	False	truecolor	False
'TrueColor'	'screen-256color'	'0'	''	-	False	False	True	False	truecolor	False
'TrueColor'	'screen-256color'	'0'	''	-	False	True	True	False	truecolor	False
'TrueColor'	'screen-256color'	'0'	''	''	True	False	True	False	truecolor	False
'TrueColor'	'screen-256color'	'0'	''	''	True	True	True	False	truecolor	False
'TrueColor'	'screen-256color'	'0'	''	''	False	False	True	False	truecolor	False
'TrueColor'	'screen-256color'	'0'	''	''	False	True	True	False	truecolor	False
'TrueColor'	'screen-256color'	'0'	''	'1'	True	False	True	False	truecolor	True
'TrueColor'	'screen-256color'	'0'	''	'1'	True	True	True	False	truecolor	True
'TrueColor'	'screen-256color'	'0'	''	'1'	False	False	True	False	truecolor	True
'TrueColor'	'screen-256color'	'0'	''	'1'	False	True	True	False	truecolor	True
'TrueColor'	'screen-256color'	'0'	'0'	-	True	False	False	False	None	False
'TrueColor'	'screen-256color'	'0'	'0'	-	True	True	True	False	truecolor	False
'TrueColor'	'screen-256color'	'0'	'0'	-	False	False	False	False	None	False
'TrueColor'	'screen-256color'	'0'	'0'	-	False	True	True	False	truecolor	False
'TrueColor'	'screen-256color'	'0'	'0'	''	True	False	False	False	None	False
'TrueColor'	'screen-256color'	'0'	'0'	''	True	True	True	False	truecolor	False
'TrueColor'	'screen-256color'	'0'	'0'	''	False	False	False	False	None	False
'TrueColor'	'screen-256color'	'0'	'0'	''	False	True	True	False	truecolor	False
'TrueColor'	'screen-256color'	'0'	'0'	'1'	True	False	False	False	None	True
'TrueColor'	'screen-256color'	'0'	'0'	'1'	True	True	True	False	truecolor	True
'TrueColor'	'screen-256color'	'0'	'0'	'1'	False	False	False	False	None	True
'TrueColor'	'screen-256color'	'0'	'0'	'1'	False	True	True	False	truecolor	True
'TrueColor'	'screen-256color'	'0'	'1'	-	True	False	True	False	truecolor	False
'TrueColor'	'screen-256color'	'0'	'1'	-	True	True	True	False	truecolor	False
'TrueColor'	'screen-256color'	'0'	'1'	-	False	False	True	False	truecolor	False
'TrueColor'	'screen-256color'	'0'	'1'	-	False	True	True	False	truecolor	False
'TrueColor'	'screen-256color'	'0'	'1'	''	True	False	True	False	truecolor	False
'TrueColor'	'screen-256color'	'0'	'1'	''	True	True	True	False	truecolor	False
'TrueColor'	'screen-256color'	'0'	'1'	''	False	False	True	False	truecolor	False
'TrueColor'	'screen-256color'	'0'	'1'	''	False	True	True	False	truecolor	False
'TrueColor'	'screen-256color'	'0'	'1'	'1'	True	False	True	False	truecolor	True
'TrueColor'	'screen-256color'	'0'	'1'	'1'	True	True	True	False	truecolor	True
'TrueColor'	'screen-256color'	'0'	'1'	'1'	False	False	True	False	truecolor	True
'TrueColor'	'screen-256color'	'0'	'1'	'1'	False	True	True	False	truecolor	True
' truecolor '	-	-	-	-	True	False	True	False	truecolor	False
' truecolor '	-	-	-	-	True	True	True	False	truecolor	False
' truecolor '	-	-	-	-	False	False	False	False	None	False
' truecolor '	-	-	-	-	False	True	True	False	truecolor	False
' truecolor '	-	-	-	''	True	False	True	False	truecolor	False
' truecolor '	-	-	-	''	True	True	True	False	truecolor	False
' truecolor '	-	-	-	''	False	False	False	False	None	False
' truecolor '	-	-	-	''	False	True	True	False	truecolor	False
' truecolor '	-	-	-	'1'	True	False	True	False	truecolor	True
' truecolor '	-	-	-	'1'	True	True	True	False	truecolor	True
' truecolor '	-	-	-	'1'	False	False	False	False	None	True
' truecolor '	-	-	-	'1'	False	True	True	False	truecolor	True
' truecolor '	-	-	''	-	True	False	True	False	truecolor	False
' truecolor '	-	-	''	-	True	True	True	False	truecolor	False
' truecolor '	-	-	''	-	False	False	False	False	None	False
' truecolor '	-	-	''	-	False	True	True	False	truecolor	False
' truecolor '	-	-	''	''	True	False	True	False	truecolor	False
' truecolor '	-	-	''	''	True	True	True	False	truecolor	False
' truecolor '	-	-	''	''	False	False	False	False	None	False
' truecolor '	-	-	''	''	False	True	True	False	truecolor	False
' truecolor '	-	-	''	'1'	True	False	True	False	truecolor	True
' truecolor '	-	-	''	'1'	True	True	True	False	truecolor	True
' truecolor '	-	-	''	'1'	False	False	False	False	None	True
' truecolor '	-	-	''	'1'	False	True	True	False	truecolor	True
' truecolor '	-	-	'0'	-	True	False	False	False	None	False
' truecolor '	-	-	'0'	-	True	True	True	False	truecolor	False
' truecolor '	-	-	'0'	-	False	False	False	False	None	False
' truecolor '	-	-	'0'	-	False	True	True	False	truecolor	False
' truecolor '	-	-	'0'	''	True	False	False	False	None	False
' truecolor '	-	-	'0'	''	True	True	True	False	truecolor	False
' truecolor '	-	-	'0'	''	False	False	False	False	None	False
' truecolor '	-	-	'0'	''	False	True	True	False	truecolor	False
' truecolor '	-	-	'0'	'1'	True	False	False	False	None	True
' truecolor '	-	-	'0'	'1'	True	True	True	False	truecolor	True
' truecolor '	-	-	'0'	'1'	False	False	False	False	None	True
' truecolor '	-	-	'0'	'1'	False	True	True	False	truecolor	True
' truecolor '	-	-	'1'	-	True	False	True	False	truecolor	False
' truecolor '	-	-	'1'	-	True	True	True	False	truecolor	False
' truecolor '	-	-	'1'	-	False	False	True	False	truecolor	False
' truecolor '	-	-	'1'	-	False	True	True	False	truecolor	False
' truecolor '	-	-	'1'	''	True	False	True	False	truecolor	False
' truecolor '	-	-	'1'	''	True	True	True	False	truecolor	False
' truecolor '	-	-	'1'	''	False	False	True	False	truecolor	False
' truecolor '	-	-	'1'	''	False	True	True	False	truecolor	False
' truecolor '	-	-	'1'	'1'	True	False	True	False	truecolor	True
' truecolor '	-	-	'1'	'1'	True	True	True	False	truecolor	True
' truecolor '	-	-	'1'	'1'	False	False	True	False	truecolor	True
' truecolor '	-	-	'1'	'1'	False	True	True	False	truecolor	True
' truecolor '	-	''	-	-	True	False	False	False	None	False
' truecolor '	-	''	-	-	True	True	True	False	truecolor	False
' truecolor '	-	''	-	-	False	False	False	False	None	False
' truecolor '	-	''	-	-	False	True	True	False	truecolor	False
' truecolor '	-	''	-	''	True	False	False	False	None	False
' truecolor '	-	''	-	''	True	True	True	False	truecolor	False
' truecolor '	-	''	-	''	False	False	False	False	None	False
' truecolor '	-	''	-	''	False	True	True	False	truecolor	False
' truecolor '	-	''	-	'1'	True	False	False	False	None	True
' truecolor '	-	''	-	'1'	True	True	True	False	truecolor	True
' truecolor '	-	''	-	'1'	False	False	False	False	None	True
' truecolor '	-	''	-	'1'	False	True	True	False	truecolor	True
' truecolor '	-	''	''	-	True	False	False	False	None	False
' truecolor '	-	''	''	-	True	True	True	False	truecolor	False
' truecolor '	-	''	''	-	False	False	False	False	None	False
' truecolor '	-	''	''	-	False	True	True	False	truecolor	False
' truecolor '	-	''	''	''	True	False	False	False	None	False
' truecolor '	-	''	''	''	True	True	True	False	truecolor	False
' truecolor '	-	''	''	''	False	False	False	False	None	False
' truecolor '	-	''	''	''	False	True	True	False	truecolor	False
' truecolor '	-	''	''	'1'	True	False	False	False	None	True
' truecolor '	-	''	''	'1'	True	True	True	False	truecolor	True
' truecolor '	-	''	''	'1'	False	False	False	False	None	True
' truecolor '	-	''	''	'1'	False	True	True	False	truecolor	True
' truecolor '	-	''	'0'	-	True	False	False	False	None	False
' truecolor '	-	''	'0'	-	True	True	True	False	truecolor	False
' truecolor '	-	''	'0'	-	False	False	False	False	None	False
' truecolor '	-	''	'0'	-	False	True	True	False	truecolor	False
' truecolor '	-	''	'0'	''	True	False	False	False	None	False
' truecolor '	-	''	'0'	''	True	True	True	False	truecolor	False
' truecolor '	-	''	'0'	''	False	False	False	False	None	False
' truecolor '	-	''	'0'	''	False	True	True	False	truecolor	False
' truecolor '	-	''	'0'	'1'	True	False	False	False	None	True
' truecolor '	-	''	'0'	'1'	True	True	True	False	truecolor	True
' truecolor '	-	''	'0'	'1'	False	False	False	False	None	True
' truecolor '	-	''	'0'	'1'	False	True	True	False	truecolor	True
' truecolor '	-	''	'1'	-	True	False	True	False	truecolor	False
' truecolor '	-	''	'1'	-	True	True	True	False	truecolor	False
' truecolor '	-	''	'1'	-	False	False	True	False	truecolor	False
' truecolor '	-	''	'1'	-	False	True	True	False	truecolor	False
' truecolor '	-	''	'1'	''	True	False	True	False	truecolor	False
' truecolor '	-	''	'1'	''	True	True	True	False	truecolor	False
' truecolor '	-	''	'1'	''	False	False	True	False	truecolor	False
' truecolor '	-	''	'1'	''	False	True	True	False	truecolor	False
' truecolor '	-	''	'1'	'1'	True	False	True	False	truecolor	True
' truecolor '	-	''	'1'	'1'	True	True	True	False	truecolor	True
' truecolor '	-	''	'1'	'1'	False	False	True	False	truecolor	True
' truecolor '	-	''	'1'	'1'	False	True	True	False	truecolor	True
' truecolor '	-	'1'	-	-	True	False	True	False	truecolor	False
' truecolor '	-	'1'	-	-	True	True	True	False	truecolor	False
' truecolor '	-	'1'	-	-	False	False	True	False	truecolor	False
' truecolor '	-	'1'	-	-	False	True	True	False	truecolor	False
' truecolor '	-	'1'	-	''	True	False	True	False	truecolor	False
' truecolor '	-	'1'	-	''	True	True	True	False	truecolor	False
' truecolor '	-	'1'	-	''	False	False	True	False	truecolor	False
' truecolor '	-	'1'	-	''	False	True	True	False	truecolor	False
' truecolor '	-	'1'	-	'1'	True	False	True	False	truecolor	True
' truecolor '	-	'1'	-	'1'	True	True	True	False	truecolor	True
' truecolor '	-	'1'	-	'1'	False	False	True	False	truecolor	True
' truecolor '	-	'1'	-	'1'	False	True	True	False	truecolor	True
' truecolor '	-	'1'	''	-	True	False	True	False	truecolor	False
' truecolor '	-	'1'	''	-	True	True	True	False	truecolor	False
' truecolor '	-	'1'	''	-	False	False	True	False	truecolor	False
' truecolor '	-	'1'	''	-	False	True	True	False	truecolor	False
' truecolor '	-	'1'	''	''	True	False	True	False	truecolor	False
' truecolor '	-	'1'	''	''	True	True	True	False	truecolor	False
' truecolor '	-	'1'	''	''	False	False	True	False	truecolor	False
' truecolor '	-	'1'	''	''	False	True	True	False	truecolor	False
' truecolor '	-	'1'	''	'1'	True	False	True	False	truecolor	True
' truecolor '	-	'1'	''	'1'	True	True	True	False	truecolor	True
' truecolor '	-	'1'	''	'1'	False	False	True	False	truecolor	True
' truecolor '	-	'1'	''	'1'	False	True	True	False	truecolor	True
' truecolor '	-	'1'	'0'	-	True	False	False	False	None	False
' truecolor '	-	'1'	'0'	-	True	True	True	False	truecolor	False
' truecolor '	-	'1'	'0'	-	False	False	False	False	None	False
' truecolor '	-	'1'	'0'	-	False	True	True	False	truecolor	False
' truecolor '	-	'1'	'0'	''	True	False	False	False	None	False
' truecolor '	-	'1'	'0'	''	True	True	True	False	truecolor	False
' truecolor '	-	'1'	'0'	''	False	False	False	False	None	False
' truecolor '	-	'1'	'0'	''	False	True	True	False	truecolor	False
' truecolor '	-	'1'	'0'	'1'	True	False	False	False	None	True
' truecolor '	-	'1'	'0'	'1'	True	True	True	False	truecolor	True
' truecolor '	-	'1'	'0'	'1'	False	False	False	False	None	True
' truecolor '	-	'1'	'0'	'1'	False	True	True	False	truecolor	True
' truecolor '	-	'1'	'1'	-	True	False	True	False	truecolor	False
' truecolor '	-	'1'	'1'	-	True	True	True	False	truecolor	False
' truecolor '	-	'1'	'1'	-	False	False	True	False	truecolor	False
' truecolor '	-	'1'	'1'	-	False	True	True	False	truecolor	False
' truecolor '	-	'1'	'1'	''	True	False	True	False	truecolor	False
' truecolor '	-	'1'	'1'	''	True	True	True	False	truecolor	False
' truecolor '	-	'1'	'1'	''	False	False	True	False	truecolor	False
' truecolor '	-	'1'	'1'	''	False	True	True	False	truecolor	False
' truecolor '	-	'1'	'1'	'1'	True	False	True	False	truecolor	True
' truecolor '	-	'1'	'1'	'1'	True	True	True	False	truecolor	True
' truecolor '	-	'1'	'1'	'1'	False	False	True	False	truecolor	True
' truecolor '	-	'1'	'1'	'1'	False	True	True	False	truecolor	True
' truecolor '	-	'0'	-	-	True	False	True	False	truecolor	False
' truecolor '	-	'0'	-	-	True	True	True	False	truecolor	False
' truecolor '	-	'0'	-	-	False	False	True	False	truecolor	False
' truecolor '	-	'0'	-	-	False	True	True	False	truecolor	False
' truecolor '	-	'0'	-	''	True	False	True	False	truecolor	False
' truecolor '	-	'0'	-	''	True	True	True	False	truecolor	False
' truecolor '	-	'0'	-	''	False	False	True	False	truecolor	False
' truecolor '	-	'0'	-	''	False	True	True	False	truecolor	False
' truecolor '	-	'0'	-	'1'	True	False	True	False	truecolor	True
' truecolor '	-	'0'	-	'1'	True	True	True	False	truecolor	True
' truecolor '	-	'0'	-	'1'	False	False	True	False	truecolor	True
' truecolor '	-	'0'	-	'1'	False	True	True	False	truecolor	True
' truecolor '	-	'0'	''	-	True	False	True	False	truecolor	False
' truecolor '	-	'0'	''	-	True	True	True	False	truecolor	False
' truecolor '	-	'0'	''	-	False	False	True	False	truecolor	False
' truecolor '	-	'0'	''	-	False	True	True	False	truecolor	False
' truecolor '	-	'0'	''	''	True	False	True	False	truecolor	False
' truecolor '	-	'0'	''	''	True	True	True	False	truecolor	False
' truecolor '	-	'0'	''	''	False	False	True	False	truecolor	False
' truecolor '	-	'0'	''	''	False	True	True	False	truecolor	False
' truecolor '	-	'0'	''	'1'	True	False	True	False	truecolor	True
' truecolor '	-	'0'	''	'1'	True	True	True	False	truecolor	True
' truecolor '	-	'0'	''	'1'	False	False	True	False	truecolor	True
' truecolor '	-	'0'	''	'1'	False	True	True	False	truecolor	True
' truecolor '	-	'0'	'0'	-	True	False	False	False	None	False
' truecolor '	-	'0'	'0'	-	True	True	True	False	truecolor	False
' truecolor '	-	'0'	'0'	-	False	False	False	False	None	False
' truecolor '	-	'0'	'0'	-	False	True	True	False	truecolor	False
' truecolor '	-	'0'	'0'	''	True	False	False	False	None	False
' truecolor '	-	'0'	'0'	''	True	True	True	False	truecolor	False
' truecolor '	-	'0'	'0'	''	False	False	False	False	None	False
' truecolor '	-	'0'	'0'	''	False	True	True	False	truecolor	False
' truecolor '	-	'0'	'0'	'1'	True	False	False	False	None	True
' truecolor '	-	'0'	'0'	'1'	True	True	True	False	truecolor	True
' truecolor '	-	'0'	'0'	'1'	False	False	False	False	None	True
' truecolor '	-	'0'	'0'	'1'	False	True	True	False	truecolor	True
' truecolor '	-	'0'	'1'	-	True	False	True	False	truecolor	False
' truecolor '	-	'0'	'1'	-	True	True	True	False	truecolor	False
' truecolor '	-	'0'	'1'	-	False	False	True	False	truecolor	False
' truecolor '	-	'0'	'1'	-	False	True	True	False	truecolor	False
' truecolor '	-	'0'	'1'	''	True	False	True	False	truecolor	False
' truecolor '	-	'0'	'1'	''	True	True	True	False	truecolor	False
' truecolor '	-	'0'	'1'	''	False	False	True	False	truecolor	False
' truecolor '	-	'0'	'1'	''	False	True	True	False	truecolor	False
' truecolor '	-	'0'	'1'	'1'	True	False	True	False	truecolor	True
' truecolor '	-	'0'	'1'	'1'	True	True	True	False	truecolor	True
' truecolor '	-	'0'	'1'	'1'	False	False	True	False	truecolor	True
' truecolor '	-	'0'	'1'	'1'	False	True	True	False	truecolor	True
' truecolor '	''	-	-	-	True	False	True	False	truecolor	False
' truecolor '	''	-	-	-	True	True	True	False	truecolor	False
' truecolor '	''	-	-	-	False	False	False	False	None	False
' truecolor '	''	-	-	-	False	True	True	False	truecolor	False
' truecolor '	''	-	-	''	True	False	True	False	truecolor	False
' truecolor '	''	-	-	''	True	True	True	False	truecolor	False
' truecolor '	''	-	-	''	False	False	False	False	None	False
' truecolor '	''	-	-	''	False	True	True	False	truecolor	False
' truecolor '	''	-	-	'1'	True	False	True	False	truecolor	True
' truecolor '	''	-	-	'1'	True	True	True	False	truecolor	True
' truecolor '	''	-	-	'1'	False	False	False	False	None	True
' truecolor '	''	-	-	'1'	False	True	True	False	truecolor	True
' truecolor '	''	-	''	-	True	False	True	False	truecolor	False
' truecolor '	''	-	''	-	True	True	True	False	truecolor	False
' truecolor '	''	-	''	-	False	False	False	False	None	False
' truecolor '	''	-	''	-	False	True	True	False	truecolor	False
' truecolor '	''	-	''	''	True	False	True	False	truecolor	False
' truecolor '	''	-	''	''	True	True	True	False	truecolor	False
' truecolor '	''	-	''	''	False	False	False	False	None	False
' truecolor '	''	-	''	''	False	True	True	False	truecolor	False
' truecolor '	''	-	''	'1'	True	False	True	False	truecolor	True
' truecolor '	''	-	''	'1'	True	True	True	False	truecolor	True
' truecolor '	''	-	''	'1'	False	False	False	False	None	True
' truecolor '	''	-	''	'1'	False	True	True	False	truecolor	True
' truecolor '	''	-	'0'	-	True	False	False	False	None	False
' truecolor '	''	-	'0'	-	True	True	True	False	truecolor	False
' truecolor '	''	-	'0'	-	False	False	False	False	None	False
' truecolor '	''	-	'0'	-	False	True	True	False	truecolor	False
' truecolor '	''	-	'0'	''	True	False	False	False	None	False
' truecolor '	''	-	'0'	''	True	True	True	False	truecolor	False
' truecolor '	''	-	'0'	''	False	False	False	False	None	False
' truecolor '	''	-	'0'	''	False	True	True	False	truecolor	False
' truecolor '	''	-	'0'	'1'	True	False	False	False	None	True
' truecolor '	''	-	'0'	'1'	True	True	True	False	truecolor	True
' truecolor '	''	-	'0'	'1'	False	False	False	False	None	True
' truecolor '	''	-	'0'	'1'	False	True	True	False	truecolor	True
' truecolor '	''	-	'1'	-	True	False	True	False	truecolor	False
' truecolor '	''	-	'1'	-	True	True	True	False	truecolor	False
' truecolor '	''	-	'1'	-	False	False	True	False	truecolor	False
' truecolor '	''	-	'1'	-	False	True	True	False	truecolor	False
' truecolor '	''	-	'1'	''	True	False	True	False	truecolor	False
' truecolor '	''	-	'1'	''	True	True	True	False	truecolor	False
' truecolor '	''	-	'1'	''	False	False	True	False	truecolor	False
' truecolor '	''	-	'1'	''	False	True	True	False	truecolor	False
' truecolor '	''	-	'1'	'1'	True	False	True	False	truecolor	True
' truecolor '	''	-	'1'	'1'	True	True	True	False	truecolor	True
' truecolor '	''	-	'1'	'1'	False	False	True	False	truecolor	True
' truecolor '	''	-	'1'	'1'	False	True	True	False	truecolor	True
' truecolor '	''	''	-	-	True	False	False	False	None	False
' truecolor '	''	''	-	-	True	True	True	False	truecolor	False
' truecolor '	''	''	-	-	False	False	False	False	None	False
' truecolor '	''	''	-	-	False	True	True	False	truecolor	False
' truecolor '	''	''	-	''	True	False	False	False	None	False
' truecolor '	''	''	-	''	True	True	True	False	truecolor	False
' truecolor '	''	''	-	''	False	False	False	False	None	False
' truecolor '	''	''	-	''	False	True	True	False	truecolor	False
' truecolor '	''	''	-	'1'	True	False	False	False	None	True
' truecolor '	''	''	-	'1'	True	True	True	False	truecolor	True
' truecolor '	''	''	-	'1'	False	False	False	False	None	True
' truecolor '	''	''	-	'1'	False	True	True	False	truecolor	True
' truecolor '	''	''	''	-	True	False	False	False	None	False
' truecolor '	''	''	''	-	True	True	True	False	truecolor	False
' truecolor '	''	''	''	-	False	False	False	False	None	False
' truecolor '	''	''	''	-	False	True	True	False	truecolor	False
' truecolor '	''	''	''	''	True	False	False	False	None	False
' truecolor '	''	''	''	''	True	True	True	False	truecolor	False
' truecolor '	''	''	''	''	False	False	False	False	None	False
' truecolor '	''	''	''	''	False	True	True	False	truecolor	False
' truecolor '	''	''	''	'1'	True	False	False	False	None	True
' truecolor '	''	''	''	'1'	True	True	True	False	truecolor	True
' truecolor '	''	''	''	'1'	False	False	False	False	None	True
' truecolor '	''	''	''	'1'	False	True	True	False	truecolor	True
' truecolor '	''	''	'0'	-	True	False	False	False	None	False
' truecolor '	''	''	'0'	-	True	True	True	False	truecolor	False
' truecolor '	''	''	'0'	-	False	False	False	False	None	False
' truecolor '	''	''	'0'	-	False	True	True	False	truecolor	False
' truecolor '	''	''	'0'	''	True	False	False	False	None	False
' truecolor '	''	''	'0'	''	True	True	True	False	truecolor	False
' truecolor '	''	''	'0'	''	False	False	False	False	None	False
' truecolor '	''	''	'0'	''	False	True	True	False	truecolor	False
' truecolor '	''	''	'0'	'1'	True	False	False	False	None	True
' truecolor '	''	''	'0'	'1'	True	True	True	False	truecolor	True
' truecolor '	''	''	'0'	'1'	False	False	False	False	None	True
' truecolor '	''	''	'0'	'1'	False	True	True	False	truecolor	True
' truecolor '	''	''	'1'	-	True	False	True	False	truecolor	False
' truecolor '	''	''	'1'	-	True	True	True	False	truecolor	False
' truecolor '	''	''	'1'	-	False	False	True	False	truecolor	False
' truecolor '	''	''	'1'	-	False	True	True	False	truecolor	False
' truecolor '	''	''	'1'	''	True	False	True	False	truecolor	False
' truecolor '	''	''	'1'	''	True	True	True	False	truecolor	False
' truecolor '	''	''	'1'	''	False	False	True	False	truecolor	False
' truecolor '	''	''	'1'	''	False	True	True	False	truecolor	False
' truecolor '	''	''	'1'	'1'	True	False	True	False	truecolor	True
' truecolor '	''	''	'1'	'1'	True	True	True	False	truecolor	True
' truecolor '	''	''	'1'	'1'	False	False	True	False	truecolor	True
' truecolor '	''	''	'1'	'1'	False	True	True	False	truecolor	True
' truecolor '	''	'1'	-	-	True	False	True	False	truecolor	False
' truecolor '	''	'1'	-	-	True	True	True	False	truecolor	False
' truecolor '	''	'1'	-	-	False	False	True	False	truecolor	False
' truecolor '	''	'1'	-	-	False	True	True	False	truecolor	False
' truecolor '	''	'1'	-	''	True	False	True	False	truecolor	False
' truecolor '	''	'1'	-	''	True	True	True	False	truecolor	False
' truecolor '	''	'1'	-	''	False	False	True	False	truecolor	False
' truecolor '	''	'1'	-	''	False	True	True	False	truecolor	False
' truecolor '	''	'1'	-	'1'	True	False	True	False	truecolor	True
' truecolor '	''	'1'	-	'1'	True	True	True	False	truecolor	True
' truecolor '	''	'1'	-	'1'	False	False	True	False	truecolor	True
' truecolor '	''	'1'	-	'1'	False	True	True	False	truecolor	True
' truecolor '	''	'1'	''	-	True	False	True	False	truecolor	False
' truecolor '	''	'1'	''	-	True	True	True	False	truecolor	False
' truecolor '	''	'1'	''	-	False	False	True	False	truecolor	False
' truecolor '	''	'1'	''	-	False	True	True	False	truecolor	False
' truecolor '	''	'1'	''	''	True	False	True	False	truecolor	False
' truecolor '	''	'1'	''	''	True	True	True	False	truecolor	False
' truecolor '	''	'1'	''	''	False	False	True	False	truecolor	False
' truecolor '	''	'1'	''	''	False	True	True	False	truecolor	False
' truecolor '	''	'1'	''	'1'	True	False	True	False	truecolor	True
' truecolor '	''	'1'	''	'1'	True	True	True	False	truecolor	True
' truecolor '	''	'1'	''	'1'	False	False	True	False	truecolor	True
' truecolor '	''	'1'	''	'1'	False	True	True	False	truecolor	True
' truecolor '	''	'1'	'0'	-	True	False	False	False	None	False
' truecolor '	''	'1'	'0'	-	True	True	True	False	truecolor	False
' truecolor '	''	'1'	'0'	-	False	False	False	False	None	False
' truecolor '	''	'1'	'0'	-	False	True	True	False	truecolor	False
' truecolor '	''	'1'	'0'	''	True	False	False	False	None	False
' truecolor '	''	'1'	'0'	''	True	True	True	False	truecolor	False
' truecolor '	''	'1'	'0'	''	False	False	False	False	None	False
' truecolor '	''	'1'	'0'	''	False	True	True	False	truecolor	False
' truecolor '	''	'1'	'0'	'1'	True	False	False	False	None	True
' truecolor '	''	'1'	'0'	'1'	True	True	True	False	truecolor	True
' truecolor '	''	'1'	'0'	'1'	False	False	False	False	None	True
' truecolor '	''	'1'	'0'	'1'	False	True	True	False	truecolor	True
' truecolor '	''	'1'	'1'	-	True	False	True	False	truecolor	False
' truecolor '	''	'1'	'1'	-	True	True	True	False	truecolor	False
' truecolor '	''	'1'	'1'	-	False	False	True	False	truecolor	False
' truecolor '	''	'1'	'1'	-	False	True	True	False	truecolor	False
' truecolor '	''	'1'	'1'	''	True	False	True	False	truecolor	False
' truecolor '	''	'1'	'1'	''	True	True	True	False	truecolor	False
' truecolor '	''	'1'	'1'	''	False	False	True	False	truecolor	False
' truecolor '	''	'1'	'1'	''	False	True	True	False	truecolor	False
' truecolor '	''	'1'	'1'	'1'	True	False	True	False	truecolor	True
' truecolor '	''	'1'	'1'	'1'	True	True	True	False	truecolor	True
' truecolor '	''	'1'	'1'	'1'	False	False	True	False	truecolor	True
' truecolor '	''	'1'	'1'	'1'	False	True	True	False	truecolor	True
' truecolor '	''	'0'	-	-	True	False	True	False	truecolor	False
' truecolor '	''	'0'	-	-	True	True	True	False	truecolor	False
' truecolor '	''	'0'	-	-	False	False	True	False	truecolor	False
' truecolor '	''	'0'	-	-	False	True	True	False	truecolor	False
' truecolor '	''	'0'	-	''	True	False	True	False	truecolor	False
' truecolor '	''	'0'	-	''	True	True	True	False	truecolor	False
' truecolor '	''	'0'	-	''	False	False	True	False	truecolor	False
' truecolor '	''	'0'	-	''	False	True	True	False	truecolor	False
' truecolor '	''	'0'	-	'1'	True	False	True	False	truecolor	True
' truecolor '	''	'0'	-	'1'	True	True	True	False	truecolor	True
' truecolor '	''	'0'	-	'1'	False	False	True	False	truecolor	True
' truecolor '	''	'0'	-	'1'	False	True	True	False	truecolor	True
' truecolor '	''	'0'	''	-	True	False	True	False	truecolor	False
' truecolor '	''	'0'	''	-	True	True	True	False	truecolor	False
' truecolor '	''	'0'	''	-	False	False	True	False	truecolor	False
' truecolor '	''	'0'	''	-	False	True	True	False	truecolor	False
' truecolor '	''	'0'	''	''	True	False	True	False	truecolor	False
' truecolor '	''	'0'	''	''	True	True	True	False	truecolor	False
' truecolor '	''	'0'	''	''	False	False	True	False	truecolor	False
' truecolor '	''	'0'	''	''	False	True	True	False	truecolor	False
' truecolor '	''	'0'	''	'1'	True	False	True	False	truecolor	True
' truecolor '	''	'0'	''	'1'	True	True	True	False	truecolor	True
' truecolor '	''	'0'	''	'1'	False	False	True	False	truecolor	True
' truecolor '	''	'0'	''	'1'	False	True	True	False	truecolor	True
' truecolor '	''	'0'	'0'	-	True	False	False	False	None	False
' truecolor '	''	'0'	'0'	-	True	True	True	False	truecolor	False
' truecolor '	''	'0'	'0'	-	False	False	False	False	None	False
' truecolor '	''	'0'	'0'	-	False	True	True	False	truecolor	False
' truecolor '	''	'0'	'0'	''	True	False	False	False	None	False
' truecolor '	''	'0'	'0'	''	True	True	True	False	truecolor	False
' truecolor '	''	'0'	'0'	''	False	False	False	False	None	False
' truecolor '	''	'0'	'0'	''	False	True	True	False	truecolor	False
' truecolor '	''	'0'	'0'	'1'	True	False	False	False	None	True
' truecolor '	''	'0'	'0'	'1'	True	True	True	False	truecolor	True
' truecolor '	''	'0'	'0'	'1'	False	False	False	False	None	True
' truecolor '	''	'0'	'0'	'1'	False	True	True	False	truecolor	True
' truecolor '	''	'0'	'1'	-	True	False	True	False	truecolor	False
' truecolor '	''	'0'	'1'	-	True	True	True	False	truecolor	False
' truecolor '	''	'0'	'1'	-	False	False	True	False	truecolor	False
' truecolor '	''	'0'	'1'	-	False	True	True	False	truecolor	False
' truecolor '	''	'0'	'1'	''	True	False	True	False	truecolor	False
' truecolor '	''	'0'	'1'	''	True	True	True	False	truecolor	False
' truecolor '	''	'0'	'1'	''	False	False	True	False	truecolor	False
' truecolor '	''	'0'	'1'	''	False	True	True	False	truecolor	False
' truecolor '	''	'0'	'1'	'1'	True	False	True	False	truecolor	True
' truecolor '	''	'0'	'1'	'1'	True	True	True	False	truecolor	True
' truecolor '	''	'0'	'1'	'1'	False	False	True	False	truecolor	True
' truecolor '	''	'0'	'1'	'1'	False	True	True	False	truecolor	True
' truecolor '	'dumb'	-	-	-	True	False	True	True	None	False
' truecolor '	'dumb'	-	-	-	True	True	True	True	None	False
' truecolor '	'dumb'	-	-	-	False	False	False	False	None	False
' truecolor '	'dumb'	-	-	-	False	True	True	True	None	False
' truecolor '	'dumb'	-	-	''	True	False	True	True	None	False
' truecolor '	'dumb'	-	-	''	True	True	True	True	None	False
' truecolor '	'dumb'	-	-	''	False	False	False	False	None	False
' truecolor '	'dumb'	-	-	''	False	True	True	True	None	False
' truecolor '	'dumb'	-	-	'1'	True	False	True	True	None	True
' truecolor '	'dumb'	-	-	'1'	True	True	True	True	None	True
' truecolor '	'dumb'	-	-	'1'	False	False	False	False	None	True
' truecolor '	'dumb'	-	-	'1'	False	True	True	True	None	True
' truecolor '	'dumb'	-	''	-	True	False	True	True	None	False
' truecolor '	'dumb'	-	''	-	True	True	True	True	None	False
' truecolor '	'dumb'	-	''	-	False	False	False	False	None	False
' truecolor '	'dumb'	-	''	-	False	True	True	True	None	False
' truecolor '	'dumb'	-	''	''	True	False	True	True	None	False
' truecolor '	'dumb'	-	''	''	True	True	True	True	None	False
' truecolor '	'dumb'	-	''	''	False	False	False	False	None	False
' truecolor '	'dumb'	-	''	''	False	True	True	True	None	False
' truecolor '	'dumb'	-	''	'1'	True	False	True	True	None	True
' truecolor '	'dumb'	-	''	'1'	True	True	True	True	None	True
' truecolor '	'dumb'	-	''	'1'	False	False	False	False	None	True
' truecolor '	'dumb'	-	''	'1'	False	True	True	True	None	True
' truecolor '	'dumb'	-	'0'	-	True	False	False	False	None	False
' truecolor '	'dumb'	-	'0'	-	True	True	True	True	None	False
' truecolor '	'dumb'	-	'0'	-	False	False	False	False	None	False
' truecolor '	'dumb'	-	'0'	-	False	True	True	True	None	False
' truecolor '	'dumb'	-	'0'	''	True	False	False	False	None	False
' truecolor '	'dumb'	-	'0'	''	True	True	True	True	None	False
' truecolor '	'dumb'	-	'0'	''	False	False	False	False	None	False
' truecolor '	'dumb'	-	'0'	''	False	True	True	True	None	False
' truecolor '	'dumb'	-	'0'	'1'	True	False	False	False	None	True
' truecolor '	'dumb'	-	'0'	'1'	True	True	True	True	None	True
' truecolor '	'dumb'	-	'0'	'1'	False	False	False	False	None	True
' truecolor '	'dumb'	-	'0'	'1'	False	True	True	True	None	True
' truecolor '	'dumb'	-	'1'	-	True	False	True	True	None	False
' truecolor '	'dumb'	-	'1'	-	True	True	True	True	None	False
' truecolor '	'dumb'	-	'1'	-	False	False	True	True	None	False
' truecolor '	'dumb'	-	'1'	-	False	True	True	True	None	False
' truecolor '	'dumb'	-	'1'	''	True	False	True	True	None	False
' truecolor '	'dumb'	-	'1'	''	True	True	True	True	None	False
' truecolor '	'dumb'	-	'1'	''	False	False	True	True	None	False
' truecolor '	'dumb'	-	'1'	''	False	True	True	True	None	False
' truecolor '	'dumb'	-	'1'	'1'	True	False	True	True	None	True
' truecolor '	'dumb'	-	'1'	'1'	True	True	True	True	None	True
' truecolor '	'dumb'	-	'1'	'1'	False	False	True	True	None	True
' truecolor '	'dumb'	-	'1'	'1'	False	True	True	True	None	True
' truecolor '	'dumb'	''	-	-	True	False	False	False	None	False
' truecolor '	'dumb'	''	-	-	True	True	True	True	None	False
' truecolor '	'dumb'	''	-	-	False	False	False	False	None	False
' truecolor '	'dumb'	''	-	-	False	True	True	True	None	False
' truecolor '	'dumb'	''	-	''	True	False	False	False	None	False
' truecolor '	'dumb'	''	-	''	True	True	True	True	None	False
' truecolor '	'dumb'	''	-	''	False	False	False	False	None	False
' truecolor '	'dumb'	''	-	''	False	True	True	True	None	False
' truecolor '	'dumb'	''	-	'1'	True	False	False	False	None	True
' truecolor '	'dumb'	''	-	'1'	True	True	True	True	None	True
' truecolor '	'dumb'	''	-	'1'	False	False	False	False	None	True
' truecolor '	'dumb'	''	-	'1'	False	True	True	True	None	True
' truecolor '	'dumb'	''	''	-	True	False	False	False	None	False
' truecolor '	'dumb'	''	''	-	True	True	True	True	None	False
' truecolor '	'dumb'	''	''	-	False	False	False	False	None	False
' truecolor '	'dumb'	''	''	-	False	True	True	True	None	False
' truecolor '	'dumb'	''	''	''	True	False	False	False	None	False
' truecolor '	'dumb'	''	''	''	True	True	True	True	None	False
' truecolor '	'dumb'	''	''	''	False	False	False	False	None	False
' truecolor '	'dumb'	''	''	''	False	True	True	True	None	False
' truecolor '	'dumb'	''	''	'1'	True	False	False	False	None	True
' truecolor '	'dumb'	''	''	'1'	True	True	True	True	None	True
' truecolor '	'dumb'	''	''	'1'	False	False	False	False	None	True
' truecolor '	'dumb'	''	''	'1'	False	True	True	True	None	True
' truecolor '	'dumb'	''	'0'	-	True	False	False	False	None	False
' truecolor '	'dumb'	''	'0'	-	True	True	True	True	None	False
' truecolor '	'dumb'	''	'0'	-	False	False	False	False	None	False
' truecolor '	'dumb'	''	'0'	-	False	True	True	True	None	False
' truecolor '	'dumb'	''	'0'	''	True	False	False	False	None	False
' truecolor '	'dumb'	''	'0'	''	True	True	True	True	None	False
' truecolor '	'dumb'	''	'0'	''	False	False	False	False	None	False
' truecolor '	'dumb'	''	'0'	''	False	True	True	True	None	False
' truecolor '	'dumb'	''	'0'	'1'	True	False	False	False	None	True
' truecolor '	'dumb'	''	'0'	'1'	True	True	True	True	None	True
' truecolor '	'dumb'	''	'0'	'1'	False	False	False	False	None	True
' truecolor '	'dumb'	''	'0'	'1'	False	True	True	True	None	True
' truecolor '	'dumb'	''	'1'	-	True	False	True	True	None	False
' truecolor '	'dumb'	''	'1'	-	True	True	True	True	None	False
' truecolor '	'dumb'	''	'1'	-	False	False	True	True	None	False
' truecolor '	'dumb'	''	'1'	-	False	True	True	True	None	False
' truecolor '	'dumb'	''	'1'	''	True	False	True	True	None	False
' truecolor '	'dumb'	''	'1'	''	True	True	True	True	None	False
' truecolor '	'dumb'	''	'1'	''	False	False	True	True	None	False
' truecolor '	'dumb'	''	'1'	''	False	True	True	True	None	False
' truecolor '	'dumb'	''	'1'	'1'	True	False	True	True	None	True
' truecolor '	'dumb'	''	'1'	'1'	True	True	True	True	None	True
' truecolor '	'dumb'	''	'1'	'1'	False	False	True	True	None	True
' truecolor '	'dumb'	''	'1'	'1'	False	True	True	True	None	True
' truecolor '	'dumb'	'1'	-	-	True	False	True	True	None	False
' truecolor '	'dumb'	'1'	-	-	True	True	True	True	None	False
' truecolor '	'dumb'	'1'	-	-	False	False	True	True	None	False
' truecolor '	'dumb'	'1'	-	-	False	True	True	True	None	False
' truecolor '	'dumb'	'1'	-	''	True	False	True	True	None	False
' truecolor '	'dumb'	'1'	-	''	True	True	True	True	None	False
' truecolor '	'dumb'	'1'	-	''	False	False	True	True	None	False
' truecolor '	'dumb'	'1'	-	''	False	True	True	True	None	False
' truecolor '	'dumb'	'1'	-	'1'	True	False	True	True	None	True
' truecolor '	'dumb'	'1'	-	'1'	True	True	True	True	None	True
' truecolor '	'dumb'	'1'	-	'1'	False	False	True	True	None	True
' truecolor '	'dumb'	'1'	-	'1'	False	True	True	True	None	True
' truecolor '	'dumb'	'1'	''	-	True	False	True	True	None	False
' truecolor '	'dumb'	'1'	''	-	True	True	True	True	None	False
' truecolor '	'dumb'	'1'	''	-	False	False	True	True	None	False
' truecolor '	'dumb'	'1'	''	-	False	True	True	True	None	False
' truecolor '	'dumb'	'1'	''	''	True	False	True	True	None	False
' truecolor '	'dumb'	'1'	''	''	True	True	True	True	None	False
' truecolor '	'dumb'	'1'	''	''	False	False	True	True	None	False
' truecolor '	'dumb'	'1'	''	''	False	True	True	True	None	False
' truecolor '	'dumb'	'1'	''	'1'	True	False	True	True	None	True
' truecolor '	'dumb'	'1'	''	'1'	True	True	True	True	None	True
' truecolor '	'dumb'	'1'	''	'1'	False	False	True	True	None	True
' truecolor '	'dumb'	'1'	''	'1'	False	True	True	True	None	True
' truecolor '	'dumb'	'1'	'0'	-	True	False	False	False	None	False
' truecolor '	'dumb'	'1'	'0'	-	True	True	True	True	None	False
' truecolor '	'dumb'	'1'	'0'	-	False	False	False	False	None	False
' truecolor '	'dumb'	'1'	'0'	-	False	True	True	True	None	False
' truecolor '	'dumb'	'1'	'0'	''	True	False	False	False	None	False
' truecolor '	'dumb'	'1'	'0'	''	True	True	True	True	None	False
' truecolor '	'dumb'	'1'	'0'	''	False	False	False	False	None	False
' truecolor '	'dumb'	'1'	'0'	''	False	True	True	True	None	False
' truecolor '	'dumb'	'1'	'0'	'1'	True	False	False	False	None	True
' truecolor '	'dumb'	'1'	'0'	'1'	True	True	True	True	None	True
' truecolor '	'dumb'	'1'	'0'	'1'	False	False	False	False	None	True
' truecolor '	'dumb'	'1'	'0'	'1'	False	True	True	True	None	True
' truecolor '	'dumb'	'1'	'1'	-	True	False	True	True	None	False
' truecolor '	'dumb'	'1'	'1'	-	True	True	True	True	None	False
' truecolor '	'dumb'	'1'	'1'	-	False	False	True	True	None	False
' truecolor '	'dumb'	'1'	'1'	-	False	True	True	True	None	False
' truecolor '	'dumb'	'1'	'1'	''	True	False	True	True	None	False
' truecolor '	'dumb'	'1'	'1'	''	True	True	True	True	None	False
' truecolor '	'dumb'	'1'	'1'	''	False	False	True	True	None	False
' truecolor '	'dumb'	'1'	'1'	''	False	True	True	True	None	False
' truecolor '	'dumb'	'1'	'1'	'1'	True	False	True	True	None	True
' truecolor '	'dumb'	'1'	'1'	'1'	True	True	True	True	None	True
' truecolor '	'dumb'	'1'	'1'	'1'	False	False	True	True	None	True
' truecolor '	'dumb'	'1'	'1'	'1'	False	True	True	True	None	True
' truecolor '	'dumb'	'0'	-	-	True	False	True	True	None	False
' truecolor '	'dumb'	'0'	-	-	True	True	True	True	None	False
' truecolor '	'dumb'	'0'	-	-	False	False	True	True	None	False
' truecolor '	'dumb'	'0'	-	-	False	True	True	True	None	False
' truecolor '	'dumb'	'0'	-	''	True	False	True	True	None	False
' truecolor '	'dumb'	'0'	-	''	True	True	True	True	None	False
' truecolor '	'dumb'	'0'	-	''	False	False	True	True	None	False
' truecolor '	'dumb'	'0'	-	''	False	True	True	True	None	False
' truecolor '	'dumb'	'0'	-	'1'	True	False	True	True	None	True
' truecolor '	'dumb'	'0'	-	'1'	True	True	True	True	None	True
' truecolor '	'dumb'	'0'	-	'1'	False	False	True	True	None	True
' truecolor '	'dumb'	'0'	-	'1'	False	True	True	True	None	True
' truecolor '	'dumb'	'0'	''	-	True	False	True	True	None	False
' truecolor '	'dumb'	'0'	''	-	True	True	True	True	None	False
' truecolor '	'dumb'	'0'	''	-	False	False	True	True	None	False
' truecolor '	'dumb'	'0'	''	-	False	True	True	True	None	False
' truecolor '	'dumb'	'0'	''	''	True	False	True	True	None	False
' truecolor '	'dumb'	'0'	''	''	True	True	True	True	None	False
' truecolor '	'dumb'	'0'	''	''	False	False	True	True	None	False
' truecolor '	'dumb'	'0'	''	''	False	True	True	True	None	False
' truecolor '	'dumb'	'0'	''	'1'	True	False	True	True	None	True
' truecolor '	'dumb'	'0'	''	'1'	True	True	True	True	None	True
' truecolor '	'dumb'	'0'	''	'1'	False	False	True	True	None	True
' truecolor '	'dumb'	'0'	''	'1'	False	True	True	True	None	True
' truecolor '	'dumb'	'0'	'0'	-	True	False	False	False	None	False
' truecolor '	'dumb'	'0'	'0'	-	True	True	True	True	None	False
' truecolor '	'dumb'	'0'	'0'	-	False	False	False	False	None	False
' truecolor '	'dumb'	'0'	'0'	-	False	True	True	True	None	False
' truecolor '	'dumb'	'0'	'0'	''	True	False	False	False	None	False
' truecolor '	'dumb'	'0'	'0'	''	True	True	True	True	None	False
' truecolor '	'dumb'	'0'	'0'	''	False	False	False	False	None	False
' truecolor '	'dumb'	'0'	'0'	''	False	True	True	True	None	False
' truecolor '	'dumb'	'0'	'0'	'1'	True	False	False	False	None	True
' truecolor '	'dumb'	'0'	'0'	'1'	True	True	True	True	None	True
' truecolor '	'dumb'	'0'	'0'	'1'	False	False	False	False	None	True
' truecolor '	'dumb'	'0'	'0'	'1'	False	True	True	True	None	True
' truecolor '	'dumb'	'0'	'1'	-	True	False	True	True	None	False
' truecolor '	'dumb'	'0'	'1'	-	True	True	True	True	None	False
' truecolor '	'dumb'	'0'	'1'	-	False	False	True	True	None	False
' truecolor '	'dumb'	'0'	'1'	-	False	True	True	True	None	False
' truecolor '	'dumb'	'0'	'1'	''	True	False	True	True	None	False
' truecolor '	'dumb'	'0'	'1'	''	True	True	True	True	None	False
' truecolor '	'dumb'	'0'	'1'	''	False	False	True	True	None	False
' truecolor '	'dumb'	'0'	'1'	''	False	True	True	True	None	False
' truecolor '	'dumb'	'0'	'1'	'1'	True	False	True	True	None	True
' truecolor '	'dumb'	'0'	'1'	'1'	True	True	True	True	None	True
' truecolor '	'dumb'	'0'	'1'	'1'	False	False	True	True	None	True
' truecolor '	'dumb'	'0'	'1'	'1'	False	True	True	True	None	True
' truecolor '	'unknown'	-	-	-	True	False	True	True	None	False
' truecolor '	'unknown'	-	-	-	True	True	True	True	None	False
' truecolor '	'unknown'	-	-	-	False	False	False	False	None	False
' truecolor '	'unknown'	-	-	-	False	True	True	True	None	False
' truecolor '	'unknown'	-	-	''	True	False	True	True	None	False
' truecolor '	'unknown'	-	-	''	True	True	True	True	None	False
' truecolor '	'unknown'	-	-	''	False	False	False	False	None	False
' truecolor '	'unknown'	-	-	''	False	True	True	True	None	False
' truecolor '	'unknown'	-	-	'1'	True	False	True	True	None	True
' truecolor '	'unknown'	-	-	'1'	True	True	True	True	None	True
' truecolor '	'unknown'	-	-	'1'	False	False	False	False	None	True
' truecolor '	'unknown'	-	-	'1'	False	True	True	True	None	True
' truecolor '	'unknown'	-	''	-	True	False	True	True	None	False
' truecolor '	'unknown'	-	''	-	True	True	True	True	None	False
' truecolor '	'unknown'	-	''	-	False	False	False	False	None	False
' truecolor '	'unknown'	-	''	-	False	True	True	True	None	False
' truecolor '	'unknown'	-	''	''	True	False	True	True	None	False
' truecolor '	'unknown'	-	''	''	True	True	True	True	None	False
' truecolor '	'unknown'	-	''	''	False	False	False	False	None	False
' truecolor '	'unknown'	-	''	''	False	True	True	True	None	False
' truecolor '	'unknown'	-	''	'1'	True	False	True	True	None	True
' truecolor '	'unknown'	-	''	'1'	True	True	True	True	None	True
' truecolor '	'unknown'	-	''	'1'	False	False	False	False	None	True
' truecolor '	'unknown'	-	''	'1'	False	True	True	True	None	True
' truecolor '	'unknown'	-	'0'	-	True	False	False	False	None	False
' truecolor '	'unknown'	-	'0'	-	True	True	True	True	None	False
' truecolor '	'unknown'	-	'0'	-	False	False	False	False	None	False
' truecolor '	'unknown'	-	'0'	-	False	True	True	True	None	False
' truecolor '	'unknown'	-	'0'	''	True	False	False	False	None	False
' truecolor '	'unknown'	-	'0'	''	True	True	True	True	None	False
' truecolor '	'unknown'	-	'0'	''	False	False	False	False	None	False
' truecolor '	'unknown'	-	'0'	''	False	True	True	True	None	False
' truecolor '	'unknown'	-	'0'	'1'	True	False	False	False	None	True
' truecolor '	'unknown'	-	'0'	'1'	True	True	True	True	None	True
' truecolor '	'unknown'	-	'0'	'1'	False	False	False	False	None	True
' truecolor '	'unknown'	-	'0'	'1'	False	True	True	True	None	True
' truecolor '	'unknown'	-	'1'	-	True	False	True	True	None	False
' truecolor '	'unknown'	-	'1'	-	True	True	True	True	None	False
' truecolor '	'unknown'	-	'1'	-	False	False	True	True	None	False
' truecolor '	'unknown'	-	'1'	-	False	True	True	True	None	False
' truecolor '	'unknown'	-	'1'	''	True	False	True	True	None	False
' truecolor '	'unknown'	-	'1'	''	True	True	True	True	None	False
' truecolor '	'unknown'	-	'1'	''	False	False	True	True	None	False
' truecolor '	'unknown'	-	'1'	''	False	True	True	True	None	False
' truecolor '	'unknown'	-	'1'	'1'	True	False	True	True	None	True
' truecolor '	'unknown'	-	'1'	'1'	True	True	True	True	None	True
' truecolor '	'unknown'	-	'1'	'1'	False	False	True	True	None	True
' truecolor '	'unknown'	-	'1'	'1'	False	True	True	True	None	True
' truecolor '	'unknown'	''	-	-	True	False	False	False	None	False
' truecolor '	'unknown'	''	-	-	True	True	True	True	None	False
' truecolor '	'unknown'	''	-	-	False	False	False	False	None	False
' truecolor '	'unknown'	''	-	-	False	True	True	True	None	False
' truecolor '	'unknown'	''	-	''	True	False	False	False	None	False
' truecolor '	'unknown'	''	-	''	True	True	True	True	None	False
' truecolor '	'unknown'	''	-	''	False	False	False	False	None	False
' truecolor '	'unknown'	''	-	''	False	True	True	True	None	False
' truecolor '	'unknown'	''	-	'1'	True	False	False	False	None	True
' truecolor '	'unknown'	''	-	'1'	True	True	True	True	None	True
' truecolor '	'unknown'	''	-	'1'	False	False	False	False	None	True
' truecolor '	'unknown'	''	-	'1'	False	True	True	True	None	True
' truecolor '	'unknown'	''	''	-	True	False	False	False	None	False
' truecolor '	'unknown'	''	''	-	True	True	True	True	None	False
' truecolor '	'unknown'	''	''	-	False	False	False	False	None	False
' truecolor '	'unknown'	''	''	-	False	True	True	True	None	False
' truecolor '	'unknown'	''	''	''	True	False	False	False	None	False
' truecolor '	'unknown'	''	''	''	True	True	True	True	None	False
' truecolor '	'unknown'	''	''	''	False	False	False	False	None	False
' truecolor '	'unknown'	''	''	''	False	True	True	True	None	False
' truecolor '	'unknown'	''	''	'1'	True	False	False	False	None	True
' truecolor '	'unknown'	''	''	'1'	True	True	True	True	None	True
' truecolor '	'unknown'	''	''	'1'	False	False	False	False	None	True
' truecolor '	'unknown'	''	''	'1'	False	True	True	True	None	True
' truecolor '	'unknown'	''	'0'	-	True	False	False	False	None	False
' truecolor '	'unknown'	''	'0'	-	True	True	True	True	None	False
' truecolor '	'unknown'	''	'0'	-	False	False	False	False	None	False
' truecolor '	'unknown'	''	'0'	-	False	True	True	True	None	False
' truecolor '	'unknown'	''	'0'	''	True	False	False	False	None	False
' truecolor '	'unknown'	''	'0'	''	True	True	True	True	None	False
' truecolor '	'unknown'	''	'0'	''	False	False	False	False	None	False
' truecolor '	'unknown'	''	'0'	''	False	True	True	True	None	False
' truecolor '	'unknown'	''	'0'	'1'	True	False	False	False	None	True
' truecolor '	'unknown'	''	'0'	'1'	True	True	True	True	None	True
' truecolor '	'unknown'	''	'0'	'1'	False	False	False	False	None	True
' truecolor '	'unknown'	''	'0'	'1'	False	True	True	True	None	True
' truecolor '	'unknown'	''	'1'	-	True	False	True	True	None	False
' truecolor '	'unknown'	''	'1'	-	True	True	True	True	None	False
' truecolor '	'unknown'	''	'1'	-	False	False	True	True	None	False
' truecolor '	'unknown'	''	'1'	-	False	True	True	True	None	False
' truecolor '	'unknown'	''	'1'	''	True	False	True	True	None	False
' truecolor '	'unknown'	''	'1'	''	True	True	True	True	None	False
' truecolor '	'unknown'	''	'1'	''	False	False	True	True	None	False
' truecolor '	'unknown'	''	'1'	''	False	True	True	True	None	False
' truecolor '	'unknown'	''	'1'	'1'	True	False	True	True	None	True
' truecolor '	'unknown'	''	'1'	'1'	True	True	True	True	None	True
' truecolor '	'unknown'	''	'1'	'1'	False	False	True	True	None	True
' truecolor '	'unknown'	''	'1'	'1'	False	True	True	True	None	True
' truecolor '	'unknown'	'1'	-	-	True	False	True	True	None	False
' truecolor '	'unknown'	'1'	-	-	True	True	True	True	None	False
' truecolor '	'unknown'	'1'	-	-	False	False	True	True	None	False
' truecolor '	'unknown'	'1'	-	-	False	True	True	True	None	False
' truecolor '	'unknown'	'1'	-	''	True	False	True	True	None	False
' truecolor '	'unknown'	'1'	-	''	True	True	True	True	None	False
' truecolor '	'unknown'	'1'	-	''	False	False	True	True	None	False
' truecolor '	'unknown'	'1'	-	''	False	True	True	True	None	False
' truecolor '	'unknown'	'1'	-	'1'	True	False	True	True	None	True
' truecolor '	'unknown'	'1'	-	'1'	True	True	True	True	None	True
' truecolor '	'unknown'	'1'	-	'1'	False	False	True	True	None	True
' truecolor '	'unknown'	'1'	-	'1'	False	True	True	True	None	True
' truecolor '	'unknown'	'1'	''	-	True	False	True	True	None	False
' truecolor '	'unknown'	'1'	''	-	True	True	True	True	None	False
' truecolor '	'unknown'	'1'	''	-	False	False	True	True	None	False
' truecolor '	'unknown'	'1'	''	-	False	True	True	True	None	False
' truecolor '	'unknown'	'1'	''	''	True	False	True	True	None	False
' truecolor '	'unknown'	'1'	''	''	True	True	True	True	None	False
' truecolor '	'unknown'	'1'	''	''	False	False	True	True	None	False
' truecolor '	'unknown'	'1'	''	''	False	True	True	True	None	False
' truecolor '	'unknown'	'1'	''	'1'	True	False	True	True	None	True
' truecolor '	'unknown'	'1'	''	'1'	True	True	True	True	None	True
' truecolor '	'unknown'	'1'	''	'1'	False	False	True	True	None	True
' truecolor '	'unknown'	'1'	''	'1'	False	True	True	True	None	True
' truecolor '	'unknown'	'1'	'0'	-	True	False	False	False	None	False
' truecolor '	'unknown'	'1'	'0'	-	True	True	True	True	None	False
' truecolor '	'unknown'	'1'	'0'	-	False	False	False	False	None	False
' truecolor '	'unknown'	'1'	'0'	-	False	True	True	True	None	False
' truecolor '	'unknown'	'1'	'0'	''	True	False	False	False	None	False
' truecolor '	'unknown'	'1'	'0'	''	True	True	True	True	None	False
' truecolor '	'unknown'	'1'	'0'	''	False	False	False	False	None	False
' truecolor '	'unknown'	'1'	'0'	''	False	True	True	True	None	False
' truecolor '	'unknown'	'1'	'0'	'1'	True	False	False	False	None	True
' truecolor '	'unknown'	'1'	'0'	'1'	True	True	True	True	None	True
' truecolor '	'unknown'	'1'	'0'	'1'	False	False	False	False	None	True
' truecolor '	'unknown'	'1'	'0'	'1'	False	True	True	True	None	True
' truecolor '	'unknown'	'1'	'1'	-	True	False	True	True	None	False
' truecolor '	'unknown'	'1'	'1'	-	True	True	True	True	None	False
' truecolor '	'unknown'	'1'	'1'	-	False	False	True	True	None	False
' truecolor '	'unknown'	'1'	'1'	-	False	True	True	True	None	False
' truecolor '	'unknown'	'1'	'1'	''	True	False	True	True	None	False
' truecolor '	'unknown'	'1'	'1'	''	True	True	True	True	None	False
' truecolor '	'unknown'	'1'	'1'	''	False	False	True	True	None	False
' truecolor '	'unknown'	'1'	'1'	''	False	True	True	True	None	False
' truecolor '	'unknown'	'1'	'1'	'1'	True	False	True	True	None	True
' truecolor '	'unknown'	'1'	'1'	'1'	True	True	True	True	None	True
' truecolor '	'unknown'	'1'	'1'	'1'	False	False	True	True	None	True
' truecolor '	'unknown'	'1'	'1'	'1'	False	True	True	True	None	True
' truecolor '	'unknown'	'0'	-	-	True	False	True	True	None	False
' truecolor '	'unknown'	'0'	-	-	True	True	True	True	None	False
' truecolor '	'unknown'	'0'	-	-	False	False	True	True	None	False
' truecolor '	'unknown'	'0'	-	-	False	True	True	True	None	False
' truecolor '	'unknown'	'0'	-	''	True	False	True	True	None	False
' truecolor '	'unknown'	'0'	-	''	True	True	True	True	None	False
' truecolor '	'unknown'	'0'	-	''	False	False	True	True	None	False
' truecolor '	'unknown'	'0'	-	''	False	True	True	True	None	False
' truecolor '	'unknown'	'0'	-	'1'	True	False	True	True	None	True
' truecolor '	'unknown'	'0'	-	'1'	True	True	True	True	None	True
' truecolor '	'unknown'	'0'	-	'1'	False	False	True	True	None	True
' truecolor '	'unknown'	'0'	-	'1'	False	True	True	True	None	True
' truecolor '	'unknown'	'0'	''	-	True	False	True	True	None	False
' truecolor '	'unknown'	'0'	''	-	True	True	True	True	None	False
' truecolor '	'unknown'	'0'	''	-	False	False	True	True	None	False
' truecolor '	'unknown'	'0'	''	-	False	True	True	True	None	False
' truecolor '	'unknown'	'0'	''	''	True	False	True	True	None	False
' truecolor '	'unknown'	'0'	''	''	True	True	True	True	None	False
' truecolor '	'unknown'	'0'	''	''	False	False	True	True	None	False
' truecolor '	'unknown'	'0'	''	''	False	True	True	True	None	False
' truecolor '	'unknown'	'0'	''	'1'	True	False	True	True	None	True
' truecolor '	'unknown'	'0'	''	'1'	True	True	True	True	None	True
' truecolor '	'unknown'	'0'	''	'1'	False	False	True	True	None	True
' truecolor '	'unknown'	'0'	''	'1'	False	True	True	True	None	True
' truecolor '	'unknown'	'0'	'0'	-	True	False	False	False	None	False
' truecolor '	'unknown'	'0'	'0'	-	True	True	True	True	None	False
' truecolor '	'unknown'	'0'	'0'	-	False	False	False	False	None	False
' truecolor '	'unknown'	'0'	'0'	-	False	True	True	True	None	False
' truecolor '	'unknown'	'0'	'0'	''	True	False	False	False	None	False
' truecolor '	'unknown'	'0'	'0'	''	True	True	True	True	None	False
' truecolor '	'unknown'	'0'	'0'	''	False	False	False	False	None	False
' truecolor '	'unknown'	'0'	'0'	''	False	True	True	True	None	False
' truecolor '	'unknown'	'0'	'0'	'1'	True	False	False	False	None	True
' truecolor '	'unknown'	'0'	'0'	'1'	True	True	True	True	None	True
' truecolor '	'unknown'	'0'	'0'	'1'	False	False	False	False	None	True
' truecolor '	'unknown'	'0'	'0'	'1'	False	True	True	True	None	True
' truecolor '	'unknown'	'0'	'1'	-	True	False	True	True	None	False
' truecolor '	'unknown'	'0'	'1'	-	True	True	True	True	None	False
' truecolor '	'unknown'	'0'	'1'	-	False	False	True	True	None	False
' truecolor '	'unknown'	'0'	'1'	-	False	True	True	True	None	False
' truecolor '	'unknown'	'0'	'1'	''	True	False	True	True	None	False
' truecolor '	'unknown'	'0'	'1'	''	True	True	True	True	None	False
' truecolor '	'unknown'	'0'	'1'	''	False	False	True	True	None	False
' truecolor '	'unknown'	'0'	'1'	''	False	True	True	True	None	False
' truecolor '	'unknown'	'0'	'1'	'1'	True	False	True	True	None	True
' truecolor '	'unknown'	'0'	'1'	'1'	True	True	True	True	None	True
' truecolor '	'unknown'	'0'	'1'	'1'	False	False	True	True	None	True
' truecolor '	'unknown'	'0'	'1'	'1'	False	True	True	True	None	True
' truecolor '	'xterm'	-	-	-	True	False	True	False	truecolor	False
' truecolor '	'xterm'	-	-	-	True	True	True	False	truecolor	False
' truecolor '	'xterm'	-	-	-	False	False	False	False	None	False
' truecolor '	'xterm'	-	-	-	False	True	True	False	truecolor	False
' truecolor '	'xterm'	-	-	''	True	False	True	False	truecolor	False
' truecolor '	'xterm'	-	-	''	True	True	True	False	truecolor	False
' truecolor '	'xterm'	-	-	''	False	False	False	False	None	False
' truecolor '	'xterm'	-	-	''	False	True	True	False	truecolor	False
' truecolor '	'xterm'	-	-	'1'	True	False	True	False	truecolor	True
' truecolor '	'xterm'	-	-	'1'	True	True	True	False	truecolor	True
' truecolor '	'xterm'	-	-	'1'	False	False	False	False	None	True
' truecolor '	'xterm'	-	-	'1'	False	True	True	False	truecolor	True
' truecolor '	'xterm'	-	''	-	True	False	True	False	truecolor	False
' truecolor '	'xterm'	-	''	-	True	True	True	False	truecolor	False
' truecolor '	'xterm'	-	''	-	False	False	False	False	None	False
' truecolor '	'xterm'	-	''	-	False	True	True	False	truecolor	False
' truecolor '	'xterm'	-	''	''	True	False	True	False	truecolor	False
' truecolor '	'xterm'	-	''	''	True	True	True	False	truecolor	False
' truecolor '	'xterm'	-	''	''	False	False	False	False	None	False
' truecolor '	'xterm'	-	''	''	False	True	True	False	truecolor	False
' truecolor '	'xterm'	-	''	'1'	True	False	True	False	truecolor	True
' truecolor '	'xterm'	-	''	'1'	True	True	True	False	truecolor	True
' truecolor '	'xterm'	-	''	'1'	False	False	False	False	None	True
' truecolor '	'xterm'	-	''	'1'	False	True	True	False	truecolor	True
' truecolor '	'xterm'	-	'0'	-	True	False	False	False	None	False
' truecolor '	'xterm'	-	'0'	-	True	True	True	False	truecolor	False
' truecolor '	'xterm'	-	'0'	-	False	False	False	False	None	False
' truecolor '	'xterm'	-	'0'	-	False	True	True	False	truecolor	False
' truecolor '	'xterm'	-	'0'	''	True	False	False	False	None	False
' truecolor '	'xterm'	-	'0'	''	True	True	True	False	truecolor	False
' truecolor '	'xterm'	-	'0'	''	False	False	False	False	None	False
' truecolor '	'xterm'	-	'0'	''	False	True	True	False	truecolor	False
' truecolor '	'xterm'	-	'0'	'1'	True	False	False	False	None	True
' truecolor '	'xterm'	-	'0'	'1'	True	True	True	False	truecolor	True
' truecolor '	'xterm'	-	'0'	'1'	False	False	False	False	None	True
' truecolor '	'xterm'	-	'0'	'1'	False	True	True	False	truecolor	True
' truecolor '	'xterm'	-	'1'	-	True	False	True	False	truecolor	False
' truecolor '	'xterm'	-	'1'	-	True	True	True	False	truecolor	False
' truecolor '	'xterm'	-	'1'	-	False	False	True	False	truecolor	False
' truecolor '	'xterm'	-	'1'	-	False	True	True	False	truecolor	False
' truecolor '	'xterm'	-	'1'	''	True	False	True	False	truecolor	False
' truecolor '	'xterm'	-	'1'	''	True	True	True	False	truecolor	False
' truecolor '	'xterm'	-	'1'	''	False	False	True	False	truecolor	False
' truecolor '	'xterm'	-	'1'	''	False	True	True	False	truecolor	False
' truecolor '	'xterm'	-	'1'	'1'	True	False	True	False	truecolor	True
' truecolor '	'xterm'	-	'1'	'1'	True	True	True	False	truecolor	True
' truecolor '	'xterm'	-	'1'	'1'	False	False	True	False	truecolor	True
' truecolor '	'xterm'	-	'1'	'1'	False	True	True	False	truecolor	True
' truecolor '	'xterm'	''	-	-	True	False	False	False	None	False
' truecolor '	'xterm'	''	-	-	True	True	True	False	truecolor	False
' truecolor '	'xterm'	''	-	-	False	False	False	False	None	False
' truecolor '	'xterm'	''	-	-	False	True	True	False	truecolor	False
' truecolor '	'xterm'	''	-	''	True	False	False	False	None	False
' truecolor '	'xterm'	''	-	''	True	True	True	False	truecolor	False
' truecolor '	'xterm'	''	-	''	False	False	False	False	None	False
' truecolor '	'xterm'	''	-	''	False	True	True	False	truecolor	False
' truecolor '	'xterm'	''	-	'1'	True	False	False	False	None	True
' truecolor '	'xterm'	''	-	'1'	True	True	True	False	truecolor	True
' truecolor '	'xterm'	''	-	'1'	False	False	False	False	None	True
' truecolor '	'xterm'	''	-	'1'	False	True	True	False	truecolor	True
' truecolor '	'xterm'	''	''	-	True	False	False	False	None	False
' truecolor '	'xterm'	''	''	-	True	True	True	False	truecolor	False
' truecolor '	'xterm'	''	''	-	False	False	False	False	None	False
' truecolor '	'xterm'	''	''	-	False	True	True	False	truecolor	False
' truecolor '	'xterm'	''	''	''	True	False	False	False	None	False
' truecolor '	'xterm'	''	''	''	True	True	True	False	truecolor	False
' truecolor '	'xterm'	''	''	''	False	False	False	False	None	False
' truecolor '	'xterm'	''	''	''	False	True	True	False	truecolor	False
' truecolor '	'xterm'	''	''	'1'	True	False	False	False	None	True
' truecolor '	'xterm'	''	''	'1'	True	True	True	False	truecolor	True
' truecolor '	'xterm'	''	''	'1'	False	False	False	False	None	True
' truecolor '	'xterm'	''	''	'1'	False	True	True	False	truecolor	True
' truecolor '	'xterm'	''	'0'	-	True	False	False	False	None	False
' truecolor '	'xterm'	''	'0'	-	True	True	True	False	truecolor	False
' truecolor '	'xterm'	''	'0'	-	False	False	False	False	None	False
' truecolor '	'xterm'	''	'0'	-	False	True	True	False	truecolor	False
' truecolor '	'xterm'	''	'0'	''	True	False	False	False	None	False
' truecolor '	'xterm'	''	'0'	''	True	True	True	False	truecolor	False
' truecolor '	'xterm'	''	'0'	''	False	False	False	False	None	False
' truecolor '	'xterm'	''	'0'	''	False	True	True	False	truecolor	False
' truecolor '	'xterm'	''	'0'	'1'	True	False	False	False	None	True
' truecolor '	'xterm'	''	'0'	'1'	True	True	True	False	truecolor	True
' truecolor '	'xterm'	''	'0'	'1'	False	False	False	False	None	True
' truecolor '	'xterm'	''	'0'	'1'	False	True	True	False	truecolor	True
' truecolor '	'xterm'	''	'1'	-	True	False	True	False	truecolor	False
' truecolor '	'xterm'	''	'1'	-	True	True	True	False	truecolor	False
' truecolor '	'xterm'	''	'1'	-	False	False	True	False	truecolor	False
' truecolor '	'xterm'	''	'1'	-	False	True	True	False	truecolor	False
' truecolor '	'xterm'	''	'1'	''	True	False	True	False	truecolor	False
' truecolor '	'xterm'	''	'1'	''	True	True	True	False	truecolor	False
' truecolor '	'xterm'	''	'1'	''	False	False	True	False	truecolor	False
' truecolor '	'xterm'	''	'1'	''	False	True	True	False	truecolor	False
' truecolor '	'xterm'	''	'1'	'1'	True	False	True	False	truecolor	True
' truecolor '	'xterm'	''	'1'	'1'	True	True	True	False	truecolor	True
' truecolor '	'xterm'	''	'1'	'1'	False	False	True	False	truecolor	True
' truecolor '	'xterm'	''	'1'	'1'	False	True	True	False	truecolor	True
' truecolor '	'xterm'	'1'	-	-	True	False	True	False	truecolor	False
' truecolor '	'xterm'	'1'	-	-	True	True	True	False	truecolor	False
' truecolor '	'xterm'	'1'	-	-	False	False	True	False	truecolor	False
' truecolor '	'xterm'	'1'	-	-	False	True	True	False	truecolor	False
' truecolor '	'xterm'	'1'	-	''	True	False	True	False	truecolor	False
' truecolor '	'xterm'	'1'	-	''	True	True	True	False	truecolor	False
' truecolor '	'xterm'	'1'	-	''	False	False	True	False	truecolor	False
' truecolor '	'xterm'	'1'	-	''	False	True	True	False	truecolor	False
' truecolor '	'xterm'	'1'	-	'1'	True	False	True	False	truecolor	True
' truecolor '	'xterm'	'1'	-	'1'	True	True	True	False	truecolor	True
' truecolor '	'xterm'	'1'	-	'1'	False	False	True	False	truecolor	True
' truecolor '	'xterm'	'1'	-	'1'	False	True	True	False	truecolor	True
' truecolor '	'xterm'	'1'	''	-	True	False	True	False	truecolor	False
' truecolor '	'xterm'	'1'	''	-	True	True	True	False	truecolor	False
' truecolor '	'xterm'	'1'	''	-	False	False	True	False	truecolor	False
' truecolor '	'xterm'	'1'	''	-	False	True	True	False	truecolor	False
' truecolor '	'xterm'	'1'	''	''	True	False	True	False	truecolor	False
' truecolor '	'xterm'	'1'	''	''	True	True	True	False	truecolor	False
' truecolor '	'xterm'	'1'	''	''	False	False	True	False	truecolor	False
' truecolor '	'xterm'	'1'	''	''	False	True	True	False	truecolor	False
' truecolor '	'xterm'	'1'	''	'1'	True	False	True	False	truecolor	True
' truecolor '	'xterm'	'1'	''	'1'	True	True	True	False	truecolor	True
' truecolor '	'xterm'	'1'	''	'1'	False	False	True	False	truecolor	True
' truecolor '	'xterm'	'1'	''	'1'	False	True	True	False	truecolor	True
' truecolor '	'xterm'	'1'	'0'	-	True	False	False	False	None	False
' truecolor '	'xterm'	'1'	'0'	-	True	True	True	False	truecolor	False
' truecolor '	'xterm'	'1'	'0'	-	False	False	False	False	None	False
' truecolor '	'xterm'	'1'	'0'	-	False	True	True	False	truecolor	False
' truecolor '	'xterm'	'1'	'0'	''	True	False	False	False	None	False
' truecolor '	'xterm'	'1'	'0'	''	True	True	True	False	truecolor	False
' truecolor '	'xterm'	'1'	'0'	''	False	False	False	False	None	False
' truecolor '	'xterm'	'1'	'0'	''	False	True	True	False	truecolor	False
' truecolor '	'xterm'	'1'	'0'	'1'	True	False	False	False	None	True
' truecolor '	'xterm'	'1'	'0'	'1'	True	True	True	False	truecolor	True
' truecolor '	'xterm'	'1'	'0'	'1'	False	False	False	False	None	True
' truecolor '	'xterm'	'1'	'0'	'1'	False	True	True	False	truecolor	True
' truecolor '	'xterm'	'1'	'1'	-	True	False	True	False	truecolor	False
' truecolor '	'xterm'	'1'	'1'	-	True	True	True	False	truecolor	False
' truecolor '	'xterm'	'1'	'1'	-	False	False	True	False	truecolor	False
' truecolor '	'xterm'	'1'	'1'	-	False	True	True	False	truecolor	False
' truecolor '	'xterm'	'1'	'1'	''	True	False	True	False	truecolor	False
' truecolor '	'xterm'	'1'	'1'	''	True	True	True	False	truecolor	False
' truecolor '	'xterm'	'1'	'1'	''	False	False	True	False	truecolor	False
' truecolor '	'xterm'	'1'	'1'	''	False	True	True	False	truecolor	False
' truecolor '	'xterm'	'1'	'1'	'1'	True	False	True	False	truecolor	True
' truecolor '	'xterm'	'1'	'1'	'1'	True	True	True	False	truecolor	True
' truecolor '	'xterm'	'1'	'1'	'1'	False	False	True	False	truecolor	True
' truecolor '	'xterm'	'1'	'1'	'1'	False	True	True	False	truecolor	True
' truecolor '	'xterm'	'0'	-	-	True	False	True	False	truecolor	False
' truecolor '	'xterm'	'0'	-	-	True	True	True	False	truecolor	False
' truecolor '	'xterm'	'0'	-	-	False	False	True	False	truecolor	False
' truecolor '	'xterm'	'0'	-	-	False	True	True	False	truecolor	False
' truecolor '	'xterm'	'0'	-	''	True	False	True	False	truecolor	False
' truecolor '	'xterm'	'0'	-	''	True	True	True	False	truecolor	False
' truecolor '	'xterm'	'0'	-	''	False	False	True	False	truecolor	False
' truecolor '	'xterm'	'0'	-	''	False	True	True	False	truecolor	False
' truecolor '	'xterm'	'0'	-	'1'	True	False	True	False	truecolor	True
' truecolor '	'xterm'	'0'	-	'1'	True	True	True	False	truecolor	True
' truecolor '	'xterm'	'0'	-	'1'	False	False	True	False	truecolor	True
' truecolor '	'xterm'	'0'	-	'1'	False	True	True	False	truecolor	True
' truecolor '	'xterm'	'0'	''	-	True	False	True	False	truecolor	False
' truecolor '	'xterm'	'0'	''	-	True	True	True	False	truecolor	False
' truecolor '	'xterm'	'0'	''	-	False	False	True	False	truecolor	False
' truecolor '	'xterm'	'0'	''	-	False	True	True	False	truecolor	False
' truecolor '	'xterm'	'0'	''	''	True	False	True	False	truecolor	False
' truecolor '	'xterm'	'0'	''	''	True	True	True	False	truecolor	False
' truecolor '	'xterm'	'0'	''	''	False	False	True	False	truecolor	False
' truecolor '	'xterm'	'0'	''	''	False	True	True	False	truecolor	False
' truecolor '	'xterm'	'0'	''	'1'	True	False	True	False	truecolor	True
' truecolor '	'xterm'	'0'	''	'1'	True	True	True	False	truecolor	True
' truecolor '	'xterm'	'0'	''	'1'	False	False	True	False	truecolor	True
' truecolor '	'xterm'	'0'	''	'1'	False	True	True	False	truecolor	True
' truecolor '	'xterm'	'0'	'0'	-	True	False	False	False	None	False
' truecolor '	'xterm'	'0'	'0'	-	True	True	True	False	truecolor	False
' truecolor '	'xterm'	'0'	'0'	-	False	False	False	False	None	False
' truecolor '	'xterm'	'0'	'0'	-	False	True	True	False	truecolor	False
' truecolor '	'xterm'	'0'	'0'	''	True	False	False	False	None	False
' truecolor '	'xterm'	'0'	'0'	''	True	True	True	False	truecolor	False
' truecolor '	'xterm'	'0'	'0'	''	False	False	False	False	None	False
' truecolor '	'xterm'	'0'	'0'	''	False	True	True	False	truecolor	False
' truecolor '	'xterm'	'0'	'0'	'1'	True	False	False	False	None	True
' truecolor '	'xterm'	'0'	'0'	'1'	True	True	True	False	truecolor	True
' truecolor '	'xterm'	'0'	'0'	'1'	False	False	False	False	None	True
' truecolor '	'xterm'	'0'	'0'	'1'	False	True	True	False	truecolor	True
' truecolor '	'xterm'	'0'	'1'	-	True	False	True	False	truecolor	False
' truecolor '	'xterm'	'0'	'1'	-	True	True	True	False	truecolor	False
' truecolor '	'xterm'	'0'	'1'	-	False	False	True	False	truecolor	False
' truecolor '	'xterm'	'0'	'1'	-	False	True	True	False	truecolor	False
' truecolor '	'xterm'	'0'	'1'	''	True	False	True	False	truecolor	False
' truecolor '	'xterm'	'0'	'1'	''	True	True	True	False	truecolor	False
' truecolor '	'xterm'	'0'	'1'	''	False	False	True	False	truecolor	False
' truecolor '	'xterm'	'0'	'1'	''	False	True	True	False	truecolor	False
' truecolor '	'xterm'	'0'	'1'	'1'	True	False	True	False	truecolor	True
' truecolor '	'xterm'	'0'	'1'	'1'	True	True	True	False	truecolor	True
' truecolor '	'xterm'	'0'	'1'	'1'	False	False	True	False	truecolor	True
' truecolor '	'xterm'	'0'	'1'	'1'	False	True	True	False	truecolor	True
' truecolor '	'xterm-256color'	-	-	-	True	False	True	False	truecolor	False
' truecolor '	'xterm-256color'	-	-	-	True	True	True	False	truecolor	False
' truecolor '	'xterm-256color'	-	-	-	False	False	False	False	None	False
' truecolor '	'xterm-256color'	-	-	-	False	True	True	False	truecolor	False
' truecolor '	'xterm-256color'	-	-	''	True	False	True	False	truecolor	False
' truecolor '	'xterm-256color'	-	-	''	True	True	True	False	truecolor	False
' truecolor '	'xterm-256color'	-	-	''	False	False	False	False	None	False
' truecolor '	'xterm-256color'	-	-	''	False	True	True	False	truecolor	False
' truecolor '	'xterm-256color'	-	-	'1'	True	False	True	False	truecolor	True
' truecolor '	'xterm-256color'	-	-	'1'	True	True	True	False	truecolor	True
' truecolor '	'xterm-256color'	-	-	'1'	False	False	False	False	None	True
' truecolor '	'xterm-256color'	-	-	'1'	False	True	True	False	truecolor	True
' truecolor '	'xterm-256color'	-	''	-	True	False	True	False	truecolor	False
' truecolor '	'xterm-256color'	-	''	-	True	True	True	False	truecolor	False
' truecolor '	'xterm-256color'	-	''	-	False	False	False	False	None	False
' truecolor '	'xterm-256color'	-	''	-	False	True	True	False	truecolor	False
' truecolor '	'xterm-256color'	-	''	''	True	False	True	False	truecolor	False
' truecolor '	'xterm-256color'	-	''	''	True	True	True	False	truecolor	False
' truecolor '	'xterm-256color'	-	''	''	False	False	False	False	None	False
' truecolor '	'xterm-256color'	-	''	''	False	True	True	False	truecolor	False
' truecolor '	'xterm-256color'	-	''	'1'	True	False	True	False	truecolor	True
' truecolor '	'xterm-256color'	-	''	'1'	True	True	True	False	truecolor	True
' truecolor '	'xterm-256color'	-	''	'1'	False	False	False	False	None	True
' truecolor '	'xterm-256color'	-	''	'1'	False	True	True	False	truecolor	True
' truecolor '	'xterm-256color'	-	'0'	-	True	False	False	False	None	False
' truecolor '	'xterm-256color'	-	'0'	-	True	True	True	False	truecolor	False
' truecolor '	'xterm-256color'	-	'0'	-	False	False	False	False	None	False
' truecolor '	'xterm-256color'	-	'0'	-	False	True	True	False	truecolor	False
' truecolor '	'xterm-256color'	-	'0'	''	True	False	False	False	None	False
' truecolor '	'xterm-256color'	-	'0'	''	True	True	True	False	truecolor	False
' truecolor '	'xterm-256color'	-	'0'	''	False	False	False	False	None	False
' truecolor '	'xterm-256color'	-	'0'	''	False	True	True	False	truecolor	False
' truecolor '	'xterm-256color'	-	'0'	'1'	True	False	False	False	None	True
' truecolor '	'xterm-256color'	-	'0'	'1'	True	True	True	False	truecolor	True
' truecolor '	'xterm-256color'	-	'0'	'1'	False	False	False	False	None	True
' truecolor '	'xterm-256color'	-	'0'	'1'	False	True	True	False	truecolor	True
' truecolor '	'xterm-256color'	-	'1'	-	True	False	True	False	truecolor	False
' truecolor '	'xterm-256color'	-	'1'	-	True	True	True	False	truecolor	False
' truecolor '	'xterm-256color'	-	'1'	-	False	False	True	False	truecolor	False
' truecolor '	'xterm-256color'	-	'1'	-	False	True	True	False	truecolor	False
' truecolor '	'xterm-256color'	-	'1'	''	True	False	True	False	truecolor	False
' truecolor '	'xterm-256color'	-	'1'	''	True	True	True	False	truecolor	False
' truecolor '	'xterm-256color'	-	'1'	''	False	False	True	False	truecolor	False
' truecolor '	'xterm-256color'	-	'1'	''	False	True	True	False	truecolor	False
' truecolor '	'xterm-256color'	-	'1'	'1'	True	False	True	False	truecolor	True
' truecolor '	'xterm-256color'	-	'1'	'1'	True	True	True	False	truecolor	True
' truecolor '	'xterm-256color'	-	'1'	'1'	False	False	True	False	truecolor	True
' truecolor '	'xterm-256color'	-	'1'	'1'	False	True	True	False	truecolor	True
' truecolor '	'xterm-256color'	''	-	-	True	False	False	False	None	False
' truecolor '	'xterm-256color'	''	-	-	True	True	True	False	truecolor	False
' truecolor '	'xterm-256color'	''	-	-	False	False	False	False	None	False
' truecolor '	'xterm-256color'	''	-	-	False	True	True	False	truecolor	False
' truecolor '	'xterm-256color'	''	-	''	True	False	False	False	None	False
' truecolor '	'xterm-256color'	''	-	''	True	True	True	False	truecolor	False
' truecolor '	'xterm-256color'	''	-	''	False	False	False	False	None	False
' truecolor '	'xterm-256color'	''	-	''	False	True	True	False	truecolor	False
' truecolor '	'xterm-256color'	''	-	'1'	True	False	False	False	None	True
' truecolor '	'xterm-256color'	''	-	'1'	True	True	True	False	truecolor	True
' truecolor '	'xterm-256color'	''	-	'1'	False	False	False	False	None	True
' truecolor '	'xterm-256color'	''	-	'1'	False	True	True	False	truecolor	True
' truecolor '	'xterm-256color'	''	''	-	True	False	False	False	None	False
' truecolor '	'xterm-256color'	''	''	-	True	True	True	False	truecolor	False
' truecolor '	'xterm-256color'	''	''	-	False	False	False	False	None	False
' truecolor '	'xterm-256color'	''	''	-	False	True	True	False	truecolor	False
' truecolor '	'xterm-256color'	''	''	''	True	False	False	False	None	False
' truecolor '	'xterm-256color'	''	''	''	True	True	True	False	truecolor	False
' truecolor '	'xterm-256color'	''	''	''	False	False	False	False	None	False
' truecolor '	'xterm-256color'	''	''	''	False	True	True	False	truecolor	False
' truecolor '	'xterm-256color'	''	''	'1'	True	False	False	False	None	True
' truecolor '	'xterm-256color'	''	''	'1'	True	True	True	False	truecolor	True
' truecolor '	'xterm-256color'	''	''	'1'	False	False	False	False	None	True
' truecolor '	'xterm-256color'	''	''	'1'	False	True	True	False	truecolor	True
' truecolor '	'xterm-256color'	''	'0'	-	True	False	False	False	None	False
' truecolor '	'xterm-256color'	''	'0'	-	True	True	True	False	truecolor	False
' truecolor '	'xterm-256color'	''	'0'	-	False	False	False	False	None	False
' truecolor '	'xterm-256color'	''	'0'	-	False	True	True	False	truecolor	False
' truecolor '	'xterm-256color'	''	'0'	''	True	False	False	False	None	False
' truecolor '	'xterm-256color'	''	'0'	''	True	True	True	False	truecolor	False
' truecolor '	'xterm-256color'	''	'0'	''	False	False	False	False	None	False
' truecolor '	'xterm-256color'	''	'0'	''	False	True	True	False	truecolor	False
' truecolor '	'xterm-256color'	''	'0'	'1'	True	False	False	False	None	True
' truecolor '	'xterm-256color'	''	'0'	'1'	True	True	True	False	truecolor	True
' truecolor '	'xterm-256color'	''	'0'	'1'	False	False	False	False	None	True
' truecolor '	'xterm-256color'	''	'0'	'1'	False	True	True	False	truecolor	True
' truecolor '	'xterm-256color'	''	'1'	-	True	False	True	False	truecolor	False
' truecolor '	'xterm-256color'	''	'1'	-	True	True	True	False	truecolor	False
' truecolor '	'xterm-256color'	''	'1'	-	False	False	True	False	truecolor	False
' truecolor '	'xterm-256color'	''	'1'	-	False	True	True	False	truecolor	False
' truecolor '	'xterm-256color'	''	'1'	''	True	False	True	False	truecolor	False
' truecolor '	'xterm-256color'	''	'1'	''	True	True	True	False	truecolor	False
' truecolor '	'xterm-256color'	''	'1'	''	False	False	True	False	truecolor	False
' truecolor '	'xterm-256color'	''	'1'	''	False	True	True	False	truecolor	False
' truecolor '	'xterm-256color'	''	'1'	'1'	True	False	True	False	truecolor	True
' truecolor '	'xterm-256color'	''	'1'	'1'	True	True	True	False	truecolor	True
' truecolor '	'xterm-256color'	''	'1'	'1'	False	False	True	False	truecolor	True
' truecolor '	'xterm-256color'	''	'1'	'1'	False	True	True	False	truecolor	True
' truecolor '	'xterm-256color'	'1'	-	-	True	False	True	False	truecolor	False
' truecolor '	'xterm-256color'	'1'	-	-	True	True	True	False	truecolor	False
' truecolor '	'xterm-256color'	'1'	-	-	False	False	True	False	truecolor	False
' truecolor '	'xterm-256color'	'1'	-	-	False	True	True	False	truecolor	False
' truecolor '	'xterm-256color'	'1'	-	''	True	False	True	False	truecolor	False
' truecolor '	'xterm-256color'	'1'	-	''	True	True	True	False	truecolor	False
' truecolor '	'xterm-256color'	'1'	-	''	False	False	True	False	truecolor	False
' truecolor '	'xterm-256color'	'1'	-	''	False	True	True	False	truecolor	False
' truecolor '	'xterm-256color'	'1'	-	'1'	True	False	True	False	truecolor	True
' truecolor '	'xterm-256color'	'1'	-	'1'	True	True	True	False	truecolor	True
' truecolor '	'xterm-256color'	'1'	-	'1'	False	False	True	False	truecolor	True
' truecolor '	'xterm-256color'	'1'	-	'1'	False	True	True	False	truecolor	True
' truecolor '	'xterm-256color'	'1'	''	-	True	False	True	False	truecolor	False
' truecolor '	'xterm-256color'	'1'	''	-	True	True	True	False	truecolor	False
' truecolor '	'xterm-256color'	'1'	''	-	False	False	True	False	truecolor	False
' truecolor '	'xterm-256color'	'1'	''	-	False	True	True	False	truecolor	False
' truecolor '	'xterm-256color'	'1'	''	''	True	False	True	False	truecolor	False
' truecolor '	'xterm-256color'	'1'	''	''	True	True	True	False	truecolor	False
' truecolor '	'xterm-256color'	'1'	''	''	False	False	True	False	truecolor	False
' truecolor '	'xterm-256color'	'1'	''	''	False	True	True	False	truecolor	False
' truecolor '	'xterm-256color'	'1'	''	'1'	True	False	True	False	truecolor	True
' truecolor '	'xterm-256color'	'1'	''	'1'	True	True	True	False	truecolor	True
' truecolor '	'xterm-256color'	'1'	''	'1'	False	False	True	False	truecolor	True
' truecolor '	'xterm-256color'	'1'	''	'1'	False	True	True	False	truecolor	True
' truecolor '	'xterm-256color'	'1'	'0'	-	True	False	False	False	None	False
' truecolor '	'xterm-256color'	'1'	'0'	-	True	True	True	False	truecolor	False
' truecolor '	'xterm-256color'	'1'	'0'	-	False	False	False	False	None	False
' truecolor '	'xterm-256color'	'1'	'0'	-	False	True	True	False	truecolor	False
' truecolor '	'xterm-256color'	'1'	'0'	''	True	False	False	False	None	False
' truecolor '	'xterm-256color'	'1'	'0'	''	True	True	True	False	truecolor	False
' truecolor '	'xterm-256color'	'1'	'0'	''	False	False	False	False	None	False
' truecolor '	'xterm-256color'	'1'	'0'	''	False	True	True	False	truecolor	False
' truecolor '	'xterm-256color'	'1'	'0'	'1'	True	False	False	False	None	True
' truecolor '	'xterm-256color'	'1'	'0'	'1'	True	True	True	False	truecolor	True
' truecolor '	'xterm-256color'	'1'	'0'	'1'	False	False	False	False	None	True
' truecolor '	'xterm-256color'	'1'	'0'	'1'	False	True	True	False	truecolor	True
' truecolor '	'xterm-256color'	'1'	'1'	-	True	False	True	False	truecolor	False
' truecolor '	'xterm-256color'	'1'	'1'	-	True	True	True	False	truecolor	False
' truecolor '	'xterm-256color'	'1'	'1'	-	False	False	True	False	truecolor	False
' truecolor '	'xterm-256color'	'1'	'1'	-	False	True	True	False	truecolor	False
' truecolor '	'xterm-256color'	'1'	'1'	''	True	False	True	False	truecolor	False
' truecolor '	'xterm-256color'	'1'	'1'	''	True	True	True	False	truecolor	False
' truecolor '	'xterm-256color'	'1'	'1'	''	False	False	True	False	truecolor	False
' truecolor '	'xterm-256color'	'1'	'1'	''	False	True	True	False	truecolor	False
' truecolor '	'xterm-256color'	'1'	'1'	'1'	True	False	True	False	truecolor	True
' truecolor '	'xterm-256color'	'1'	'1'	'1'	True	True	True	False	truecolor	True
' truecolor '	'xterm-256color'	'1'	'1'	'1'	False	False	True	False	truecolor	True
' truecolor '	'xterm-256color'	'1'	'1'	'1'	False	True	True	False	truecolor	True
' truecolor '	'xterm-256color'	'0'	-	-	True	False	True	False	truecolor	False
' truecolor '	'xterm-256color'	'0'	-	-	True	True	True	False	truecolor	False
' truecolor '	'xterm-256color'	'0'	-	-	False	False	True	False	truecolor	False
' truecolor '	'xterm-256color'	'0'	-	-	False	True	True	False	truecolor	False
' truecolor '	'xterm-256color'	'0'	-	''	True	False	True	False	truecolor	False
' truecolor '	'xterm-256color'	'0'	-	''	True	True	True	False	truecolor	False
' truecolor '	'xterm-256color'	'0'	-	''	False	False	True	False	truecolor	False
' truecolor '	'xterm-256color'	'0'	-	''	False	True	True	False	truecolor	False
' truecolor '	'xterm-256color'	'0'	-	'1'	True	False	True	False	truecolor	True
' truecolor '	'xterm-256color'	'0'	-	'1'	True	True	True	False	truecolor	True
' truecolor '	'xterm-256color'	'0'	-	'1'	False	False	True	False	truecolor	True
' truecolor '	'xterm-256color'	'0'	-	'1'	False	True	True	False	truecolor	True
' truecolor '	'xterm-256color'	'0'	''	-	True	False	True	False	truecolor	False
' truecolor '	'xterm-256color'	'0'	''	-	True	True	True	False	truecolor	False
' truecolor '	'xterm-256color'	'0'	''	-	False	False	True	False	truecolor	False
' truecolor '	'xterm-256color'	'0'	''	-	False	True	True	False	truecolor	False
' truecolor '	'xterm-256color'	'0'	''	''	True	False	True	False	truecolor	False
' truecolor '	'xterm-256color'	'0'	''	''	True	True	True	False	truecolor	False
' truecolor '	'xterm-256color'	'0'	''	''	False	False	True	False	truecolor	False
' truecolor '	'xterm-256color'	'0'	''	''	False	True	True	False	truecolor	False
' truecolor '	'xterm-256color'	'0'	''	'1'	True	False	True	False	truecolor	True
' truecolor '	'xterm-256color'	'0'	''	'1'	True	True	True	False	truecolor	True
' truecolor '	'xterm-256color'	'0'	''	'1'	False	False	True	False	truecolor	True
' truecolor '	'xterm-256color'	'0'	''	'1'	False	True	True	False	truecolor	True
' truecolor '	'xterm-256color'	'0'	'0'	-	True	False	False	False	None	False
' truecolor '	'xterm-256color'	'0'	'0'	-	True	True	True	False	truecolor	False
' truecolor '	'xterm-256color'	'0'	'0'	-	False	False	False	False	None	False
' truecolor '	'xterm-256color'	'0'	'0'	-	False	True	True	False	truecolor	False
' truecolor '	'xterm-256color'	'0'	'0'	''	True	False	False	False	None	False
' truecolor '	'xterm-256color'	'0'	'0'	''	True	True	True	False	truecolor	False
' truecolor '	'xterm-256color'	'0'	'0'	''	False	False	False	False	None	False
' truecolor '	'xterm-256color'	'0'	'0'	''	False	True	True	False	truecolor	False
' truecolor '	'xterm-256color'	'0'	'0'	'1'	True	False	False	False	None	True
' truecolor '	'xterm-256color'	'0'	'0'	'1'	True	True	True	False	truecolor	True
' truecolor '	'xterm-256color'	'0'	'0'	'1'	False	False	False	False	None	True
' truecolor '	'xterm-256color'	'0'	'0'	'1'	False	True	True	False	truecolor	True
' truecolor '	'xterm-256color'	'0'	'1'	-	True	False	True	False	truecolor	False
' truecolor '	'xterm-256color'	'0'	'1'	-	True	True	True	False	truecolor	False
' truecolor '	'xterm-256color'	'0'	'1'	-	False	False	True	False	truecolor	False
' truecolor '	'xterm-256color'	'0'	'1'	-	False	True	True	False	truecolor	False
' truecolor '	'xterm-256color'	'0'	'1'	''	True	False	True	False	truecolor	False
' truecolor '	'xterm-256color'	'0'	'1'	''	True	True	True	False	truecolor	False
' truecolor '	'xterm-256color'	'0'	'1'	''	False	False	True	False	truecolor	False
' truecolor '	'xterm-256color'	'0'	'1'	''	False	True	True	False	truecolor	False
' truecolor '	'xterm-256color'	'0'	'1'	'1'	True	False	True	False	truecolor	True
' truecolor '	'xterm-256color'	'0'	'1'	'1'	True	True	True	False	truecolor	True
' truecolor '	'xterm-256color'	'0'	'1'	'1'	False	False	True	False	truecolor	True
' truecolor '	'xterm-256color'	'0'	'1'	'1'	False	True	True	False	truecolor	True
' truecolor '	'xterm-16color'	-	-	-	True	False	True	False	truecolor	False
' truecolor '	'xterm-16color'	-	-	-	True	True	True	False	truecolor	False
' truecolor '	'xterm-16color'	-	-	-	False	False	False	False	None	False
' truecolor '	'xterm-16color'	-	-	-	False	True	True	False	truecolor	False
' truecolor '	'xterm-16color'	-	-	''	True	False	True	False	truecolor	False
' truecolor '	'xterm-16color'	-	-	''	True	True	True	False	truecolor	False
' truecolor '	'xterm-16color'	-	-	''	False	False	False	False	None	False
' truecolor '	'xterm-16color'	-	-	''	False	True	True	False	truecolor	False
' truecolor '	'xterm-16color'	-	-	'1'	True	False	True	False	truecolor	True
' truecolor '	'xterm-16color'	-	-	'1'	True	True	True	False	truecolor	True
' truecolor '	'xterm-16color'	-	-	'1'	False	False	False	False	None	True
' truecolor '	'xterm-16color'	-	-	'1'	False	True	True	False	truecolor	True
' truecolor '	'xterm-16color'	-	''	-	True	False	True	False	truecolor	False
' truecolor '	'xterm-16color'	-	''	-	True	True	True	False	truecolor	False
' truecolor '	'xterm-16color'	-	''	-	False	False	False	False	None	False
' truecolor '	'xterm-16color'	-	''	-	False	True	True	False	truecolor	False
' truecolor '	'xterm-16color'	-	''	''	True	False	True	False	truecolor	False
' truecolor '	'xterm-16color'	-	''	''	True	True	True	False	truecolor	False
' truecolor '	'xterm-16color'	-	''	''	False	False	False	False	None	False
' truecolor '	'xterm-16color'	-	''	''	False	True	True	False	truecolor	False
' truecolor '	'xterm-16color'	-	''	'1'	True	False	True	False	truecolor	True
' truecolor '	'xterm-16color'	-	''	'1'	True	True	True	False	truecolor	True
' truecolor '	'xterm-16color'	-	''	'1'	False	False	False	False	None	True
' truecolor '	'xterm-16color'	-	''	'1'	False	True	True	False	truecolor	True
' truecolor '	'xterm-16color'	-	'0'	-	True	False	False	False	None	False
' truecolor '	'xterm-16color'	-	'0'	-	True	True	True	False	truecolor	False
' truecolor '	'xterm-16color'	-	'0'	-	False	False	False	False	None	False
' truecolor '	'xterm-16color'	-	'0'	-	False	True	True	False	truecolor	False
' truecolor '	'xterm-16color'	-	'0'	''	True	False	False	False	None	False
' truecolor '	'xterm-16color'	-	'0'	''	True	True	True	False	truecolor	False
' truecolor '	'xterm-16color'	-	'0'	''	False	False	False	False	None	False
' truecolor '	'xterm-16color'	-	'0'	''	False	True	True	False	truecolor	False
' truecolor '	'xterm-16color'	-	'0'	'1'	True	False	False	False	None	True
' truecolor '	'xterm-16color'	-	'0'	'1'	True	True	True	False	truecolor	True
' truecolor '	'xterm-16color'	-	'0'	'1'	False	False	False	False	None	True
' truecolor '	'xterm-16color'	-	'0'	'1'	False	True	True	False	truecolor	True
' truecolor '	'xterm-16color'	-	'1'	-	True	False	True	False	truecolor	False
' truecolor '	'xterm-16color'	-	'1'	-	True	True	True	False	truecolor	False
' truecolor '	'xterm-16color'	-	'1'	-	False	False	True	False	truecolor	False
' truecolor '	'xterm-16color'	-	'1'	-	False	True	True	False	truecolor	False
' truecolor '	'xterm-16color'	-	'1'	''	True	False	True	False	truecolor	False
' truecolor '	'xterm-16color'	-	'1'	''	True	True	True	False	truecolor	False
' truecolor '	'xterm-16color'	-	'1'	''	False	False	True	False	truecolor	False
' truecolor '	'xterm-16color'	-	'1'	''	False	True	True	False	truecolor	False
' truecolor '	'xterm-16color'	-	'1'	'1'	True	False	True	False	truecolor	True
' truecolor '	'xterm-16color'	-	'1'	'1'	True	True	True	False	truecolor	True
' truecolor '	'xterm-16color'	-	'1'	'1'	False	False	True	False	truecolor	True
' truecolor '	'xterm-16color'	-	'1'	'1'	False	True	True	False	truecolor	True
' truecolor '	'xterm-16color'	''	-	-	True	False	False	False	None	False
' truecolor '	'xterm-16color'	''	-	-	True	True	True	False	truecolor	False
' truecolor '	'xterm-16color'	''	-	-	False	False	False	False	None	False
' truecolor '	'xterm-16color'	''	-	-	False	True	True	False	truecolor	False
' truecolor '	'xterm-16color'	''	-	''	True	False	False	False	None	False
' truecolor '	'xterm-16color'	''	-	''	True	True	True	False	truecolor	False
' truecolor '	'xterm-16color'	''	-	''	False	False	False	False	None	False
' truecolor '	'xterm-16color'	''	-	''	False	True	True	False	truecolor	False
' truecolor '	'xterm-16color'	''	-	'1'	True	False	False	False	None	True
' truecolor '	'xterm-16color'	''	-	'1'	True	True	True	False	truecolor	True
' truecolor '	'xterm-16color'	''	-	'1'	False	False	False	False	None	True
' truecolor '	'xterm-16color'	''	-	'1'	False	True	True	False	truecolor	True
' truecolor '	'xterm-16color'	''	''	-	True	False	False	False	None	False
' truecolor '	'xterm-16color'	''	''	-	True	True	True	False	truecolor	False
' truecolor '	'xterm-16color'	''	''	-	False	False	False	False	None	False
' truecolor '	'xterm-16color'	''	''	-	False	True	True	False	truecolor	False
' truecolor '	'xterm-16color'	''	''	''	True	False	False	False	None	False
' truecolor '	'xterm-16color'	''	''	''	True	True	True	False	truecolor	False
' truecolor '	'xterm-16color'	''	''	''	False	False	False	False	None	False
' truecolor '	'xterm-16color'	''	''	''	False	True	True	False	truecolor	False
' truecolor '	'xterm-16color'	''	''	'1'	True	False	False	False	None	True
' truecolor '	'xterm-16color'	''	''	'1'	True	True	True	False	truecolor	True
' truecolor '	'xterm-16color'	''	''	'1'	False	False	False	False	None	True
' truecolor '	'xterm-16color'	''	''	'1'	False	True	True	False	truecolor	True
' truecolor '	'xterm-16color'	''	'0'	-	True	False	False	False	None	False
' truecolor '	'xterm-16color'	''	'0'	-	True	True	True	False	truecolor	False
' truecolor '	'xterm-16color'	''	'0'	-	False	False	False	False	None	False
' truecolor '	'xterm-16color'	''	'0'	-	False	True	True	False	truecolor	False
' truecolor '	'xterm-16color'	''	'0'	''	True	False	False	False	None	False
' truecolor '	'xterm-16color'	''	'0'	''	True	True	True	False	truecolor	False
' truecolor '	'xterm-16color'	''	'0'	''	False	False	False	False	None	False
' truecolor '	'xterm-16color'	''	'0'	''	False	True	True	False	truecolor	False
' truecolor '	'xterm-16color'	''	'0'	'1'	True	False	False	False	None	True
' truecolor '	'xterm-16color'	''	'0'	'1'	True	True	True	False	truecolor	True
' truecolor '	'xterm-16color'	''	'0'	'1'	False	False	False	False	None	True
' truecolor '	'xterm-16color'	''	'0'	'1'	False	True	True	False	truecolor	True
' truecolor '	'xterm-16color'	''	'1'	-	True	False	True	False	truecolor	False
' truecolor '	'xterm-16color'	''	'1'	-	True	True	True	False	truecolor	False
' truecolor '	'xterm-16color'	''	'1'	-	False	False	True	False	truecolor	False
' truecolor '	'xterm-16color'	''	'1'	-	False	True	True	False	truecolor	False
' truecolor '	'xterm-16color'	''	'1'	''	True	False	True	False	truecolor	False
' truecolor '	'xterm-16color'	''	'1'	''	True	True	True	False	truecolor	False
' truecolor '	'xterm-16color'	''	'1'	''	False	False	True	False	truecolor	False
' truecolor '	'xterm-16color'	''	'1'	''	False	True	True	False	truecolor	False
' truecolor '	'xterm-16color'	''	'1'	'1'	True	False	True	False	truecolor	True
' truecolor '	'xterm-16color'	''	'1'	'1'	True	True	True	False	truecolor	True
' truecolor '	'xterm-16color'	''	'1'	'1'	False	False	True	False	truecolor	True
' truecolor '	'xterm-16color'	''	'1'	'1'	False	True	True	False	truecolor	True
' truecolor '	'xterm-16color'	'1'	-	-	True	False	True	False	truecolor	False
' truecolor '	'xterm-16color'	'1'	-	-	True	True	True	False	truecolor	False
' truecolor '	'xterm-16color'	'1'	-	-	False	False	True	False	truecolor	False
' truecolor '	'xterm-16color'	'1'	-	-	False	True	True	False	truecolor	False
' truecolor '	'xterm-16color'	'1'	-	''	True	False	True	False	truecolor	False
' truecolor '	'xterm-16color'	'1'	-	''	True	True	True	False	truecolor	False
' truecolor '	'xterm-16color'	'1'	-	''	False	False	True	False	truecolor	False
' truecolor '	'xterm-16color'	'1'	-	''	False	True	True	False	truecolor	False
' truecolor '	'xterm-16color'	'1'	-	'1'	True	False	True	False	truecolor	True
' truecolor '	'xterm-16color'	'1'	-	'1'	True	True	True	False	truecolor	True
' truecolor '	'xterm-16color'	'1'	-	'1'	False	False	True	False	truecolor	True
' truecolor '	'xterm-16color'	'1'	-	'1'	False	True	True	False	truecolor	True
' truecolor '	'xterm-16color'	'1'	''	-	True	False	True	False	truecolor	False
' truecolor '	'xterm-16color'	'1'	''	-	True	True	True	False	truecolor	False
' truecolor '	'xterm-16color'	'1'	''	-	False	False	True	False	truecolor	False
' truecolor '	'xterm-16color'	'1'	''	-	False	True	True	False	truecolor	False
' truecolor '	'xterm-16color'	'1'	''	''	True	False	True	False	truecolor	False
' truecolor '	'xterm-16color'	'1'	''	''	True	True	True	False	truecolor	False
' truecolor '	'xterm-16color'	'1'	''	''	False	False	True	False	truecolor	False
' truecolor '	'xterm-16color'	'1'	''	''	False	True	True	False	truecolor	False
' truecolor '	'xterm-16color'	'1'	''	'1'	True	False	True	False	truecolor	True
' truecolor '	'xterm-16color'	'1'	''	'1'	True	True	True	False	truecolor	True
' truecolor '	'xterm-16color'	'1'	''	'1'	False	False	True	False	truecolor	True
' truecolor '	'xterm-16color'	'1'	''	'1'	False	True	True	False	truecolor	True
' truecolor '	'xterm-16color'	'1'	'0'	-	True	False	False	False	None	False
' truecolor '	'xterm-16color'	'1'	'0'	-	True	True	True	False	truecolor	False
' truecolor '	'xterm-16color'	'1'	'0'	-	False	False	False	False	None	False
' truecolor '	'xterm-16color'	'1'	'0'	-	False	True	True	False	truecolor	False
' truecolor '	'xterm-16color'	'1'	'0'	''	True	False	False	False	None	False
' truecolor '	'xterm-16color'	'1'	'0'	''	True	True	True	False	truecolor	False
' truecolor '	'xterm-16color'	'1'	'0'	''	False	False	False	False	None	False
' truecolor '	'xterm-16color'	'1'	'0'	''	False	True	True	False	truecolor	False
' truecolor '	'xterm-16color'	'1'	'0'	'1'	True	False	False	False	None	True
' truecolor '	'xterm-16color'	'1'	'0'	'1'	True	True	True	False	truecolor	True
' truecolor '	'xterm-16color'	'1'	'0'	'1'	False	False	False	False	None	True
' truecolor '	'xterm-16color'	'1'	'0'	'1'	False	True	True	False	truecolor	True
' truecolor '	'xterm-16color'	'1'	'1'	-	True	False	True	False	truecolor	False
' truecolor '	'xterm-16color'	'1'	'1'	-	True	True	True	False	truecolor	False
' truecolor '	'xterm-16color'	'1'	'1'	-	False	False	True	False	truecolor	False
' truecolor '	'xterm-16color'	'1'	'1'	-	False	True	True	False	truecolor	False
' truecolor '	'xterm-16color'	'1'	'1'	''	True	False	True	False	truecolor	False
' truecolor '	'xterm-16color'	'1'	'1'	''	True	True	True	False	truecolor	False
' truecolor '	'xterm-16color'	'1'	'1'	''	False	False	True	False	truecolor	False
' truecolor '	'xterm-16color'	'1'	'1'	''	False	True	True	False	truecolor	False
' truecolor '	'xterm-16color'	'1'	'1'	'1'	True	False	True	False	truecolor	True
' truecolor '	'xterm-16color'	'1'	'1'	'1'	True	True	True	False	truecolor	True
' truecolor '	'xterm-16color'	'1'	'1'	'1'	False	False	True	False	truecolor	True
' truecolor '	'xterm-16color'	'1'	'1'	'1'	False	True	True	False	truecolor	True
' truecolor '	'xterm-16color'	'0'	-	-	True	False	True	False	truecolor	False
' truecolor '	'xterm-16color'	'0'	-	-	True	True	True	False	truecolor	False
' truecolor '	'xterm-16color'	'0'	-	-	False	False	True	False	truecolor	False
' truecolor '	'xterm-16color'	'0'	-	-	False	True	True	False	truecolor	False
' truecolor '	'xterm-16color'	'0'	-	''	True	False	True	False	truecolor	False
' truecolor '	'xterm-16color'	'0'	-	''	True	True	True	False	truecolor	False
' truecolor '	'xterm-16color'	'0'	-	''	False	False	True	False	truecolor	False
' truecolor '	'xterm-16color'	'0'	-	''	False	True	True	False	truecolor	False
' truecolor '	'xterm-16color'	'0'	-	'1'	True	False	True	False	truecolor	True
' truecolor '	'xterm-16color'	'0'	-	'1'	True	True	True	False	truecolor	True
' truecolor '	'xterm-16color'	'0'	-	'1'	False	False	True	False	truecolor	True
' truecolor '	'xterm-16color'	'0'	-	'1'	False	True	True	False	truecolor	True
' truecolor '	'xterm-16color'	'0'	''	-	True	False	True	False	truecolor	False
' truecolor '	'xterm-16color'	'0'	''	-	True	True	True	False	truecolor	False
' truecolor '	'xterm-16color'	'0'	''	-	False	False	True	False	truecolor	False
' truecolor '	'xterm-16color'	'0'	''	-	False	True	True	False	truecolor	False
' truecolor '	'xterm-16color'	'0'	''	''	True	False	True	False	truecolor	False
' truecolor '	'xterm-16color'	'0'	''	''	True	True	True	False	truecolor	False
' truecolor '	'xterm-16color'	'0'	''	''	False	False	True	False	truecolor	False
' truecolor '	'xterm-16color'	'0'	''	''	False	True	True	False	truecolor	False
' truecolor '	'xterm-16color'	'0'	''	'1'	True	False	True	False	truecolor	True
' truecolor '	'xterm-16color'	'0'	''	'1'	True	True	True	False	truecolor	True
' truecolor '	'xterm-16color'	'0'	''	'1'	False	False	True	False	truecolor	True
' truecolor '	'xterm-16color'	'0'	''	'1'	False	True	True	False	truecolor	True
' truecolor '	'xterm-16color'	'0'	'0'	-	True	False	False	False	None	False
' truecolor '	'xterm-16color'	'0'	'0'	-	True	True	True	False	truecolor	False
' truecolor '	'xterm-16color'	'0'	'0'	-	False	False	False	False	None	False
' truecolor '	'xterm-16color'	'0'	'0'	-	False	True	True	False	truecolor	False
' truecolor '	'xterm-16color'	'0'	'0'	''	True	False	False	False	None	False
' truecolor '	'xterm-16color'	'0'	'0'	''	True	True	True	False	truecolor	False
' truecolor '	'xterm-16color'	'0'	'0'	''	False	False	False	False	None	False
' truecolor '	'xterm-16color'	'0'	'0'	''	False	True	True	False	truecolor	False
' truecolor '	'xterm-16color'	'0'	'0'	'1'	True	False	False	False	None	True
' truecolor '	'xterm-16color'	'0'	'0'	'1'	True	True	True	False	truecolor	True
' truecolor '	'xterm-16color'	'0'	'0'	'1'	False	False	False	False	None	True
' truecolor '	'xterm-16color'	'0'	'0'	'1'	False	True	True	False	truecolor	True
' truecolor '	'xterm-16color'	'0'	'1'	-	True	False	True	False	truecolor	False
' truecolor '	'xterm-16color'	'0'	'1'	-	True	True	True	False	truecolor	False
' truecolor '	'xterm-16color'	'0'	'1'	-	False	False	True	False	truecolor	False
' truecolor '	'xterm-16color'	'0'	'1'	-	False	True	True	False	truecolor	False
' truecolor '	'xterm-16color'	'0'	'1'	''	True	False	True	False	truecolor	False
' truecolor '	'xterm-16color'	'0'	'1'	''	True	True	True	False	truecolor	False
' truecolor '	'xterm-16color'	'0'	'1'	''	False	False	True	False	truecolor	False
' truecolor '	'xterm-16color'	'0'	'1'	''	False	True	True	False	truecolor	False
' truecolor '	'xterm-16color'	'0'	'1'	'1'	True	False	True	False	truecolor	True
' truecolor '	'xterm-16color'	'0'	'1'	'1'	True	True	True	False	truecolor	True
' truecolor '	'xterm-16color'	'0'	'1'	'1'	False	False	True	False	truecolor	True
' truecolor '	'xterm-16color'	'0'	'1'	'1'	False	True	True	False	truecolor	True
' truecolor '	'kitty'	-	-	-	True	False	True	False	truecolor	False
' truecolor '	'kitty'	-	-	-	True	True	True	False	truecolor	False
' truecolor '	'kitty'	-	-	-	False	False	False	False	None	False
' truecolor '	'kitty'	-	-	-	False	True	True	False	truecolor	False
' truecolor '	'kitty'	-	-	''	True	False	True	False	truecolor	False
' truecolor '	'kitty'	-	-	''	True	True	True	False	truecolor	False
' truecolor '	'kitty'	-	-	''	False	False	False	False	None	False
' truecolor '	'kitty'	-	-	''	False	True	True	False	truecolor	False
' truecolor '	'kitty'	-	-	'1'	True	False	True	False	truecolor	True
' truecolor '	'kitty'	-	-	'1'	True	True	True	False	truecolor	True
' truecolor '	'kitty'	-	-	'1'	False	False	False	False	None	True
' truecolor '	'kitty'	-	-	'1'	False	True	True	False	truecolor	True
' truecolor '	'kitty'	-	''	-	True	False	True	False	truecolor	False
' truecolor '	'kitty'	-	''	-	True	True	True	False	truecolor	False
' truecolor '	'kitty'	-	''	-	False	False	False	False	None	False
' truecolor '	'kitty'	-	''	-	False	True	True	False	truecolor	False
' truecolor '	'kitty'	-	''	''	True	False	True	False	truecolor	False
' truecolor '	'kitty'	-	''	''	True	True	True	False	truecolor	False
' truecolor '	'kitty'	-	''	''	False	False	False	False	None	False
' truecolor '	'kitty'	-	''	''	False	True	True	False	truecolor	False
' truecolor '	'kitty'	-	''	'1'	True	False	True	False	truecolor	True
' truecolor '	'kitty'	-	''	'1'	True	True	True	False	truecolor	True
' truecolor '	'kitty'	-	''	'1'	False	False	False	False	None	True
' truecolor '	'kitty'	-	''	'1'	False	True	True	False	truecolor	True
' truecolor '	'kitty'	-	'0'	-	True	False	False	False	None	False
' truecolor '	'kitty'	-	'0'	-	True	True	True	False	truecolor	False
' truecolor '	'kitty'	-	'0'	-	False	False	False	False	None	False
' truecolor '	'kitty'	-	'0'	-	False	True	True	False	truecolor	False
' truecolor '	'kitty'	-	'0'	''	True	False	False	False	None	False
' truecolor '	'kitty'	-	'0'	''	True	True	True	False	truecolor	False
' truecolor '	'kitty'	-	'0'	''	False	False	False	False	None	False
' truecolor '	'kitty'	-	'0'	''	False	True	True	False	truecolor	False
' truecolor '	'kitty'	-	'0'	'1'	True	False	False	False	None	True
' truecolor '	'kitty'	-	'0'	'1'	True	True	True	False	truecolor	True
' truecolor '	'kitty'	-	'0'	'1'	False	False	False	False	None	True
' truecolor '	'kitty'	-	'0'	'1'	False	True	True	False	truecolor	True
' truecolor '	'kitty'	-	'1'	-	True	False	True	False	truecolor	False
' truecolor '	'kitty'	-	'1'	-	True	True	True	False	truecolor	False
' truecolor '	'kitty'	-	'1'	-	False	False	True	False	truecolor	False
' truecolor '	'kitty'	-	'1'	-	False	True	True	False	truecolor	False
' truecolor '	'kitty'	-	'1'	''	True	False	True	False	truecolor	False
' truecolor '	'kitty'	-	'1'	''	True	True	True	False	truecolor	False
' truecolor '	'kitty'	-	'1'	''	False	False	True	False	truecolor	False
' truecolor '	'kitty'	-	'1'	''	False	True	True	False	truecolor	False
' truecolor '	'kitty'	-	'1'	'1'	True	False	True	False	truecolor	True
' truecolor '	'kitty'	-	'1'	'1'	True	True	True	False	truecolor	True
' truecolor '	'kitty'	-	'1'	'1'	False	False	True	False	truecolor	True
' truecolor '	'kitty'	-	'1'	'1'	False	True	True	False	truecolor	True
' truecolor '	'kitty'	''	-	-	True	False	False	False	None	False
' truecolor '	'kitty'	''	-	-	True	True	True	False	truecolor	False
' truecolor '	'kitty'	''	-	-	False	False	False	False	None	False
' truecolor '	'kitty'	''	-	-	False	True	True	False	truecolor	False
' truecolor '	'kitty'	''	-	''	True	False	False	False	None	False
' truecolor '	'kitty'	''	-	''	True	True	True	False	truecolor	False
' truecolor '	'kitty'	''	-	''	False	False	False	False	None	False
' truecolor '	'kitty'	''	-	''	False	True	True	False	truecolor	False
' truecolor '	'kitty'	''	-	'1'	True	False	False	False	None	True
' truecolor '	'kitty'	''	-	'1'	True	True	True	False	truecolor	True
' truecolor '	'kitty'	''	-	'1'	False	False	False	False	None	True
' truecolor '	'kitty'	''	-	'1'	False	True	True	False	truecolor	True
' truecolor '	'kitty'	''	''	-	True	False	False	False	None	False
' truecolor '	'kitty'	''	''	-	True	True	True	False	truecolor	False
' truecolor '	'kitty'	''	''	-	False	False	False	False	None	False
' truecolor '	'kitty'	''	''	-	False	True	True	False	truecolor	False
' truecolor '	'kitty'	''	''	''	True	False	False	False	None	False
' truecolor '	'kitty'	''	''	''	True	True	True	False	truecolor	False
' truecolor '	'kitty'	''	''	''	False	False	False	False	None	False
' truecolor '	'kitty'	''	''	''	False	True	True	False	truecolor	False
' truecolor '	'kitty'	''	''	'1'	True	False	False	False	None	True
' truecolor '	'kitty'	''	''	'1'	True	True	True	False	truecolor	True
' truecolor '	'kitty'	''	''	'1'	False	False	False	False	None	True
' truecolor '	'kitty'	''	''	'1'	False	True	True	False	truecolor	True
' truecolor '	'kitty'	''	'0'	-	True	False	False	False	None	False
' truecolor '	'kitty'	''	'0'	-	True	True	True	False	truecolor	False
' truecolor '	'kitty'	''	'0'	-	False	False	False	False	None	False
' truecolor '	'kitty'	''	'0'	-	False	True	True	False	truecolor	False
' truecolor '	'kitty'	''	'0'	''	True	False	False	False	None	False
' truecolor '	'kitty'	''	'0'	''	True	True	True	False	truecolor	False
' truecolor '	'kitty'	''	'0'	''	False	False	False	False	None	False
' truecolor '	'kitty'	''	'0'	''	False	True	True	False	truecolor	False
' truecolor '	'kitty'	''	'0'	'1'	True	False	False	False	None	True
' truecolor '	'kitty'	''	'0'	'1'	True	True	True	False	truecolor	True
' truecolor '	'kitty'	''	'0'	'1'	False	False	False	False	None	True
' truecolor '	'kitty'	''	'0'	'1'	False	True	True	False	truecolor	True
' truecolor '	'kitty'	''	'1'	-	True	False	True	False	truecolor	False
' truecolor '	'kitty'	''	'1'	-	True	True	True	False	truecolor	False
' truecolor '	'kitty'	''	'1'	-	False	False	True	False	truecolor	False
' truecolor '	'kitty'	''	'1'	-	False	True	True	False	truecolor	False
' truecolor '	'kitty'	''	'1'	''	True	False	True	False	truecolor	False
' truecolor '	'kitty'	''	'1'	''	True	True	True	False	truecolor	False
' truecolor '	'kitty'	''	'1'	''	False	False	True	False	truecolor	False
' truecolor '	'kitty'	''	'1'	''	False	True	True	False	truecolor	False
' truecolor '	'kitty'	''	'1'	'1'	True	False	True	False	truecolor	True
' truecolor '	'kitty'	''	'1'	'1'	True	True	True	False	truecolor	True
' truecolor '	'kitty'	''	'1'	'1'	False	False	True	False	truecolor	True
' truecolor '	'kitty'	''	'1'	'1'	False	True	True	False	truecolor	True
' truecolor '	'kitty'	'1'	-	-	True	False	True	False	truecolor	False
' truecolor '	'kitty'	'1'	-	-	True	True	True	False	truecolor	False
' truecolor '	'kitty'	'1'	-	-	False	False	True	False	truecolor	False
' truecolor '	'kitty'	'1'	-	-	False	True	True	False	truecolor	False
' truecolor '	'kitty'	'1'	-	''	True	False	True	False	truecolor	False
' truecolor '	'kitty'	'1'	-	''	True	True	True	False	truecolor	False
' truecolor '	'kitty'	'1'	-	''	False	False	True	False	truecolor	False
' truecolor '	'kitty'	'1'	-	''	False	True	True	False	truecolor	False
' truecolor '	'kitty'	'1'	-	'1'	True	False	True	False	truecolor	True
' truecolor '	'kitty'	'1'	-	'1'	True	True	True	False	truecolor	True
' truecolor '	'kitty'	'1'	-	'1'	False	False	True	False	truecolor	True
' truecolor '	'kitty'	'1'	-	'1'	False	True	True	False	truecolor	True
' truecolor '	'kitty'	'1'	''	-	True	False	True	False	truecolor	False
' truecolor '	'kitty'	'1'	''	-	True	True	True	False	truecolor	False
' truecolor '	'kitty'	'1'	''	-	False	False	True	False	truecolor	False
' truecolor '	'kitty'	'1'	''	-	False	True	True	False	truecolor	False
' truecolor '	'kitty'	'1'	''	''	True	False	True	False	truecolor	False
' truecolor '	'kitty'	'1'	''	''	True	True	True	False	truecolor	False
' truecolor '	'kitty'	'1'	''	''	False	False	True	False	truecolor	False
' truecolor '	'kitty'	'1'	''	''	False	True	True	False	truecolor	False
' truecolor '	'kitty'	'1'	''	'1'	True	False	True	False	truecolor	True
' truecolor '	'kitty'	'1'	''	'1'	True	True	True	False	truecolor	True
' truecolor '	'kitty'	'1'	''	'1'	False	False	True	False	truecolor	True
' truecolor '	'kitty'	'1'	''	'1'	False	True	True	False	truecolor	True
' truecolor '	'kitty'	'1'	'0'	-	True	False	False	False	None	False
' truecolor '	'kitty'	'1'	'0'	-	True	True	True	False	truecolor	False
' truecolor '	'kitty'	'1'	'0'	-	False	False	False	False	None	False
' truecolor '	'kitty'	'1'	'0'	-	False	True	True	False	truecolor	False
' truecolor '	'kitty'	'1'	'0'	''	True	False	False	False	None	False
' truecolor '	'kitty'	'1'	'0'	''	True	True	True	False	truecolor	False
' truecolor '	'kitty'	'1'	'0'	''	False	False	False	False	None	False
' truecolor '	'kitty'	'1'	'0'	''	False	True	True	False	truecolor	False
' truecolor '	'kitty'	'1'	'0'	'1'	True	False	False	False	None	True
' truecolor '	'kitty'	'1'	'0'	'1'	True	True	True	False	truecolor	True
' truecolor '	'kitty'	'1'	'0'	'1'	False	False	False	False	None	True
' truecolor '	'kitty'	'1'	'0'	'1'	False	True	True	False	truecolor	True
' truecolor '	'kitty'	'1'	'1'	-	True	False	True	False	truecolor	False
' truecolor '	'kitty'	'1'	'1'	-	True	True	True	False	truecolor	False
' truecolor '	'kitty'	'1'	'1'	-	False	False	True	False	truecolor	False
' truecolor '	'kitty'	'1'	'1'	-	False	True	True	False	truecolor	False
' truecolor '	'kitty'	'1'	'1'	''	True	False	True	False	truecolor	False
' truecolor '	'kitty'	'1'	'1'	''	True	True	True	False	truecolor	False
' truecolor '	'kitty'	'1'	'1'	''	False	False	True	False	truecolor	False
' truecolor '	'kitty'	'1'	'1'	''	False	True	True	False	truecolor	False
' truecolor '	'kitty'	'1'	'1'	'1'	True	False	True	False	truecolor	True
' truecolor '	'kitty'	'1'	'1'	'1'	True	True	True	False	truecolor	True
' truecolor '	'kitty'	'1'	'1'	'1'	False	False	True	False	truecolor	True
' truecolor '	'kitty'	'1'	'1'	'1'	False	True	True	False	truecolor	True
' truecolor '	'kitty'	'0'	-	-	True	False	True	False	truecolor	False
' truecolor '	'kitty'	'0'	-	-	True	True	True	False	truecolor	False
' truecolor '	'kitty'	'0'	-	-	False	False	True	False	truecolor	False
' truecolor '	'kitty'	'0'	-	-	False	True	True	False	truecolor	False
' truecolor '	'kitty'	'0'	-	''	True	False	True	False	truecolor	False
' truecolor '	'kitty'	'0'	-	''	True	True	True	False	truecolor	False
' truecolor '	'kitty'	'0'	-	''	False	False	True	False	truecolor	False
' truecolor '	'kitty'	'0'	-	''	False	True	True	False	truecolor	False
' truecolor '	'kitty'	'0'	-	'1'	True	False	True	False	truecolor	True
' truecolor '	'kitty'	'0'	-	'1'	True	True	True	False	truecolor	True
' truecolor '	'kitty'	'0'	-	'1'	False	False	True	False	truecolor	True
' truecolor '	'kitty'	'0'	-	'1'	False	True	True	False	truecolor	True
' truecolor '	'kitty'	'0'	''	-	True	False	True	False	truecolor	False
' truecolor '	'kitty'	'0'	''	-	True	True	True	False	truecolor	False
' truecolor '	'kitty'	'0'	''	-	False	False	True	False	truecolor	False
' truecolor '	'kitty'	'0'	''	-	False	True	True	False	truecolor	False
' truecolor '	'kitty'	'0'	''	''	True	False	True	False	truecolor	False
' truecolor '	'kitty'	'0'	''	''	True	True	True	False	truecolor	False
' truecolor '	'kitty'	'0'	''	''	False	False	True	False	truecolor	False
' truecolor '	'kitty'	'0'	''	''	False	True	True	False	truecolor	False
' truecolor '	'kitty'	'0'	''	'1'	True	False	True	False	truecolor	True
' truecolor '	'kitty'	'0'	''	'1'	True	True	True	False	truecolor	True
' truecolor '	'kitty'	'0'	''	'1'	False	False	True	False	truecolor	True
' truecolor '	'kitty'	'0'	''	'1'	False	True	True	False	truecolor	True
' truecolor '	'kitty'	'0'	'0'	-	True	False	False	False	None	False
' truecolor '	'kitty'	'0'	'0'	-	True	True	True	False	truecolor	False
' truecolor '	'kitty'	'0'	'0'	-	False	False	False	False	None	False
' truecolor '	'kitty'	'0'	'0'	-	False	True	True	False	truecolor	False
' truecolor '	'kitty'	'0'	'0'	''	True	False	False	False	None	False
' truecolor '	'kitty'	'0'	'0'	''	True	True	True	False	truecolor	False
' truecolor '	'kitty'	'0'	'0'	''	False	False	False	False	None	False
' truecolor '	'kitty'	'0'	'0'	''	False	True	True	False	truecolor	False
' truecolor '	'kitty'	'0'	'0'	'1'	True	False	False	False	None	True
' truecolor '	'kitty'	'0'	'0'	'1'	True	True	True	False	truecolor	True
' truecolor '	'kitty'	'0'	'0'	'1'	False	False	False	False	None	True
' truecolor '	'kitty'	'0'	'0'	'1'	False	True	True	False	truecolor	True
' truecolor '	'kitty'	'0'	'1'	-	True	False	True	False	truecolor	False
' truecolor '	'kitty'	'0'	'1'	-	True	True	True	False	truecolor	False
' truecolor '	'kitty'	'0'	'1'	-	False	False	True	False	truecolor	False
' truecolor '	'kitty'	'0'	'1'	-	False	True	True	False	truecolor	False
' truecolor '	'kitty'	'0'	'1'	''	True	False	True	False	truecolor	False
' truecolor '	'kitty'	'0'	'1'	''	True	True	True	False	truecolor	False
' truecolor '	'kitty'	'0'	'1'	''	False	False	True	False	truecolor	False
' truecolor '	'kitty'	'0'	'1'	''	False	True	True	False	truecolor	False
' truecolor '	'kitty'	'0'	'1'	'1'	True	False	True	False	truecolor	True
' truecolor '	'kitty'	'0'	'1'	'1'	True	True	True	False	truecolor	True
' truecolor '	'kitty'	'0'	'1'	'1'	False	False	True	False	truecolor	True
' truecolor '	'kitty'	'0'	'1'	'1'	False	True	True	False	truecolor	True
' truecolor '	'screen-256color'	-	-	-	True	False	True	False	truecolor	False
' truecolor '	'screen-256color'	-	-	-	True	True	True	False	truecolor	False
' truecolor '	'screen-256color'	-	-	-	False	False	False	False	None	False
' truecolor '	'screen-256color'	-	-	-	False	True	True	False	truecolor	False
' truecolor '	'screen-256color'	-	-	''	True	False	True	False	truecolor	False
' truecolor '	'screen-256color'	-	-	''	True	True	True	False	truecolor	False
' truecolor '	'screen-256color'	-	-	''	False	False	False	False	None	False
' truecolor '	'screen-256color'	-	-	''	False	True	True	False	truecolor	False
' truecolor '	'screen-256color'	-	-	'1'	True	False	True	False	truecolor	True
' truecolor '	'screen-256color'	-	-	'1'	True	True	True	False	truecolor	True
' truecolor '	'screen-256color'	-	-	'1'	False	False	False	False	None	True
' truecolor '	'screen-256color'	-	-	'1'	False	True	True	False	truecolor	True
' truecolor '	'screen-256color'	-	''	-	True	False	True	False	truecolor	False
' truecolor '	'screen-256color'	-	''	-	True	True	True	False	truecolor	False
' truecolor '	'screen-256color'	-	''	-	False	False	False	False	None	False
' truecolor '	'screen-256color'	-	''	-	False	True	True	False	truecolor	False
' truecolor '	'screen-256color'	-	''	''	True	False	True	False	truecolor	False
' truecolor '	'screen-256color'	-	''	''	True	True	True	False	truecolor	False
' truecolor '	'screen-256color'	-	''	''	False	False	False	False	None	False
' truecolor '	'screen-256color'	-	''	''	False	True	True	False	truecolor	False
' truecolor '	'screen-256color'	-	''	'1'	True	False	True	False	truecolor	True
' truecolor '	'screen-256color'	-	''	'1'	True	True	True	False	truecolor	True
' truecolor '	'screen-256color'	-	''	'1'	False	False	False	False	None	True
' truecolor '	'screen-256color'	-	''	'1'	False	True	True	False	truecolor	True
' truecolor '	'screen-256color'	-	'0'	-	True	False	False	False	None	False
' truecolor '	'screen-256color'	-	'0'	-	True	True	True	False	truecolor	False
' truecolor '	'screen-256color'	-	'0'	-	False	False	False	False	None	False
' truecolor '	'screen-256color'	-	'0'	-	False	True	True	False	truecolor	False
' truecolor '	'screen-256color'	-	'0'	''	True	False	False	False	None	False
' truecolor '	'screen-256color'	-	'0'	''	True	True	True	False	truecolor	False
' truecolor '	'screen-256color'	-	'0'	''	False	False	False	False	None	False
' truecolor '	'screen-256color'	-	'0'	''	False	True	True	False	truecolor	False
' truecolor '	'screen-256color'	-	'0'	'1'	True	False	False	False	None	True
' truecolor '	'screen-256color'	-	'0'	'1'	True	True	True	False	truecolor	True
' truecolor '	'screen-256color'	-	'0'	'1'	False	False	False	False	None	True
' truecolor '	'screen-256color'	-	'0'	'1'	False	True	True	False	truecolor	True
' truecolor '	'screen-256color'	-	'1'	-	True	False	True	False	truecolor	False
' truecolor '	'screen-256color'	-	'1'	-	True	True	True	False	truecolor	False
' truecolor '	'screen-256color'	-	'1'	-	False	False	True	False	truecolor	False
' truecolor '	'screen-256color'	-	'1'	-	False	True	True	False	truecolor	False
' truecolor '	'screen-256color'	-	'1'	''	True	False	True	False	truecolor	False
' truecolor '	'screen-256color'	-	'1'	''	True	True	True	False	truecolor	False
' truecolor '	'screen-256color'	-	'1'	''	False	False	True	False	truecolor	False
' truecolor '	'screen-256color'	-	'1'	''	False	True	True	False	truecolor	False
' truecolor '	'screen-256color'	-	'1'	'1'	True	False	True	False	truecolor	True
' truecolor '	'screen-256color'	-	'1'	'1'	True	True	True	False	truecolor	True
' truecolor '	'screen-256color'	-	'1'	'1'	False	False	True	False	truecolor	True
' truecolor '	'screen-256color'	-	'1'	'1'	False	True	True	False	truecolor	True
' truecolor '	'screen-256color'	''	-	-	True	False	False	False	None	False
' truecolor '	'screen-256color'	''	-	-	True	True	True	False	truecolor	False
' truecolor '	'screen-256color'	''	-	-	False	False	False	False	None	False
' truecolor '	'screen-256color'	''	-	-	False	True	True	False	truecolor	False
' truecolor '	'screen-256color'	''	-	''	True	False	False	False	None	False
' truecolor '	'screen-256color'	''	-	''	True	True	True	False	truecolor	False
' truecolor '	'screen-256color'	''	-	''	False	False	False	False	None	False
' truecolor '	'screen-256color'	''	-	''	False	True	True	False	truecolor	False
' truecolor '	'screen-256color'	''	-	'1'	True	False	False	False	None	True
' truecolor '	'screen-256color'	''	-	'1'	True	True	True	False	truecolor	True
' truecolor '	'screen-256color'	''	-	'1'	False	False	False	False	None	True
' truecolor '	'screen-256color'	''	-	'1'	False	True	True	False	truecolor	True
' truecolor '	'screen-256color'	''	''	-	True	False	False	False	None	False
' truecolor '	'screen-256color'	''	''	-	True	True	True	False	truecolor	False
' truecolor '	'screen-256color'	''	''	-	False	False	False	False	None	False
' truecolor '	'screen-256color'	''	''	-	False	True	True	False	truecolor	False
' truecolor '	'screen-256color'	''	''	''	True	False	False	False	None	False
' truecolor '	'screen-256color'	''	''	''	True	True	True	False	truecolor	False
' truecolor '	'screen-256color'	''	''	''	False	False	False	False	None	False
' truecolor '	'screen-256color'	''	''	''	False	True	True	False	truecolor	False
' truecolor '	'screen-256color'	''	''	'1'	True	False	False	False	None	True
' truecolor '	'screen-256color'	''	''	'1'	True	True	True	False	truecolor	True
' truecolor '	'screen-256color'	''	''	'1'	False	False	False	False	None	True
' truecolor '	'screen-256color'	''	''	'1'	False	True	True	False	truecolor	True
' truecolor '	'screen-256color'	''	'0'	-	True	False	False	False	None	False
' truecolor '	'screen-256color'	''	'0'	-	True	True	True	False	truecolor	False
' truecolor '	'screen-256color'	''	'0'	-	False	False	False	False	None	False
' truecolor '	'screen-256color'	''	'0'	-	False	True	True	False	truecolor	False
' truecolor '	'screen-256color'	''	'0'	''	True	False	False	False	None	False
' truecolor '	'screen-256color'	''	'0'	''	True	True	True	False	truecolor	False
' truecolor '	'screen-256color'	''	'0'	''	False	False	False	False	None	False
' truecolor '	'screen-256color'	''	'0'	''	False	True	True	False	truecolor	False
' truecolor '	'screen-256color'	''	'0'	'1'	True	False	False	False	None	True
' truecolor '	'screen-256color'	''	'0'	'1'	True	True	True	False	truecolor	True
' truecolor '	'screen-256color'	''	'0'	'1'	False	False	False	False	None	True
' truecolor '	'screen-256color'	''	'0'	'1'	False	True	True	False	truecolor	True
' truecolor '	'screen-256color'	''	'1'	-	True	False	True	False	truecolor	False
' truecolor '	'screen-256color'	''	'1'	-	True	True	True	False	truecolor	False
' truecolor '	'screen-256color'	''	'1'	-	False	False	True	False	truecolor	False
' truecolor '	'screen-256color'	''	'1'	-	False	True	True	False	truecolor	False
' truecolor '	'screen-256color'	''	'1'	''	True	False	True	False	truecolor	False
' truecolor '	'screen-256color'	''	'1'	''	True	True	True	False	truecolor	False
' truecolor '	'screen-256color'	''	'1'	''	False	False	True	False	truecolor	False
' truecolor '	'screen-256color'	''	'1'	''	False	True	True	False	truecolor	False
' truecolor '	'screen-256color'	''	'1'	'1'	True	False	True	False	truecolor	True
' truecolor '	'screen-256color'	''	'1'	'1'	True	True	True	False	truecolor	True
' truecolor '	'screen-256color'	''	'1'	'1'	False	False	True	False	truecolor	True
' truecolor '	'screen-256color'	''	'1'	'1'	False	True	True	False	truecolor	True
' truecolor '	'screen-256color'	'1'	-	-	True	False	True	False	truecolor	False
' truecolor '	'screen-256color'	'1'	-	-	True	True	True	False	truecolor	False
' truecolor '	'screen-256color'	'1'	-	-	False	False	True	False	truecolor	False
' truecolor '	'screen-256color'	'1'	-	-	False	True	True	False	truecolor	False
' truecolor '	'screen-256color'	'1'	-	''	True	False	True	False	truecolor	False
' truecolor '	'screen-256color'	'1'	-	''	True	True	True	False	truecolor	False
' truecolor '	'screen-256color'	'1'	-	''	False	False	True	False	truecolor	False
' truecolor '	'screen-256color'	'1'	-	''	False	True	True	False	truecolor	False
' truecolor '	'screen-256color'	'1'	-	'1'	True	False	True	False	truecolor	True
' truecolor '	'screen-256color'	'1'	-	'1'	True	True	True	False	truecolor	True
' truecolor '	'screen-256color'	'1'	-	'1'	False	False	True	False	truecolor	True
' truecolor '	'screen-256color'	'1'	-	'1'	False	True	True	False	truecolor	True
' truecolor '	'screen-256color'	'1'	''	-	True	False	True	False	truecolor	False
' truecolor '	'screen-256color'	'1'	''	-	True	True	True	False	truecolor	False
' truecolor '	'screen-256color'	'1'	''	-	False	False	True	False	truecolor	False
' truecolor '	'screen-256color'	'1'	''	-	False	True	True	False	truecolor	False
' truecolor '	'screen-256color'	'1'	''	''	True	False	True	False	truecolor	False
' truecolor '	'screen-256color'	'1'	''	''	True	True	True	False	truecolor	False
' truecolor '	'screen-256color'	'1'	''	''	False	False	True	False	truecolor	False
' truecolor '	'screen-256color'	'1'	''	''	False	True	True	False	truecolor	False
' truecolor '	'screen-256color'	'1'	''	'1'	True	False	True	False	truecolor	True
' truecolor '	'screen-256color'	'1'	''	'1'	True	True	True	False	truecolor	True
' truecolor '	'screen-256color'	'1'	''	'1'	False	False	True	False	truecolor	True
' truecolor '	'screen-256color'	'1'	''	'1'	False	True	True	False	truecolor	True
' truecolor '	'screen-256color'	'1'	'0'	-	True	False	False	False	None	False
' truecolor '	'screen-256color'	'1'	'0'	-	True	True	True	False	truecolor	False
' truecolor '	'screen-256color'	'1'	'0'	-	False	False	False	False	None	False
' truecolor '	'screen-256color'	'1'	'0'	-	False	True	True	False	truecolor	False
' truecolor '	'screen-256color'	'1'	'0'	''	True	False	False	False	None	False
' truecolor '	'screen-256color'	'1'	'0'	''	True	True	True	False	truecolor	False
' truecolor '	'screen-256color'	'1'	'0'	''	False	False	False	False	None	False
' truecolor '	'screen-256color'	'1'	'0'	''	False	True	True	False	truecolor	False
' truecolor '	'screen-256color'	'1'	'0'	'1'	True	False	False	False	None	True
' truecolor '	'screen-256color'	'1'	'0'	'1'	True	True	True	False	truecolor	True
' truecolor '	'screen-256color'	'1'	'0'	'1'	False	False	False	False	None	True
' truecolor '	'screen-256color'	'1'	'0'	'1'	False	True	True	False	truecolor	True
' truecolor '	'screen-256color'	'1'	'1'	-	True	False	True	False	truecolor	False
' truecolor '	'screen-256color'	'1'	'1'	-	True	True	True	False	truecolor	False
' truecolor '	'screen-256color'	'1'	'1'	-	False	False	True	False	truecolor	False
' truecolor '	'screen-256color'	'1'	'1'	-	False	True	True	False	truecolor	False
' truecolor '	'screen-256color'	'1'	'1'	''	True	False	True	False	truecolor	False
' truecolor '	'screen-256color'	'1'	'1'	''	True	True	True	False	truecolor	False
' truecolor '	'screen-256color'	'1'	'1'	''	False	False	True	False	truecolor	False
' truecolor '	'screen-256color'	'1'	'1'	''	False	True	True	False	truecolor	False
' truecolor '	'screen-256color'	'1'	'1'	'1'	True	False	True	False	truecolor	True
' truecolor '	'screen-256color'	'1'	'1'	'1'	True	True	True	False	truecolor	True
' truecolor '	'screen-256color'	'1'	'1'	'1'	False	False	True	False	truecolor	True
' truecolor '	'screen-256color'	'1'	'1'	'1'	False	True	True	False	truecolor	True
' truecolor '	'screen-256color'	'0'	-	-	True	False	True	False	truecolor	False
' truecolor '	'screen-256color'	'0'	-	-	True	True	True	False	truecolor	False
' truecolor '	'screen-256color'	'0'	-	-	False	False	True	False	truecolor	False
' truecolor '	'screen-256color'	'0'	-	-	False	True	True	False	truecolor	False
' truecolor '	'screen-256color'	'0'	-	''	True	False	True	False	truecolor	False
' truecolor '	'screen-256color'	'0'	-	''	True	True	True	False	truecolor	False
' truecolor '	'screen-256color'	'0'	-	''	False	False	True	False	truecolor	False
' truecolor '	'screen-256color'	'0'	-	''	False	True	True	False	truecolor	False
' truecolor '	'screen-256color'	'0'	-	'1'	True	False	True	False	truecolor	True
' truecolor '	'screen-256color'	'0'	-	'1'	True	True	True	False	truecolor	True
' truecolor '	'screen-256color'	'0'	-	'1'	False	False	True	False	truecolor	True
' truecolor '	'screen-256color'	'0'	-	'1'	False	True	True	False	truecolor	True
' truecolor '	'screen-256color'	'0'	''	-	True	False	True	False	truecolor	False
' truecolor '	'screen-256color'	'0'	''	-	True	True	True	False	truecolor	False
' truecolor '	'screen-256color'	'0'	''	-	False	False	True	False	truecolor	False
' truecolor '	'screen-256color'	'0'	''	-	False	True	True	False	truecolor	False
' truecolor '	'screen-256color'	'0'	''	''	True	False	True	False	truecolor	False
' truecolor '	'screen-256color'	'0'	''	''	True	True	True	False	truecolor	False
' truecolor '	'screen-256color'	'0'	''	''	False	False	True	False	truecolor	False
' truecolor '	'screen-256color'	'0'	''	''	False	True	True	False	truecolor	False
' truecolor '	'screen-256color'	'0'	''	'1'	True	False	True	False	truecolor	True
' truecolor '	'screen-256color'	'0'	''	'1'	True	True	True	False	truecolor	True
' truecolor '	'screen-256color'	'0'	''	'1'	False	False	True	False	truecolor	True
' truecolor '	'screen-256color'	'0'	''	'1'	False	True	True	False	truecolor	True
' truecolor '	'screen-256color'	'0'	'0'	-	True	False	False	False	None	False
' truecolor '	'screen-256color'	'0'	'0'	-	True	True	True	False	truecolor	False
' truecolor '	'screen-256color'	'0'	'0'	-	False	False	False	False	None	False
' truecolor '	'screen-256color'	'0'	'0'	-	False	True	True	False	truecolor	False
' truecolor '	'screen-256color'	'0'	'0'	''	True	False	False	False	None	False
' truecolor '	'screen-256color'	'0'	'0'	''	True	True	True	False	truecolor	False
' truecolor '	'screen-256color'	'0'	'0'	''	False	False	False	False	None	False
' truecolor '	'screen-256color'	'0'	'0'	''	False	True	True	False	truecolor	False
' truecolor '	'screen-256color'	'0'	'0'	'1'	True	False	False	False	None	True
' truecolor '	'screen-256color'	'0'	'0'	'1'	True	True	True	False	truecolor	True
' truecolor '	'screen-256color'	'0'	'0'	'1'	False	False	False	False	None	True
' truecolor '	'screen-256color'	'0'	'0'	'1'	False	True	True	False	truecolor	True
' truecolor '	'screen-256color'	'0'	'1'	-	True	False	True	False	truecolor	False
' truecolor '	'screen-256color'	'0'	'1'	-	True	True	True	False	truecolor	False
' truecolor '	'screen-256color'	'0'	'1'	-	False	False	True	False	truecolor	False
' truecolor '	'screen-256color'	'0'	'1'	-	False	True	True	False	truecolor	False
' truecolor '	'screen-256color'	'0'	'1'	''	True	False	True	False	truecolor	False
' truecolor '	'screen-256color'	'0'	'1'	''	True	True	True	False	truecolor	False
' truecolor '	'screen-256color'	'0'	'1'	''	False	False	True	False	truecolor	False
' truecolor '	'screen-256color'	'0'	'1'	''	False	True	True	False	truecolor	False
' truecolor '	'screen-256color'	'0'	'1'	'1'	True	False	True	False	truecolor	True
' truecolor '	'screen-256color'	'0'	'1'	'1'	True	True	True	False	truecolor	True
' truecolor '	'screen-256color'	'0'	'1'	'1'	False	False	True	False	truecolor	True
' truecolor '	'screen-256color'	'0'	'1'	'1'	False	True	True	False	truecolor	True
'yes'	-	-	-	-	True	False	True	False	standard	False
'yes'	-	-	-	-	True	True	True	False	standard	False
'yes'	-	-	-	-	False	False	False	False	None	False
'yes'	-	-	-	-	False	True	True	False	standard	False
'yes'	-	-	-	''	True	False	True	False	standard	False
'yes'	-	-	-	''	True	True	True	False	standard	False
'yes'	-	-	-	''	False	False	False	False	None	False
'yes'	-	-	-	''	False	True	True	False	standard	False
'yes'	-	-	-	'1'	True	False	True	False	standard	True
'yes'	-	-	-	'1'	True	True	True	False	standard	True
'yes'	-	-	-	'1'	False	False	False	False	None	True
'yes'	-	-	-	'1'	False	True	True	False	standard	True
'yes'	-	-	''	-	True	False	True	False	standard	False
'yes'	-	-	''	-	True	True	True	False	standard	False
'yes'	-	-	''	-	False	False	False	False	None	False
'yes'	-	-	''	-	False	True	True	False	standard	False
'yes'	-	-	''	''	True	False	True	False	standard	False
'yes'	-	-	''	''	True	True	True	False	standard	False
'yes'	-	-	''	''	False	False	False	False	None	False
'yes'	-	-	''	''	False	True	True	False	standard	False
'yes'	-	-	''	'1'	True	False	True	False	standard	True
'yes'	-	-	''	'1'	True	True	True	False	standard	True
'yes'	-	-	''	'1'	False	False	False	False	None	True
'yes'	-	-	''	'1'	False	True	True	False	standard	True
'yes'	-	-	'0'	-	True	False	False	False	None	False
'yes'	-	-	'0'	-	True	True	True	False	standard	False
'yes'	-	-	'0'	-	False	False	False	False	None	False
'yes'	-	-	'0'	-	False	True	True	False	standard	False
'yes'	-	-	'0'	''	True	False	False	False	None	False
'yes'	-	-	'0'	''	True	True	True	False	standard	False
'yes'	-	-	'0'	''	False	False	False	False	None	False
'yes'	-	-	'0'	''	False	True	True	False	standard	False
'yes'	-	-	'0'	'1'	True	False	False	False	None	True
'yes'	-	-	'0'	'1'	True	True	True	False	standard	True
'yes'	-	-	'0'	'1'	False	False	False	False	None	True
'yes'	-	-	'0'	'1'	False	True	True	False	standard	True
'yes'	-	-	'1'	-	True	False	True	False	standard	False
'yes'	-	-	'1'	-	True	True	True	False	standard	False
'yes'	-	-	'1'	-	False	False	True	False	standard	False
'yes'	-	-	'1'	-	False	True	True	False	standard	False
'yes'	-	-	'1'	''	True	False	True	False	standard	False
'yes'	-	-	'1'	''	True	True	True	False	standard	False
'yes'	-	-	'1'	''	False	False	True	False	standard	False
'yes'	-	-	'1'	''	False	True	True	False	standard	False
'yes'	-	-	'1'	'1'	True	False	True	False	standard	True
'yes'	-	-	'1'	'1'	True	True	True	False	standard	True
'yes'	-	-	'1'	'1'	False	False	True	False	standard	True
'yes'	-	-	'1'	'1'	False	True	True	False	standard	True
'yes'	-	''	-	-	True	False	False	False	None	False
'yes'	-	''	-	-	True	True	True	False	standard	False
'yes'	-	''	-	-	False	False	False	False	None	False
'yes'	-	''	-	-	False	True	True	False	standard	False
'yes'	-	''	-	''	True	False	False	False	None	False
'yes'	-	''	-	''	True	True	True	False	standard	False
'yes'	-	''	-	''	False	False	False	False	None	False
'yes'	-	''	-	''	False	True	True	False	standard	False
'yes'	-	''	-	'1'	True	False	False	False	None	True
'yes'	-	''	-	'1'	True	True	True	False	standard	True
'yes'	-	''	-	'1'	False	False	False	False	None	True
'yes'	-	''	-	'1'	False	True	True	False	standard	True
'yes'	-	''	''	-	True	False	False	False	None	False
'yes'	-	''	''	-	True	True	True	False	standard	False
'yes'	-	''	''	-	False	False	False	False	None	False
'yes'	-	''	''	-	False	True	True	False	standard	False
'yes'	-	''	''	''	True	False	False	False	None	False
'yes'	-	''	''	''	True	True	True	False	standard	False
'yes'	-	''	''	''	False	False	False	False	None	False
'yes'	-	''	''	''	False	True	True	False	standard	False
'yes'	-	''	''	'1'	True	False	False	False	None	True
'yes'	-	''	''	'1'	True	True	True	False	standard	True
'yes'	-	''	''	'1'	False	False	False	False	None	True
'yes'	-	''	''	'1'	False	True	True	False	standard	True
'yes'	-	''	'0'	-	True	False	False	False	None	False
'yes'	-	''	'0'	-	True	True	True	False	standard	False
'yes'	-	''	'0'	-	False	False	False	False	None	False
'yes'	-	''	'0'	-	False	True	True	False	standard	False
'yes'	-	''	'0'	''	True	False	False	False	None	False
'yes'	-	''	'0'	''	True	True	True	False	standard	False
'yes'	-	''	'0'	''	False	False	False	False	None	False
'yes'	-	''	'0'	''	False	True	True	False	standard	False
'yes'	-	''	'0'	'1'	True	False	False	False	None	True
'yes'	-	''	'0'	'1'	True	True	True	False	standard	True
'yes'	-	''	'0'	'1'	False	False	False	False	None	True
'yes'	-	''	'0'	'1'	False	True	True	False	standard	True
'yes'	-	''	'1'	-	True	False	True	False	standard	False
'yes'	-	''	'1'	-	True	True	True	False	standard	False
'yes'	-	''	'1'	-	False	False	True	False	standard	False
'yes'	-	''	'1'	-	False	True	True	False	standard	False
'yes'	-	''	'1'	''	True	False	True	False	standard	False
'yes'	-	''	'1'	''	True	True	True	False	standard	False
'yes'	-	''	'1'	''	False	False	True	False	standard	False
'yes'	-	''	'1'	''	False	True	True	False	standard	False
'yes'	-	''	'1'	'1'	True	False	True	False	standard	True
'yes'	-	''	'1'	'1'	True	True	True	False	standard	True
'yes'	-	''	'1'	'1'	False	False	True	False	standard	True
'yes'	-	''	'1'	'1'	False	True	True	False	standard	True
'yes'	-	'1'	-	-	True	False	True	False	standard	False
'yes'	-	'1'	-	-	True	True	True	False	standard	False
'yes'	-	'1'	-	-	False	False	True	False	standard	False
'yes'	-	'1'	-	-	False	True	True	False	standard	False
'yes'	-	'1'	-	''	True	False	True	False	standard	False
'yes'	-	'1'	-	''	True	True	True	False	standard	False
'yes'	-	'1'	-	''	False	False	True	False	standard	False
'yes'	-	'1'	-	''	False	True	True	False	standard	False
'yes'	-	'1'	-	'1'	True	False	True	False	standard	True
'yes'	-	'1'	-	'1'	True	True	True	False	standard	True
'yes'	-	'1'	-	'1'	False	False	True	False	standard	True
'yes'	-	'1'	-	'1'	False	True	True	False	standard	True
'yes'	-	'1'	''	-	True	False	True	False	standard	False
'yes'	-	'1'	''	-	True	True	True	False	standard	False
'yes'	-	'1'	''	-	False	False	True	False	standard	False
'yes'	-	'1'	''	-	False	True	True	False	standard	False
'yes'	-	'1'	''	''	True	False	True	False	standard	False
'yes'	-	'1'	''	''	True	True	True	False	standard	False
'yes'	-	'1'	''	''	False	False	True	False	standard	False
'yes'	-	'1'	''	''	False	True	True	False	standard	False
'yes'	-	'1'	''	'1'	True	False	True	False	standard	True
'yes'	-	'1'	''	'1'	True	True	True	False	standard	True
'yes'	-	'1'	''	'1'	False	False	True	False	standard	True
'yes'	-	'1'	''	'1'	False	True	True	False	standard	True
'yes'	-	'1'	'0'	-	True	False	False	False	None	False
'yes'	-	'1'	'0'	-	True	True	True	False	standard	False
'yes'	-	'1'	'0'	-	False	False	False	False	None	False
'yes'	-	'1'	'0'	-	False	True	True	False	standard	False
'yes'	-	'1'	'0'	''	True	False	False	False	None	False
'yes'	-	'1'	'0'	''	True	True	True	False	standard	False
'yes'	-	'1'	'0'	''	False	False	False	False	None	False
'yes'	-	'1'	'0'	''	False	True	True	False	standard	False
'yes'	-	'1'	'0'	'1'	True	False	False	False	None	True
'yes'	-	'1'	'0'	'1'	True	True	True	False	standard	True
'yes'	-	'1'	'0'	'1'	False	False	False	False	None	True
'yes'	-	'1'	'0'	'1'	False	True	True	False	standard	True
'yes'	-	'1'	'1'	-	True	False	True	False	standard	False
'yes'	-	'1'	'1'	-	True	True	True	False	standard	False
'yes'	-	'1'	'1'	-	False	False	True	False	standard	False
'yes'	-	'1'	'1'	-	False	True	True	False	standard	False
'yes'	-	'1'	'1'	''	True	False	True	False	standard	False
'yes'	-	'1'	'1'	''	True	True	True	False	standard	False
'yes'	-	'1'	'1'	''	False	False	True	False	standard	False
'yes'	-	'1'	'1'	''	False	True	True	False	standard	False
'yes'	-	'1'	'1'	'1'	True	False	True	False	standard	True
'yes'	-	'1'	'1'	'1'	True	True	True	False	standard	True
'yes'	-	'1'	'1'	'1'	False	False	True	False	standard	True
'yes'	-	'1'	'1'	'1'	False	True	True	False	standard	True
'yes'	-	'0'	-	-	True	False	True	False	standard	False
'yes'	-	'0'	-	-	True	True	True	False	standard	False
'yes'	-	'0'	-	-	False	False	True	False	standard	False
'yes'	-	'0'	-	-	False	True	True	False	standard	False
'yes'	-	'0'	-	''	True	False	True	False	standard	False
'yes'	-	'0'	-	''	True	True	True	False	standard	False
'yes'	-	'0'	-	''	False	False	True	False	standard	False
'yes'	-	'0'	-	''	False	True	True	False	standard	False
'yes'	-	'0'	-	'1'	True	False	True	False	standard	True
'yes'	-	'0'	-	'1'	True	True	True	False	standard	True
'yes'	-	'0'	-	'1'	False	False	True	False	standard	True
'yes'	-	'0'	-	'1'	False	True	True	False	standard	True
'yes'	-	'0'	''	-	True	False	True	False	standard	False
'yes'	-	'0'	''	-	True	True	True	False	standard	False
'yes'	-	'0'	''	-	False	False	True	False	standard	False
'yes'	-	'0'	''	-	False	True	True	False	standard	False
'yes'	-	'0'	''	''	True	False	True	False	standard	False
'yes'	-	'0'	''	''	True	True	True	False	standard	False
'yes'	-	'0'	''	''	False	False	True	False	standard	False
'yes'	-	'0'	''	''	False	True	True	False	standard	False
'yes'	-	'0'	''	'1'	True	False	True	False	standard	True
'yes'	-	'0'	''	'1'	True	True	True	False	standard	True
'yes'	-	'0'	''	'1'	False	False	True	False	standard	True
'yes'	-	'0'	''	'1'	False	True	True	False	standard	True
'yes'	-	'0'	'0'	-	True	False	False	False	None	False
'yes'	-	'0'	'0'	-	True	True	True	False	standard	False
'yes'	-	'0'	'0'	-	False	False	False	False	None	False
'yes'	-	'0'	'0'	-	False	True	True	False	standard	False
'yes'	-	'0'	'0'	''	True	False	False	False	None	False
'yes'	-	'0'	'0'	''	True	True	True	False	standard	False
'yes'	-	'0'	'0'	''	False	False	False	False	None	False
'yes'	-	'0'	'0'	''	False	True	True	False	standard	False
'yes'	-	'0'	'0'	'1'	True	False	False	False	None	True
'yes'	-	'0'	'0'	'1'	True	True	True	False	standard	True
'yes'	-	'0'	'0'	'1'	False	False	False	False	None	True
'yes'	-	'0'	'0'	'1'	False	True	True	False	standard	True
'yes'	-	'0'	'1'	-	True	False	True	False	standard	False
'yes'	-	'0'	'1'	-	True	True	True	False	standard	False
'yes'	-	'0'	'1'	-	False	False	True	False	standard	False
'yes'	-	'0'	'1'	-	False	True	True	False	standard	False
'yes'	-	'0'	'1'	''	True	False	True	False	standard	False
'yes'	-	'0'	'1'	''	True	True	True	False	standard	False
'yes'	-	'0'	'1'	''	False	False	True	False	standard	False
'yes'	-	'0'	'1'	''	False	True	True	False	standard	False
'yes'	-	'0'	'1'	'1'	True	False	True	False	standard	True
'yes'	-	'0'	'1'	'1'	True	True	True	False	standard	True
'yes'	-	'0'	'1'	'1'	False	False	True	False	standard	True
'yes'	-	'0'	'1'	'1'	False	True	True	False	standard	True
'yes'	''	-	-	-	True	False	True	False	standard	False
'yes'	''	-	-	-	True	True	True	False	standard	False
'yes'	''	-	-	-	False	False	False	False	None	False
'yes'	''	-	-	-	False	True	True	False	standard	False
'yes'	''	-	-	''	True	False	True	False	standard	False
'yes'	''	-	-	''	True	True	True	False	standard	False
'yes'	''	-	-	''	False	False	False	False	None	False
'yes'	''	-	-	''	False	True	True	False	standard	False
'yes'	''	-	-	'1'	True	False	True	False	standard	True
'yes'	''	-	-	'1'	True	True	True	False	standard	True
'yes'	''	-	-	'1'	False	False	False	False	None	True
'yes'	''	-	-	'1'	False	True	True	False	standard	True
'yes'	''	-	''	-	True	False	True	False	standard	False
'yes'	''	-	''	-	True	True	True	False	standard	False
'yes'	''	-	''	-	False	False	False	False	None	False
'yes'	''	-	''	-	False	True	True	False	standard	False
'yes'	''	-	''	''	True	False	True	False	standard	False
'yes'	''	-	''	''	True	True	True	False	standard	False
'yes'	''	-	''	''	False	False	False	False	None	False
'yes'	''	-	''	''	False	True	True	False	standard	False
'yes'	''	-	''	'1'	True	False	True	False	standard	True
'yes'	''	-	''	'1'	True	True	True	False	standard	True
'yes'	''	-	''	'1'	False	False	False	False	None	True
'yes'	''	-	''	'1'	False	True	True	False	standard	True
'yes'	''	-	'0'	-	True	False	False	False	None	False
'yes'	''	-	'0'	-	True	True	True	False	standard	False
'yes'	''	-	'0'	-	False	False	False	False	None	False
'yes'	''	-	'0'	-	False	True	True	False	standard	False
'yes'	''	-	'0'	''	True	False	False	False	None	False
'yes'	''	-	'0'	''	True	True	True	False	standard	False
'yes'	''	-	'0'	''	False	False	False	False	None	False
'yes'	''	-	'0'	''	False	True	True	False	standard	False
'yes'	''	-	'0'	'1'	True	False	False	False	None	True
'yes'	''	-	'0'	'1'	True	True	True	False	standard	True
'yes'	''	-	'0'	'1'	False	False	False	False	None	True
'yes'	''	-	'0'	'1'	False	True	True	False	standard	True
'yes'	''	-	'1'	-	True	False	True	False	standard	False
'yes'	''	-	'1'	-	True	True	True	False	standard	False
'yes'	''	-	'1'	-	False	False	True	False	standard	False
'yes'	''	-	'1'	-	False	True	True	False	standard	False
'yes'	''	-	'1'	''	True	False	True	False	standard	False
'yes'	''	-	'1'	''	True	True	True	False	standard	False
'yes'	''	-	'1'	''	False	False	True	False	standard	False
'yes'	''	-	'1'	''	False	True	True	False	standard	False
'yes'	''	-	'1'	'1'	True	False	True	False	standard	True
'yes'	''	-	'1'	'1'	True	True	True	False	standard	True
'yes'	''	-	'1'	'1'	False	False	True	False	standard	True
'yes'	''	-	'1'	'1'	False	True	True	False	standard	True
'yes'	''	''	-	-	True	False	False	False	None	False
'yes'	''	''	-	-	True	True	True	False	standard	False
'yes'	''	''	-	-	False	False	False	False	None	False
'yes'	''	''	-	-	False	True	True	False	standard	False
'yes'	''	''	-	''	True	False	False	False	None	False
'yes'	''	''	-	''	True	True	True	False	standard	False
'yes'	''	''	-	''	False	False	False	False	None	False
'yes'	''	''	-	''	False	True	True	False	standard	False
'yes'	''	''	-	'1'	True	False	False	False	None	True
'yes'	''	''	-	'1'	True	True	True	False	standard	True
'yes'	''	''	-	'1'	False	False	False	False	None	True
'yes'	''	''	-	'1'	False	True	True	False	standard	True
'yes'	''	''	''	-	True	False	False	False	None	False
'yes'	''	''	''	-	True	True	True	False	standard	False
'yes'	''	''	''	-	False	False	False	False	None	False
'yes'	''	''	''	-	False	True	True	False	standard	False
'yes'	''	''	''	''	True	False	False	False	None	False
'yes'	''	''	''	''	True	True	True	False	standard	False
'yes'	''	''	''	''	False	False	False	False	None	False
'yes'	''	''	''	''	False	True	True	False	standard	False
'yes'	''	''	''	'1'	True	False	False	False	None	True
'yes'	''	''	''	'1'	True	True	True	False	standard	True
'yes'	''	''	''	'1'	False	False	False	False	None	True
'yes'	''	''	''	'1'	False	True	True	False	standard	True
'yes'	''	''	'0'	-	True	False	False	False	None	False
'yes'	''	''	'0'	-	True	True	True	False	standard	False
'yes'	''	''	'0'	-	False	False	False	False	None	False
'yes'	''	''	'0'	-	False	True	True	False	standard	False
'yes'	''	''	'0'	''	True	False	False	False	None	False
'yes'	''	''	'0'	''	True	True	True	False	standard	False
'yes'	''	''	'0'	''	False	False	False	False	None	False
'yes'	''	''	'0'	''	False	True	True	False	standard	False
'yes'	''	''	'0'	'1'	True	False	False	False	None	True
'yes'	''	''	'0'	'1'	True	True	True	False	standard	True
'yes'	''	''	'0'	'1'	False	False	False	False	None	True
'yes'	''	''	'0'	'1'	False	True	True	False	standard	True
'yes'	''	''	'1'	-	True	False	True	False	standard	False
'yes'	''	''	'1'	-	True	True	True	False	standard	False
'yes'	''	''	'1'	-	False	False	True	False	standard	False
'yes'	''	''	'1'	-	False	True	True	False	standard	False
'yes'	''	''	'1'	''	True	False	True	False	standard	False
'yes'	''	''	'1'	''	True	True	True	False	standard	False
'yes'	''	''	'1'	''	False	False	True	False	standard	False
'yes'	''	''	'1'	''	False	True	True	False	standard	False
'yes'	''	''	'1'	'1'	True	False	True	False	standard	True
'yes'	''	''	'1'	'1'	True	True	True	False	standard	True
'yes'	''	''	'1'	'1'	False	False	True	False	standard	True
'yes'	''	''	'1'	'1'	False	True	True	False	standard	True
'yes'	''	'1'	-	-	True	False	True	False	standard	False
'yes'	''	'1'	-	-	True	True	True	False	standard	False
'yes'	''	'1'	-	-	False	False	True	False	standard	False
'yes'	''	'1'	-	-	False	True	True	False	standard	False
'yes'	''	'1'	-	''	True	False	True	False	standard	False
'yes'	''	'1'	-	''	True	True	True	False	standard	False
'yes'	''	'1'	-	''	False	False	True	False	standard	False
'yes'	''	'1'	-	''	False	True	True	False	standard	False
'yes'	''	'1'	-	'1'	True	False	True	False	standard	True
'yes'	''	'1'	-	'1'	True	True	True	False	standard	True
'yes'	''	'1'	-	'1'	False	False	True	False	standard	True
'yes'	''	'1'	-	'1'	False	True	True	False	standard	True
'yes'	''	'1'	''	-	True	False	True	False	standard	False
'yes'	''	'1'	''	-	True	True	True	False	standard	False
'yes'	''	'1'	''	-	False	False	True	False	standard	False
'yes'	''	'1'	''	-	False	True	True	False	standard	False
'yes'	''	'1'	''	''	True	False	True	False	standard	False
'yes'	''	'1'	''	''	True	True	True	False	standard	False
'yes'	''	'1'	''	''	False	False	True	False	standard	False
'yes'	''	'1'	''	''	False	True	True	False	standard	False
'yes'	''	'1'	''	'1'	True	False	True	False	standard	True
'yes'	''	'1'	''	'1'	True	True	True	False	standard	True
'yes'	''	'1'	''	'1'	False	False	True	False	standard	True
'yes'	''	'1'	''	'1'	False	True	True	False	standard	True
'yes'	''	'1'	'0'	-	True	False	False	False	None	False
'yes'	''	'1'	'0'	-	True	True	True	False	standard	False
'yes'	''	'1'	'0'	-	False	False	False	False	None	False
'yes'	''	'1'	'0'	-	False	True	True	False	standard	False
'yes'	''	'1'	'0'	''	True	False	False	False	None	False
'yes'	''	'1'	'0'	''	True	True	True	False	standard	False
'yes'	''	'1'	'0'	''	False	False	False	False	None	False
'yes'	''	'1'	'0'	''	False	True	True	False	standard	False
'yes'	''	'1'	'0'	'1'	True	False	False	False	None	True
'yes'	''	'1'	'0'	'1'	True	True	True	False	standard	True
'yes'	''	'1'	'0'	'1'	False	False	False	False	None	True
'yes'	''	'1'	'0'	'1'	False	True	True	False	standard	True
'yes'	''	'1'	'1'	-	True	False	True	False	standard	False
'yes'	''	'1'	'1'	-	True	True	True	False	standard	False
'yes'	''	'1'	'1'	-	False	False	True	False	standard	False
'yes'	''	'1'	'1'	-	False	True	True	False	standard	False
'yes'	''	'1'	'1'	''	True	False	True	False	standard	False
'yes'	''	'1'	'1'	''	True	True	True	False	standard	False
'yes'	''	'1'	'1'	''	False	False	True	False	standard	False
'yes'	''	'1'	'1'	''	False	True	True	False	standard	False
'yes'	''	'1'	'1'	'1'	True	False	True	False	standard	True
'yes'	''	'1'	'1'	'1'	True	True	True	False	standard	True
'yes'	''	'1'	'1'	'1'	False	False	True	False	standard	True
'yes'	''	'1'	'1'	'1'	False	True	True	False	standard	True
'yes'	''	'0'	-	-	True	False	True	False	standard	False
'yes'	''	'0'	-	-	True	True	True	False	standard	False
'yes'	''	'0'	-	-	False	False	True	False	standard	False
'yes'	''	'0'	-	-	False	True	True	False	standard	False
'yes'	''	'0'	-	''	True	False	True	False	standard	False
'yes'	''	'0'	-	''	True	True	True	False	standard	False
'yes'	''	'0'	-	''	False	False	True	False	standard	False
'yes'	''	'0'	-	''	False	True	True	False	standard	False
'yes'	''	'0'	-	'1'	True	False	True	False	standard	True
'yes'	''	'0'	-	'1'	True	True	True	False	standard	True
'yes'	''	'0'	-	'1'	False	False	True	False	standard	True
'yes'	''	'0'	-	'1'	False	True	True	False	standard	True
'yes'	''	'0'	''	-	True	False	True	False	standard	False
'yes'	''	'0'	''	-	True	True	True	False	standard	False
'yes'	''	'0'	''	-	False	False	True	False	standard	False
'yes'	''	'0'	''	-	False	True	True	False	standard	False
'yes'	''	'0'	''	''	True	False	True	False	standard	False
'yes'	''	'0'	''	''	True	True	True	False	standard	False
'yes'	''	'0'	''	''	False	False	True	False	standard	False
'yes'	''	'0'	''	''	False	True	True	False	standard	False
'yes'	''	'0'	''	'1'	True	False	True	False	standard	True
'yes'	''	'0'	''	'1'	True	True	True	False	standard	True
'yes'	''	'0'	''	'1'	False	False	True	False	standard	True
'yes'	''	'0'	''	'1'	False	True	True	False	standard	True
'yes'	''	'0'	'0'	-	True	False	False	False	None	False
'yes'	''	'0'	'0'	-	True	True	True	False	standard	False
'yes'	''	'0'	'0'	-	False	False	False	False	None	False
'yes'	''	'0'	'0'	-	False	True	True	False	standard	False
'yes'	''	'0'	'0'	''	True	False	False	False	None	False
'yes'	''	'0'	'0'	''	True	True	True	False	standard	False
'yes'	''	'0'	'0'	''	False	False	False	False	None	False
'yes'	''	'0'	'0'	''	False	True	True	False	standard	False
'yes'	''	'0'	'0'	'1'	True	False	False	False	None	True
'yes'	''	'0'	'0'	'1'	True	True	True	False	standard	True
'yes'	''	'0'	'0'	'1'	False	False	False	False	None	True
'yes'	''	'0'	'0'	'1'	False	True	True	False	standard	True
'yes'	''	'0'	'1'	-	True	False	True	False	standard	False
'yes'	''	'0'	'1'	-	True	True	True	False	standard	False
'yes'	''	'0'	'1'	-	False	False	True	False	standard	False
'yes'	''	'0'	'1'	-	False	True	True	False	standard	False
'yes'	''	'0'	'1'	''	True	False	True	False	standard	False
'yes'	''	'0'	'1'	''	True	True	True	False	standard	False
'yes'	''	'0'	'1'	''	False	False	True	False	standard	False
'yes'	''	'0'	'1'	''	False	True	True	False	standard	False
'yes'	''	'0'	'1'	'1'	True	False	True	False	standard	True
'yes'	''	'0'	'1'	'1'	True	True	True	False	standard	True
'yes'	''	'0'	'1'	'1'	False	False	True	False	standard	True
'yes'	''	'0'	'1'	'1'	False	True	True	False	standard	True
'yes'	'dumb'	-	-	-	True	False	True	True	None	False
'yes'	'dumb'	-	-	-	True	True	True	True	None	False
'yes'	'dumb'	-	-	-	False	False	False	False	None	False
'yes'	'dumb'	-	-	-	False	True	True	True	None	False
'yes'	'dumb'	-	-	''	True	False	True	True	None	False
'yes'	'dumb'	-	-	''	True	True	True	True	None	False
'yes'	'dumb'	-	-	''	False	False	False	False	None	False
'yes'	'dumb'	-	-	''	False	True	True	True	None	False
'yes'	'dumb'	-	-	'1'	True	False	True	True	None	True
'yes'	'dumb'	-	-	'1'	True	True	True	True	None	True
'yes'	'dumb'	-	-	'1'	False	False	False	False	None	True
'yes'	'dumb'	-	-	'1'	False	True	True	True	None	True
'yes'	'dumb'	-	''	-	True	False	True	True	None	False
'yes'	'dumb'	-	''	-	True	True	True	True	None	False
'yes'	'dumb'	-	''	-	False	False	False	False	None	False
'yes'	'dumb'	-	''	-	False	True	True	True	None	False
'yes'	'dumb'	-	''	''	True	False	True	True	None	False
'yes'	'dumb'	-	''	''	True	True	True	True	None	False
'yes'	'dumb'	-	''	''	False	False	False	False	None	False
'yes'	'dumb'	-	''	''	False	True	True	True	None	False
'yes'	'dumb'	-	''	'1'	True	False	True	True	None	True
'yes'	'dumb'	-	''	'1'	True	True	True	True	None	True
'yes'	'dumb'	-	''	'1'	False	False	False	False	None	True
'yes'	'dumb'	-	''	'1'	False	True	True	True	None	True
'yes'	'dumb'	-	'0'	-	True	False	False	False	None	False
'yes'	'dumb'	-	'0'	-	True	True	True	True	None	False
'yes'	'dumb'	-	'0'	-	False	False	False	False	None	False
'yes'	'dumb'	-	'0'	-	False	True	True	True	None	False
'yes'	'dumb'	-	'0'	''	True	False	False	False	None	False
'yes'	'dumb'	-	'0'	''	True	True	True	True	None	False
'yes'	'dumb'	-	'0'	''	False	False	False	False	None	False
'yes'	'dumb'	-	'0'	''	False	True	True	True	None	False
'yes'	'dumb'	-	'0'	'1'	True	False	False	False	None	True
'yes'	'dumb'	-	'0'	'1'	True	True	True	True	None	True
'yes'	'dumb'	-	'0'	'1'	False	False	False	False	None	True
'yes'	'dumb'	-	'0'	'1'	False	True	True	True	None	True
'yes'	'dumb'	-	'1'	-	True	False	True	True	None	False
'yes'	'dumb'	-	'1'	-	True	True	True	True	None	False
'yes'	'dumb'	-	'1'	-	False	False	True	True	None	False
'yes'	'dumb'	-	'1'	-	False	True	True	True	None	False
'yes'	'dumb'	-	'1'	''	True	False	True	True	None	False
'yes'	'dumb'	-	'1'	''	True	True	True	True	None	False
'yes'	'dumb'	-	'1'	''	False	False	True	True	None	False
'yes'	'dumb'	-	'1'	''	False	True	True	True	None	False
'yes'	'dumb'	-	'1'	'1'	True	False	True	True	None	True
'yes'	'dumb'	-	'1'	'1'	True	True	True	True	None	True
'yes'	'dumb'	-	'1'	'1'	False	False	True	True	None	True
'yes'	'dumb'	-	'1'	'1'	False	True	True	True	None	True
'yes'	'dumb'	''	-	-	True	False	False	False	None	False
'yes'	'dumb'	''	-	-	True	True	True	True	None	False
'yes'	'dumb'	''	-	-	False	False	False	False	None	False
'yes'	'dumb'	''	-	-	False	True	True	True	None	False
'yes'	'dumb'	''	-	''	True	False	False	False	None	False
'yes'	'dumb'	''	-	''	True	True	True	True	None	False
'yes'	'dumb'	''	-	''	False	False	False	False	None	False
'yes'	'dumb'	''	-	''	False	True	True	True	None	False
'yes'	'dumb'	''	-	'1'	True	False	False	False	None	True
'yes'	'dumb'	''	-	'1'	True	True	True	True	None	True
'yes'	'dumb'	''	-	'1'	False	False	False	False	None	True
'yes'	'dumb'	''	-	'1'	False	True	True	True	None	True
'yes'	'dumb'	''	''	-	True	False	False	False	None	False
'yes'	'dumb'	''	''	-	True	True	True	True	None	False
'yes'	'dumb'	''	''	-	False	False	False	False	None	False
'yes'	'dumb'	''	''	-	False	True	True	True	None	False
'yes'	'dumb'	''	''	''	True	False	False	False	None	False
'yes'	'dumb'	''	''	''	True	True	True	True	None	False
'yes'	'dumb'	''	''	''	False	False	False	False	None	False
'yes'	'dumb'	''	''	''	False	True	True	True	None	False
'yes'	'dumb'	''	''	'1'	True	False	False	False	None	True
'yes'	'dumb'	''	''	'1'	True	True	True	True	None	True
'yes'	'dumb'	''	''	'1'	False	False	False	False	None	True
'yes'	'dumb'	''	''	'1'	False	True	True	True	None	True
'yes'	'dumb'	''	'0'	-	True	False	False	False	None	False
'yes'	'dumb'	''	'0'	-	True	True	True	True	None	False
'yes'	'dumb'	''	'0'	-	False	False	False	False	None	False
'yes'	'dumb'	''	'0'	-	False	True	True	True	None	False
'yes'	'dumb'	''	'0'	''	True	False	False	False	None	False
'yes'	'dumb'	''	'0'	''	True	True	True	True	None	False
'yes'	'dumb'	''	'0'	''	False	False	False	False	None	False
'yes'	'dumb'	''	'0'	''	False	True	True	True	None	False
'yes'	'dumb'	''	'0'	'1'	True	False	False	False	None	True
'yes'	'dumb'	''	'0'	'1'	True	True	True	True	None	True
'yes'	'dumb'	''	'0'	'1'	False	False	False	False	None	True
'yes'	'dumb'	''	'0'	'1'	False	True	True	True	None	True
'yes'	'dumb'	''	'1'	-	True	False	True	True	None	False
'yes'	'dumb'	''	'1'	-	True	True	True	True	None	False
'yes'	'dumb'	''	'1'	-	False	False	True	True	None	False
'yes'	'dumb'	''	'1'	-	False	True	True	True	None	False
'yes'	'dumb'	''	'1'	''	True	False	True	True	None	False
'yes'	'dumb'	''	'1'	''	True	True	True	True	None	False
'yes'	'dumb'	''	'1'	''	False	False	True	True	None	False
'yes'	'dumb'	''	'1'	''	False	True	True	True	None	False
'yes'	'dumb'	''	'1'	'1'	True	False	True	True	None	True
'yes'	'dumb'	''	'1'	'1'	True	True	True	True	None	True
'yes'	'dumb'	''	'1'	'1'	False	False	True	True	None	True
'yes'	'dumb'	''	'1'	'1'	False	True	True	True	None	True
'yes'	'dumb'	'1'	-	-	True	False	True	True	None	False
'yes'	'dumb'	'1'	-	-	True	True	True	True	None	False
'yes'	'dumb'	'1'	-	-	False	False	True	True	None	False
'yes'	'dumb'	'1'	-	-	False	True	True	True	None	False
'yes'	'dumb'	'1'	-	''	True	False	True	True	None	False
'yes'	'dumb'	'1'	-	''	True	True	True	True	None	False
'yes'	'dumb'	'1'	-	''	False	False	True	True	None	False
'yes'	'dumb'	'1'	-	''	False	True	True	True	None	False
'yes'	'dumb'	'1'	-	'1'	True	False	True	True	None	True
'yes'	'dumb'	'1'	-	'1'	True	True	True	True	None	True
'yes'	'dumb'	'1'	-	'1'	False	False	True	True	None	True
'yes'	'dumb'	'1'	-	'1'	False	True	True	True	None	True
'yes'	'dumb'	'1'	''	-	True	False	True	True	None	False
'yes'	'dumb'	'1'	''	-	True	True	True	True	None	False
'yes'	'dumb'	'1'	''	-	False	False	True	True	None	False
'yes'	'dumb'	'1'	''	-	False	True	True	True	None	False
'yes'	'dumb'	'1'	''	''	True	False	True	True	None	False
'yes'	'dumb'	'1'	''	''	True	True	True	True	None	False
'yes'	'dumb'	'1'	''	''	False	False	True	True	None	False
'yes'	'dumb'	'1'	''	''	False	True	True	True	None	False
'yes'	'dumb'	'1'	''	'1'	True	False	True	True	None	True
'yes'	'dumb'	'1'	''	'1'	True	True	True	True	None	True
'yes'	'dumb'	'1'	''	'1'	False	False	True	True	None	True
'yes'	'dumb'	'1'	''	'1'	False	True	True	True	None	True
'yes'	'dumb'	'1'	'0'	-	True	False	False	False	None	False
'yes'	'dumb'	'1'	'0'	-	True	True	True	True	None	False
'yes'	'dumb'	'1'	'0'	-	False	False	False	False	None	False
'yes'	'dumb'	'1'	'0'	-	False	True	True	True	None	False
'yes'	'dumb'	'1'	'0'	''	True	False	False	False	None	False
'yes'	'dumb'	'1'	'0'	''	True	True	True	True	None	False
'yes'	'dumb'	'1'	'0'	''	False	False	False	False	None	False
'yes'	'dumb'	'1'	'0'	''	False	True	True	True	None	False
'yes'	'dumb'	'1'	'0'	'1'	True	False	False	False	None	True
'yes'	'dumb'	'1'	'0'	'1'	True	True	True	True	None	True
'yes'	'dumb'	'1'	'0'	'1'	False	False	False	False	None	True
'yes'	'dumb'	'1'	'0'	'1'	False	True	True	True	None	True
'yes'	'dumb'	'1'	'1'	-	True	False	True	True	None	False
'yes'	'dumb'	'1'	'1'	-	True	True	True	True	None	False
'yes'	'dumb'	'1'	'1'	-	False	False	True	True	None	False
'yes'	'dumb'	'1'	'1'	-	False	True	True	True	None	False
'yes'	'dumb'	'1'	'1'	''	True	False	True	True	None	False
'yes'	'dumb'	'1'	'1'	''	True	True	True	True	None	False
'yes'	'dumb'	'1'	'1'	''	False	False	True	True	None	False
'yes'	'dumb'	'1'	'1'	''	False	True	True	True	None	False
'yes'	'dumb'	'1'	'1'	'1'	True	False	True	True	None	True
'yes'	'dumb'	'1'	'1'	'1'	True	True	True	True	None	True
'yes'	'dumb'	'1'	'1'	'1'	False	False	True	True	None	True
'yes'	'dumb'	'1'	'1'	'1'	False	True	True	True	None	True
'yes'	'dumb'	'0'	-	-	True	False	True	True	None	False
'yes'	'dumb'	'0'	-	-	True	True	True	True	None	False
'yes'	'dumb'	'0'	-	-	False	False	True	True	None	False
'yes'	'dumb'	'0'	-	-	False	True	True	True	None	False
'yes'	'dumb'	'0'	-	''	True	False	True	True	None	False
'yes'	'dumb'	'0'	-	''	True	True	True	True	None	False
'yes'	'dumb'	'0'	-	''	False	False	True	True	None	False
'yes'	'dumb'	'0'	-	''	False	True	True	True	None	False
'yes'	'dumb'	'0'	-	'1'	True	False	True	True	None	True
'yes'	'dumb'	'0'	-	'1'	True	True	True	True	None	True
'yes'	'dumb'	'0'	-	'1'	False	False	True	True	None	True
'yes'	'dumb'	'0'	-	'1'	False	True	True	True	None	True
'yes'	'dumb'	'0'	''	-	True	False	True	True	None	False
'yes'	'dumb'	'0'	''	-	True	True	True	True	None	False
'yes'	'dumb'	'0'	''	-	False	False	True	True	None	False
'yes'	'dumb'	'0'	''	-	False	True	True	True	None	False
'yes'	'dumb'	'0'	''	''	True	False	True	True	None	False
'yes'	'dumb'	'0'	''	''	True	True	True	True	None	False
'yes'	'dumb'	'0'	''	''	False	False	True	True	None	False
'yes'	'dumb'	'0'	''	''	False	True	True	True	None	False
'yes'	'dumb'	'0'	''	'1'	True	False	True	True	None	True
'yes'	'dumb'	'0'	''	'1'	True	True	True	True	None	True
'yes'	'dumb'	'0'	''	'1'	False	False	True	True	None	True
'yes'	'dumb'	'0'	''	'1'	False	True	True	True	None	True
'yes'	'dumb'	'0'	'0'	-	True	False	False	False	None	False
'yes'	'dumb'	'0'	'0'	-	True	True	True	True	None	False
'yes'	'dumb'	'0'	'0'	-	False	False	False	False	None	False
'yes'	'dumb'	'0'	'0'	-	False	True	True	True	None	False
'yes'	'dumb'	'0'	'0'	''	True	False	False	False	None	False
'yes'	'dumb'	'0'	'0'	''	True	True	True	True	None	False
'yes'	'dumb'	'0'	'0'	''	False	False	False	False	None	False
'yes'	'dumb'	'0'	'0'	''	False	True	True	True	None	False
'yes'	'dumb'	'0'	'0'	'1'	True	False	False	False	None	True
'yes'	'dumb'	'0'	'0'	'1'	True	True	True	True	None	True
'yes'	'dumb'	'0'	'0'	'1'	False	False	False	False	None	True
'yes'	'dumb'	'0'	'0'	'1'	False	True	True	True	None	True
'yes'	'dumb'	'0'	'1'	-	True	False	True	True	None	False
'yes'	'dumb'	'0'	'1'	-	True	True	True	True	None	False
'yes'	'dumb'	'0'	'1'	-	False	False	True	True	None	False
'yes'	'dumb'	'0'	'1'	-	False	True	True	True	None	False
'yes'	'dumb'	'0'	'1'	''	True	False	True	True	None	False
'yes'	'dumb'	'0'	'1'	''	True	True	True	True	None	False
'yes'	'dumb'	'0'	'1'	''	False	False	True	True	None	False
'yes'	'dumb'	'0'	'1'	''	False	True	True	True	None	False
'yes'	'dumb'	'0'	'1'	'1'	True	False	True	True	None	True
'yes'	'dumb'	'0'	'1'	'1'	True	True	True	True	None	True
'yes'	'dumb'	'0'	'1'	'1'	False	False	True	True	None	True
'yes'	'dumb'	'0'	'1'	'1'	False	True	True	True	None	True
'yes'	'unknown'	-	-	-	True	False	True	True	None	False
'yes'	'unknown'	-	-	-	True	True	True	True	None	False
'yes'	'unknown'	-	-	-	False	False	False	False	None	False
'yes'	'unknown'	-	-	-	False	True	True	True	None	False
'yes'	'unknown'	-	-	''	True	False	True	True	None	False
'yes'	'unknown'	-	-	''	True	True	True	True	None	False
'yes'	'unknown'	-	-	''	False	False	False	False	None	False
'yes'	'unknown'	-	-	''	False	True	True	True	None	False
'yes'	'unknown'	-	-	'1'	True	False	True	True	None	True
'yes'	'unknown'	-	-	'1'	True	True	True	True	None	True
'yes'	'unknown'	-	-	'1'	False	False	False	False	None	True
'yes'	'unknown'	-	-	'1'	False	True	True	True	None	True
'yes'	'unknown'	-	''	-	True	False	True	True	None	False
'yes'	'unknown'	-	''	-	True	True	True	True	None	False
'yes'	'unknown'	-	''	-	False	False	False	False	None	False
'yes'	'unknown'	-	''	-	False	True	True	True	None	False
'yes'	'unknown'	-	''	''	True	False	True	True	None	False
'yes'	'unknown'	-	''	''	True	True	True	True	None	False
'yes'	'unknown'	-	''	''	False	False	False	False	None	False
'yes'	'unknown'	-	''	''	False	True	True	True	None	False
'yes'	'unknown'	-	''	'1'	True	False	True	True	None	True
'yes'	'unknown'	-	''	'1'	True	True	True	True	None	True
'yes'	'unknown'	-	''	'1'	False	False	False	False	None	True
'yes'	'unknown'	-	''	'1'	False	True	True	True	None	True
'yes'	'unknown'	-	'0'	-	True	False	False	False	None	False
'yes'	'unknown'	-	'0'	-	True	True	True	True	None	False
'yes'	'unknown'	-	'0'	-	False	False	False	False	None	False
'yes'	'unknown'	-	'0'	-	False	True	True	True	None	False
'yes'	'unknown'	-	'0'	''	True	False	False	False	None	False
'yes'	'unknown'	-	'0'	''	True	True	True	True	None	False
'yes'	'unknown'	-	'0'	''	False	False	False	False	None	False
'yes'	'unknown'	-	'0'	''	False	True	True	True	None	False
'yes'	'unknown'	-	'0'	'1'	True	False	False	False	None	True
'yes'	'unknown'	-	'0'	'1'	True	True	True	True	None	True
'yes'	'unknown'	-	'0'	'1'	False	False	False	False	None	True
'yes'	'unknown'	-	'0'	'1'	False	True	True	True	None	True
'yes'	'unknown'	-	'1'	-	True	False	True	True	None	False
'yes'	'unknown'	-	'1'	-	True	True	True	True	None	False
'yes'	'unknown'	-	'1'	-	False	False	True	True	None	False
'yes'	'unknown'	-	'1'	-	False	True	True	True	None	False
'yes'	'unknown'	-	'1'	''	True	False	True	True	None	False
'yes'	'unknown'	-	'1'	''	True	True	True	True	None	False
'yes'	'unknown'	-	'1'	''	False	False	True	True	None	False
'yes'	'unknown'	-	'1'	''	False	True	True	True	None	False
'yes'	'unknown'	-	'1'	'1'	True	False	True	True	None	True
'yes'	'unknown'	-	'1'	'1'	True	True	True	True	None	True
'yes'	'unknown'	-	'1'	'1'	False	False	True	True	None	True
'yes'	'unknown'	-	'1'	'1'	False	True	True	True	None	True
'yes'	'unknown'	''	-	-	True	False	False	False	None	False
'yes'	'unknown'	''	-	-	True	True	True	True	None	False
'yes'	'unknown'	''	-	-	False	False	False	False	None	False
'yes'	'unknown'	''	-	-	False	True	True	True	None	False
'yes'	'unknown'	''	-	''	True	False	False	False	None	False
'yes'	'unknown'	''	-	''	True	True	True	True	None	False
'yes'	'unknown'	''	-	''	False	False	False	False	None	False
'yes'	'unknown'	''	-	''	False	True	True	True	None	False
'yes'	'unknown'	''	-	'1'	True	False	False	False	None	True
'yes'	'unknown'	''	-	'1'	True	True	True	True	None	True
'yes'	'unknown'	''	-	'1'	False	False	False	False	None	True
'yes'	'unknown'	''	-	'1'	False	True	True	True	None	True
'yes'	'unknown'	''	''	-	True	False	False	False	None	False
'yes'	'unknown'	''	''	-	True	True	True	True	None	False
'yes'	'unknown'	''	''	-	False	False	False	False	None	False
'yes'	'unknown'	''	''	-	False	True	True	True	None	False
'yes'	'unknown'	''	''	''	True	False	False	False	None	False
'yes'	'unknown'	''	''	''	True	True	True	True	None	False
'yes'	'unknown'	''	''	''	False	False	False	False	None	False
'yes'	'unknown'	''	''	''	False	True	True	True	None	False
'yes'	'unknown'	''	''	'1'	True	False	False	False	None	True
'yes'	'unknown'	''	''	'1'	True	True	True	True	None	True
'yes'	'unknown'	''	''	'1'	False	False	False	False	None	True
'yes'	'unknown'	''	''	'1'	False	True	True	True	None	True
'yes'	'unknown'	''	'0'	-	True	False	False	False	None	False
'yes'	'unknown'	''	'0'	-	True	True	True	True	None	False
'yes'	'unknown'	''	'0'	-	False	False	False	False	None	False
'yes'	'unknown'	''	'0'	-	False	True	True	True	None	False
'yes'	'unknown'	''	'0'	''	True	False	False	False	None	False
'yes'	'unknown'	''	'0'	''	True	True	True	True	None	False
'yes'	'unknown'	''	'0'	''	False	False	False	False	None	False
'yes'	'unknown'	''	'0'	''	False	True	True	True	None	False
'yes'	'unknown'	''	'0'	'1'	True	False	False	False	None	True
'yes'	'unknown'	''	'0'	'1'	True	True	True	True	None	True
'yes'	'unknown'	''	'0'	'1'	False	False	False	False	None	True
'yes'	'unknown'	''	'0'	'1'	False	True	True	True	None	True
'yes'	'unknown'	''	'1'	-	True	False	True	True	None	False
'yes'	'unknown'	''	'1'	-	True	True	True	True	None	False
'yes'	'unknown'	''	'1'	-	False	False	True	True	None	False
'yes'	'unknown'	''	'1'	-	False	True	True	True	None	False
'yes'	'unknown'	''	'1'	''	True	False	True	True	None	False
'yes'	'unknown'	''	'1'	''	True	True	True	True	None	False
'yes'	'unknown'	''	'1'	''	False	False	True	True	None	False
'yes'	'unknown'	''	'1'	''	False	True	True	True	None	False
'yes'	'unknown'	''	'1'	'1'	True	False	True	True	None	True
'yes'	'unknown'	''	'1'	'1'	True	True	True	True	None	True
'yes'	'unknown'	''	'1'	'1'	False	False	True	True	None	True
'yes'	'unknown'	''	'1'	'1'	False	True	True	True	None	True
'yes'	'unknown'	'1'	-	-	True	False	True	True	None	False
'yes'	'unknown'	'1'	-	-	True	True	True	True	None	False
'yes'	'unknown'	'1'	-	-	False	False	True	True	None	False
'yes'	'unknown'	'1'	-	-	False	True	True	True	None	False
'yes'	'unknown'	'1'	-	''	True	False	True	True	None	False
'yes'	'unknown'	'1'	-	''	True	True	True	True	None	False
'yes'	'unknown'	'1'	-	''	False	False	True	True	None	False
'yes'	'unknown'	'1'	-	''	False	True	True	True	None	False
'yes'	'unknown'	'1'	-	'1'	True	False	True	True	None	True
'yes'	'unknown'	'1'	-	'1'	True	True	True	True	None	True
'yes'	'unknown'	'1'	-	'1'	False	False	True	True	None	True
'yes'	'unknown'	'1'	-	'1'	False	True	True	True	None	True
'yes'	'unknown'	'1'	''	-	True	False	True	True	None	False
'yes'	'unknown'	'1'	''	-	True	True	True	True	None	False
'yes'	'unknown'	'1'	''	-	False	False	True	True	None	False
'yes'	'unknown'	'1'	''	-	False	True	True	True	None	False
'yes'	'unknown'	'1'	''	''	True	False	True	True	None	False
'yes'	'unknown'	'1'	''	''	True	True	True	True	None	False
'yes'	'unknown'	'1'	''	''	False	False	True	True	None	False
'yes'	'unknown'	'1'	''	''	False	True	True	True	None	False
'yes'	'unknown'	'1'	''	'1'	True	False	True	True	None	True
'yes'	'unknown'	'1'	''	'1'	True	True	True	True	None	True
'yes'	'unknown'	'1'	''	'1'	False	False	True	True	None	True
'yes'	'unknown'	'1'	''	'1'	False	True	True	True	None	True
'yes'	'unknown'	'1'	'0'	-	True	False	False	False	None	False
'yes'	'unknown'	'1'	'0'	-	True	True	True	True	None	False
'yes'	'unknown'	'1'	'0'	-	False	False	False	False	None	False
'yes'	'unknown'	'1'	'0'	-	False	True	True	True	None	False
'yes'	'unknown'	'1'	'0'	''	True	False	False	False	None	False
'yes'	'unknown'	'1'	'0'	''	True	True	True	True	None	False
'yes'	'unknown'	'1'	'0'	''	False	False	False	False	None	False
'yes'	'unknown'	'1'	'0'	''	False	True	True	True	None	False
'yes'	'unknown'	'1'	'0'	'1'	True	False	False	False	None	True
'yes'	'unknown'	'1'	'0'	'1'	True	True	True	True	None	True
'yes'	'unknown'	'1'	'0'	'1'	False	False	False	False	None	True
'yes'	'unknown'	'1'	'0'	'1'	False	True	True	True	None	True
'yes'	'unknown'	'1'	'1'	-	True	False	True	True	None	False
'yes'	'unknown'	'1'	'1'	-	True	True	True	True	None	False
'yes'	'unknown'	'1'	'1'	-	False	False	True	True	None	False
'yes'	'unknown'	'1'	'1'	-	False	True	True	True	None	False
'yes'	'unknown'	'1'	'1'	''	True	False	True	True	None	False
'yes'	'unknown'	'1'	'1'	''	True	True	True	True	None	False
'yes'	'unknown'	'1'	'1'	''	False	False	True	True	None	False
'yes'	'unknown'	'1'	'1'	''	False	True	True	True	None	False
'yes'	'unknown'	'1'	'1'	'1'	True	False	True	True	None	True
'yes'	'unknown'	'1'	'1'	'1'	True	True	True	True	None	True
'yes'	'unknown'	'1'	'1'	'1'	False	False	True	True	None	True
'yes'	'unknown'	'1'	'1'	'1'	False	True	True	True	None	True
'yes'	'unknown'	'0'	-	-	True	False	True	True	None	False
'yes'	'unknown'	'0'	-	-	True	True	True	True	None	False
'yes'	'unknown'	'0'	-	-	False	False	True	True	None	False
'yes'	'unknown'	'0'	-	-	False	True	True	True	None	False
'yes'	'unknown'	'0'	-	''	True	False	True	True	None	False
'yes'	'unknown'	'0'	-	''	True	True	True	True	None	False
'yes'	'unknown'	'0'	-	''	False	False	True	True	None	False
'yes'	'unknown'	'0'	-	''	False	True	True	True	None	False
'yes'	'unknown'	'0'	-	'1'	True	False	True	True	None	True
'yes'	'unknown'	'0'	-	'1'	True	True	True	True	None	True
'yes'	'unknown'	'0'	-	'1'	False	False	True	True	None	True
'yes'	'unknown'	'0'	-	'1'	False	True	True	True	None	True
'yes'	'unknown'	'0'	''	-	True	False	True	True	None	False
'yes'	'unknown'	'0'	''	-	True	True	True	True	None	False
'yes'	'unknown'	'0'	''	-	False	False	True	True	None	False
'yes'	'unknown'	'0'	''	-	False	True	True	True	None	False
'yes'	'unknown'	'0'	''	''	True	False	True	True	None	False
'yes'	'unknown'	'0'	''	''	True	True	True	True	None	False
'yes'	'unknown'	'0'	''	''	False	False	True	True	None	False
'yes'	'unknown'	'0'	''	''	False	True	True	True	None	False
'yes'	'unknown'	'0'	''	'1'	True	False	True	True	None	True
'yes'	'unknown'	'0'	''	'1'	True	True	True	True	None	True
'yes'	'unknown'	'0'	''	'1'	False	False	True	True	None	True
'yes'	'unknown'	'0'	''	'1'	False	True	True	True	None	True
'yes'	'unknown'	'0'	'0'	-	True	False	False	False	None	False
'yes'	'unknown'	'0'	'0'	-	True	True	True	True	None	False
'yes'	'unknown'	'0'	'0'	-	False	False	False	False	None	False
'yes'	'unknown'	'0'	'0'	-	False	True	True	True	None	False
'yes'	'unknown'	'0'	'0'	''	True	False	False	False	None	False
'yes'	'unknown'	'0'	'0'	''	True	True	True	True	None	False
'yes'	'unknown'	'0'	'0'	''	False	False	False	False	None	False
'yes'	'unknown'	'0'	'0'	''	False	True	True	True	None	False
'yes'	'unknown'	'0'	'0'	'1'	True	False	False	False	None	True
'yes'	'unknown'	'0'	'0'	'1'	True	True	True	True	None	True
'yes'	'unknown'	'0'	'0'	'1'	False	False	False	False	None	True
'yes'	'unknown'	'0'	'0'	'1'	False	True	True	True	None	True
'yes'	'unknown'	'0'	'1'	-	True	False	True	True	None	False
'yes'	'unknown'	'0'	'1'	-	True	True	True	True	None	False
'yes'	'unknown'	'0'	'1'	-	False	False	True	True	None	False
'yes'	'unknown'	'0'	'1'	-	False	True	True	True	None	False
'yes'	'unknown'	'0'	'1'	''	True	False	True	True	None	False
'yes'	'unknown'	'0'	'1'	''	True	True	True	True	None	False
'yes'	'unknown'	'0'	'1'	''	False	False	True	True	None	False
'yes'	'unknown'	'0'	'1'	''	False	True	True	True	None	False
'yes'	'unknown'	'0'	'1'	'1'	True	False	True	True	None	True
'yes'	'unknown'	'0'	'1'	'1'	True	True	True	True	None	True
'yes'	'unknown'	'0'	'1'	'1'	False	False	True	True	None	True
'yes'	'unknown'	'0'	'1'	'1'	False	True	True	True	None	True
'yes'	'xterm'	-	-	-	True	False	True	False	standard	False
'yes'	'xterm'	-	-	-	True	True	True	False	standard	False
'yes'	'xterm'	-	-	-	False	False	False	False	None	False
'yes'	'xterm'	-	-	-	False	True	True	False	standard	False
'yes'	'xterm'	-	-	''	True	False	True	False	standard	False
'yes'	'xterm'	-	-	''	True	True	True	False	standard	False
'yes'	'xterm'	-	-	''	False	False	False	False	None	False
'yes'	'xterm'	-	-	''	False	True	True	False	standard	False
'yes'	'xterm'	-	-	'1'	True	False	True	False	standard	True
'yes'	'xterm'	-	-	'1'	True	True	True	False	standard	True
'yes'	'xterm'	-	-	'1'	False	False	False	False	None	True
'yes'	'xterm'	-	-	'1'	False	True	True	False	standard	True
'yes'	'xterm'	-	''	-	True	False	True	False	standard	False
'yes'	'xterm'	-	''	-	True	True	True	False	standard	False
'yes'	'xterm'	-	''	-	False	False	False	False	None	False
'yes'	'xterm'	-	''	-	False	True	True	False	standard	False
'yes'	'xterm'	-	''	''	True	False	True	False	standard	False
'yes'	'xterm'	-	''	''	True	True	True	False	standard	False
'yes'	'xterm'	-	''	''	False	False	False	False	None	False
'yes'	'xterm'	-	''	''	False	True	True	False	standard	False
'yes'	'xterm'	-	''	'1'	True	False	True	False	standard	True
'yes'	'xterm'	-	''	'1'	True	True	True	False	standard	True
'yes'	'xterm'	-	''	'1'	False	False	False	False	None	True
'yes'	'xterm'	-	''	'1'	False	True	True	False	standard	True
'yes'	'xterm'	-	'0'	-	True	False	False	False	None	False
'yes'	'xterm'	-	'0'	-	True	True	True	False	standard	False
'yes'	'xterm'	-	'0'	-	False	False	False	False	None	False
'yes'	'xterm'	-	'0'	-	False	True	True	False	standard	False
'yes'	'xterm'	-	'0'	''	True	False	False	False	None	False
'yes'	'xterm'	-	'0'	''	True	True	True	False	standard	False
'yes'	'xterm'	-	'0'	''	False	False	False	False	None	False
'yes'	'xterm'	-	'0'	''	False	True	True	False	standard	False
'yes'	'xterm'	-	'0'	'1'	True	False	False	False	None	True
'yes'	'xterm'	-	'0'	'1'	True	True	True	False	standard	True
'yes'	'xterm'	-	'0'	'1'	False	False	False	False	None	True
'yes'	'xterm'	-	'0'	'1'	False	True	True	False	standard	True
'yes'	'xterm'	-	'1'	-	True	False	True	False	standard	False
'yes'	'xterm'	-	'1'	-	True	True	True	False	standard	False
'yes'	'xterm'	-	'1'	-	False	False	True	False	standard	False
'yes'	'xterm'	-	'1'	-	False	True	True	False	standard	False
'yes'	'xterm'	-	'1'	''	True	False	True	False	standard	False
'yes'	'xterm'	-	'1'	''	True	True	True	False	standard	False
'yes'	'xterm'	-	'1'	''	False	False	True	False	standard	False
'yes'	'xterm'	-	'1'	''	False	True	True	False	standard	False
'yes'	'xterm'	-	'1'	'1'	True	False	True	False	standard	True
'yes'	'xterm'	-	'1'	'1'	True	True	True	False	standard	True
'yes'	'xterm'	-	'1'	'1'	False	False	True	False	standard	True
'yes'	'xterm'	-	'1'	'1'	False	True	True	False	standard	True
'yes'	'xterm'	''	-	-	True	False	False	False	None	False
'yes'	'xterm'	''	-	-	True	True	True	False	standard	False
'yes'	'xterm'	''	-	-	False	False	False	False	None	False
'yes'	'xterm'	''	-	-	False	True	True	False	standard	False
'yes'	'xterm'	''	-	''	True	False	False	False	None	False
'yes'	'xterm'	''	-	''	True	True	True	False	standard	False
'yes'	'xterm'	''	-	''	False	False	False	False	None	False
'yes'	'xterm'	''	-	''	False	True	True	False	standard	False
'yes'	'xterm'	''	-	'1'	True	False	False	False	None	True
'yes'	'xterm'	''	-	'1'	True	True	True	False	standard	True
'yes'	'xterm'	''	-	'1'	False	False	False	False	None	True
'yes'	'xterm'	''	-	'1'	False	True	True	False	standard	True
'yes'	'xterm'	''	''	-	True	False	False	False	None	False
'yes'	'xterm'	''	''	-	True	True	True	False	standard	False
'yes'	'xterm'	''	''	-	False	False	False	False	None	False
'yes'	'xterm'	''	''	-	False	True	True	False	standard	False
'yes'	'xterm'	''	''	''	True	False	False	False	None	False
'yes'	'xterm'	''	''	''	True	True	True	False	standard	False
'yes'	'xterm'	''	''	''	False	False	False	False	None	False
'yes'	'xterm'	''	''	''	False	True	True	False	standard	False
'yes'	'xterm'	''	''	'1'	True	False	False	False	None	True
'yes'	'xterm'	''	''	'1'	True	True	True	False	standard	True
'yes'	'xterm'	''	''	'1'	False	False	False	False	None	True
'yes'	'xterm'	''	''	'1'	False	True	True	False	standard	True
'yes'	'xterm'	''	'0'	-	True	False	False	False	None	False
'yes'	'xterm'	''	'0'	-	True	True	True	False	standard	False
'yes'	'xterm'	''	'0'	-	False	False	False	False	None	False
'yes'	'xterm'	''	'0'	-	False	True	True	False	standard	False
'yes'	'xterm'	''	'0'	''	True	False	False	False	None	False
'yes'	'xterm'	''	'0'	''	True	True	True	False	standard	False
'yes'	'xterm'	''	'0'	''	False	False	False	False	None	False
'yes'	'xterm'	''	'0'	''	False	True	True	False	standard	False
'yes'	'xterm'	''	'0'	'1'	True	False	False	False	None	True
'yes'	'xterm'	''	'0'	'1'	True	True	True	False	standard	True
'yes'	'xterm'	''	'0'	'1'	False	False	False	False	None	True
'yes'	'xterm'	''	'0'	'1'	False	True	True	False	standard	True
'yes'	'xterm'	''	'1'	-	True	False	True	False	standard	False
'yes'	'xterm'	''	'1'	-	True	True	True	False	standard	False
'yes'	'xterm'	''	'1'	-	False	False	True	False	standard	False
'yes'	'xterm'	''	'1'	-	False	True	True	False	standard	False
'yes'	'xterm'	''	'1'	''	True	False	True	False	standard	False
'yes'	'xterm'	''	'1'	''	True	True	True	False	standard	False
'yes'	'xterm'	''	'1'	''	False	False	True	False	standard	False
'yes'	'xterm'	''	'1'	''	False	True	True	False	standard	False
'yes'	'xterm'	''	'1'	'1'	True	False	True	False	standard	True
'yes'	'xterm'	''	'1'	'1'	True	True	True	False	standard	True
'yes'	'xterm'	''	'1'	'1'	False	False	True	False	standard	True
'yes'	'xterm'	''	'1'	'1'	False	True	True	False	standard	True
'yes'	'xterm'	'1'	-	-	True	False	True	False	standard	False
'yes'	'xterm'	'1'	-	-	True	True	True	False	standard	False
'yes'	'xterm'	'1'	-	-	False	False	True	False	standard	False
'yes'	'xterm'	'1'	-	-	False	True	True	False	standard	False
'yes'	'xterm'	'1'	-	''	True	False	True	False	standard	False
'yes'	'xterm'	'1'	-	''	True	True	True	False	standard	False
'yes'	'xterm'	'1'	-	''	False	False	True	False	standard	False
'yes'	'xterm'	'1'	-	''	False	True	True	False	standard	False
'yes'	'xterm'	'1'	-	'1'	True	False	True	False	standard	True
'yes'	'xterm'	'1'	-	'1'	True	True	True	False	standard	True
'yes'	'xterm'	'1'	-	'1'	False	False	True	False	standard	True
'yes'	'xterm'	'1'	-	'1'	False	True	True	False	standard	True
'yes'	'xterm'	'1'	''	-	True	False	True	False	standard	False
'yes'	'xterm'	'1'	''	-	True	True	True	False	standard	False
'yes'	'xterm'	'1'	''	-	False	False	True	False	standard	False
'yes'	'xterm'	'1'	''	-	False	True	True	False	standard	False
'yes'	'xterm'	'1'	''	''	True	False	True	False	standard	False
'yes'	'xterm'	'1'	''	''	True	True	True	False	standard	False
'yes'	'xterm'	'1'	''	''	False	False	True	False	standard	False
'yes'	'xterm'	'1'	''	''	False	True	True	False	standard	False
'yes'	'xterm'	'1'	''	'1'	True	False	True	False	standard	True
'yes'	'xterm'	'1'	''	'1'	True	True	True	False	standard	True
'yes'	'xterm'	'1'	''	'1'	False	False	True	False	standard	True
'yes'	'xterm'	'1'	''	'1'	False	True	True	False	standard	True
'yes'	'xterm'	'1'	'0'	-	True	False	False	False	None	False
'yes'	'xterm'	'1'	'0'	-	True	True	True	False	standard	False
'yes'	'xterm'	'1'	'0'	-	False	False	False	False	None	False
'yes'	'xterm'	'1'	'0'	-	False	True	True	False	standard	False
'yes'	'xterm'	'1'	'0'	''	True	False	False	False	None	False
'yes'	'xterm'	'1'	'0'	''	True	True	True	False	standard	False
'yes'	'xterm'	'1'	'0'	''	False	False	False	False	None	False
'yes'	'xterm'	'1'	'0'	''	False	True	True	False	standard	False
'yes'	'xterm'	'1'	'0'	'1'	True	False	False	False	None	True
'yes'	'xterm'	'1'	'0'	'1'	True	True	True	False	standard	True
'yes'	'xterm'	'1'	'0'	'1'	False	False	False	False	None	True
'yes'	'xterm'	'1'	'0'	'1'	False	True	True	False	standard	True
'yes'	'xterm'	'1'	'1'	-	True	False	True	False	standard	False
'yes'	'xterm'	'1'	'1'	-	True	True	True	False	standard	False
'yes'	'xterm'	'1'	'1'	-	False	False	True	False	standard	False
'yes'	'xterm'	'1'	'1'	-	False	True	True	False	standard	False
'yes'	'xterm'	'1'	'1'	''	True	False	True	False	standard	False
'yes'	'xterm'	'1'	'1'	''	True	True	True	False	standard	False
'yes'	'xterm'	'1'	'1'	''	False	False	True	False	standard	False
'yes'	'xterm'	'1'	'1'	''	False	True	True	False	standard	False
'yes'	'xterm'	'1'	'1'	'1'	True	False	True	False	standard	True
'yes'	'xterm'	'1'	'1'	'1'	True	True	True	False	standard	True
'yes'	'xterm'	'1'	'1'	'1'	False	False	True	False	standard	True
'yes'	'xterm'	'1'	'1'	'1'	False	True	True	False	standard	True
'yes'	'xterm'	'0'	-	-	True	False	True	False	standard	False
'yes'	'xterm'	'0'	-	-	True	True	True	False	standard	False
'yes'	'xterm'	'0'	-	-	False	False	True	False	standard	False
'yes'	'xterm'	'0'	-	-	False	True	True	False	standard	False
'yes'	'xterm'	'0'	-	''	True	False	True	False	standard	False
'yes'	'xterm'	'0'	-	''	True	True	True	False	standard	False
'yes'	'xterm'	'0'	-	''	False	False	True	False	standard	False
'yes'	'xterm'	'0'	-	''	False	True	True	False	standard	False
'yes'	'xterm'	'0'	-	'1'	True	False	True	False	standard	True
'yes'	'xterm'	'0'	-	'1'	True	True	True	False	standard	True
'yes'	'xterm'	'0'	-	'1'	False	False	True	False	standard	True
'yes'	'xterm'	'0'	-	'1'	False	True	True	False	standard	True
'yes'	'xterm'	'0'	''	-	True	False	True	False	standard	False
'yes'	'xterm'	'0'	''	-	True	True	True	False	standard	False
'yes'	'xterm'	'0'	''	-	False	False	True	False	standard	False
'yes'	'xterm'	'0'	''	-	False	True	True	False	standard	False
'yes'	'xterm'	'0'	''	''	True	False	True	False	standard	False
'yes'	'xterm'	'0'	''	''	True	True	True	False	standard	False
'yes'	'xterm'	'0'	''	''	False	False	True	False	standard	False
'yes'	'xterm'	'0'	''	''	False	True	True	False	standard	False
'yes'	'xterm'	'0'	''	'1'	True	False	True	False	standard	True
'yes'	'xterm'	'0'	''	'1'	True	True	True	False	standard	True
'yes'	'xterm'	'0'	''	'1'	False	False	True	False	standard	True
'yes'	'xterm'	'0'	''	'1'	False	True	True	False	standard	True
'yes'	'xterm'	'0'	'0'	-	True	False	False	False	None	False
'yes'	'xterm'	'0'	'0'	-	True	True	True	False	standard	False
'yes'	'xterm'	'0'	'0'	-	False	False	False	False	None	False
'yes'	'xterm'	'0'	'0'	-	False	True	True	False	standard	False
'yes'	'xterm'	'0'	'0'	''	True	False	False	False	None	False
'yes'	'xterm'	'0'	'0'	''	True	True	True	False	standard	False
'yes'	'xterm'	'0'	'0'	''	False	False	False	False	None	False
'yes'	'xterm'	'0'	'0'	''	False	True	True	False	standard	False
'yes'	'xterm'	'0'	'0'	'1'	True	False	False	False	None	True
'yes'	'xterm'	'0'	'0'	'1'	True	True	True	False	standard	True
'yes'	'xterm'	'0'	'0'	'1'	False	False	False	False	None	True
'yes'	'xterm'	'0'	'0'	'1'	False	True	True	False	standard	True
'yes'	'xterm'	'0'	'1'	-	True	False	True	False	standard	False
'yes'	'xterm'	'0'	'1'	-	True	True	True	False	standard	False
'yes'	'xterm'	'0'	'1'	-	False	False	True	False	standard	False
'yes'	'xterm'	'0'	'1'	-	False	True	True	False	standard	False
'yes'	'xterm'	'0'	'1'	''	True	False	True	False	standard	False
'yes'	'xterm'	'0'	'1'	''	True	True	True	False	standard	False
'yes'	'xterm'	'0'	'1'	''	False	False	True	False	standard	False
'yes'	'xterm'	'0'	'1'	''	False	True	True	False	standard	False
'yes'	'xterm'	'0'	'1'	'1'	True	False	True	False	standard	True
'yes'	'xterm'	'0'	'1'	'1'	True	True	True	False	standard	True
'yes'	'xterm'	'0'	'1'	'1'	False	False	True	False	standard	True
'yes'	'xterm'	'0'	'1'	'1'	False	True	True	False	standard	True
'yes'	'xterm-256color'	-	-	-	True	False	True	False	256	False
'yes'	'xterm-256color'	-	-	-	True	True	True	False	256	False
'yes'	'xterm-256color'	-	-	-	False	False	False	False	None	False
'yes'	'xterm-256color'	-	-	-	False	True	True	False	256	False
'yes'	'xterm-256color'	-	-	''	True	False	True	False	256	False
'yes'	'xterm-256color'	-	-	''	True	True	True	False	256	False
'yes'	'xterm-256color'	-	-	''	False	False	False	False	None	False
'yes'	'xterm-256color'	-	-	''	False	True	True	False	256	False
'yes'	'xterm-256color'	-	-	'1'	True	False	True	False	256	True
'yes'	'xterm-256color'	-	-	'1'	True	True	True	False	256	True
'yes'	'xterm-256color'	-	-	'1'	False	False	False	False	None	True
'yes'	'xterm-256color'	-	-	'1'	False	True	True	False	256	True
'yes'	'xterm-256color'	-	''	-	True	False	True	False	256	False
'yes'	'xterm-256color'	-	''	-	True	True	True	False	256	False
'yes'	'xterm-256color'	-	''	-	False	False	False	False	None	False
'yes'	'xterm-256color'	-	''	-	False	True	True	False	256	False
'yes'	'xterm-256color'	-	''	''	True	False	True	False	256	False
'yes'	'xterm-256color'	-	''	''	True	True	True	False	256	False
'yes'	'xterm-256color'	-	''	''	False	False	False	False	None	False
'yes'	'xterm-256color'	-	''	''	False	True	True	False	256	False
'yes'	'xterm-256color'	-	''	'1'	True	False	True	False	256	True
'yes'	'xterm-256color'	-	''	'1'	True	True	True	False	256	True
'yes'	'xterm-256color'	-	''	'1'	False	False	False	False	None	True
'yes'	'xterm-256color'	-	''	'1'	False	True	True	False	256	True
'yes'	'xterm-256color'	-	'0'	-	True	False	False	False	None	False
'yes'	'xterm-256color'	-	'0'	-	True	True	True	False	256	False
'yes'	'xterm-256color'	-	'0'	-	False	False	False	False	None	False
'yes'	'xterm-256color'	-	'0'	-	False	True	True	False	256	False
'yes'	'xterm-256color'	-	'0'	''	True	False	False	False	None	False
'yes'	'xterm-256color'	-	'0'	''	True	True	True	False	256	False
'yes'	'xterm-256color'	-	'0'	''	False	False	False	False	None	False
'yes'	'xterm-256color'	-	'0'	''	False	True	True	False	256	False
'yes'	'xterm-256color'	-	'0'	'1'	True	False	False	False	None	True
'yes'	'xterm-256color'	-	'0'	'1'	True	True	True	False	256	True
'yes'	'xterm-256color'	-	'0'	'1'	False	False	False	False	None	True
'yes'	'xterm-256color'	-	'0'	'1'	False	True	True	False	256	True
'yes'	'xterm-256color'	-	'1'	-	True	False	True	False	256	False
'yes'	'xterm-256color'	-	'1'	-	True	True	True	False	256	False
'yes'	'xterm-256color'	-	'1'	-	False	False	True	False	256	False
'yes'	'xterm-256color'	-	'1'	-	False	True	True	False	256	False
'yes'	'xterm-256color'	-	'1'	''	True	False	True	False	256	False
'yes'	'xterm-256color'	-	'1'	''	True	True	True	False	256	False
'yes'	'xterm-256color'	-	'1'	''	False	False	True	False	256	False
'yes'	'xterm-256color'	-	'1'	''	False	True	True	False	256	False
'yes'	'xterm-256color'	-	'1'	'1'	True	False	True	False	256	True
'yes'	'xterm-256color'	-	'1'	'1'	True	True	True	False	256	True
'yes'	'xterm-256color'	-	'1'	'1'	False	False	True	False	256	True
'yes'	'xterm-256color'	-	'1'	'1'	False	True	True	False	256	True
'yes'	'xterm-256color'	''	-	-	True	False	False	False	None	False
'yes'	'xterm-256color'	''	-	-	True	True	True	False	256	False
'yes'	'xterm-256color'	''	-	-	False	False	False	False	None	False
'yes'	'xterm-256color'	''	-	-	False	True	True	False	256	False
'yes'	'xterm-256color'	''	-	''	True	False	False	False	None	False
'yes'	'xterm-256color'	''	-	''	True	True	True	False	256	False
'yes'	'xterm-256color'	''	-	''	False	False	False	False	None	False
'yes'	'xterm-256color'	''	-	''	False	True	True	False	256	False
'yes'	'xterm-256color'	''	-	'1'	True	False	False	False	None	True
'yes'	'xterm-256color'	''	-	'1'	True	True	True	False	256	True
'yes'	'xterm-256color'	''	-	'1'	False	False	False	False	None	True
'yes'	'xterm-256color'	''	-	'1'	False	True	True	False	256	True
'yes'	'xterm-256color'	''	''	-	True	False	False	False	None	False
'yes'	'xterm-256color'	''	''	-	True	True	True	False	256	False
'yes'	'xterm-256color'	''	''	-	False	False	False	False	None	False
'yes'	'xterm-256color'	''	''	-	False	True	True	False	256	False
'yes'	'xterm-256color'	''	''	''	True	False	False	False	None	False
'yes'	'xterm-256color'	''	''	''	True	True	True	False	256	False
'yes'	'xterm-256color'	''	''	''	False	False	False	False	None	False
'yes'	'xterm-256color'	''	''	''	False	True	True	False	256	False
'yes'	'xterm-256color'	''	''	'1'	True	False	False	False	None	True
'yes'	'xterm-256color'	''	''	'1'	True	True	True	False	256	True
'yes'	'xterm-256color'	''	''	'1'	False	False	False	False	None	True
'yes'	'xterm-256color'	''	''	'1'	False	True	True	False	256	True
'yes'	'xterm-256color'	''	'0'	-	True	False	False	False	None	False
'yes'	'xterm-256color'	''	'0'	-	True	True	True	False	256	False
'yes'	'xterm-256color'	''	'0'	-	False	False	False	False	None	False
'yes'	'xterm-256color'	''	'0'	-	False	True	True	False	256	False
'yes'	'xterm-256color'	''	'0'	''	True	False	False	False	None	False
'yes'	'xterm-256color'	''	'0'	''	True	True	True	False	256	False
'yes'	'xterm-256color'	''	'0'	''	False	False	False	False	None	False
'yes'	'xterm-256color'	''	'0'	''	False	True	True	False	256	False
'yes'	'xterm-256color'	''	'0'	'1'	True	False	False	False	None	True
'yes'	'xterm-256color'	''	'0'	'1'	True	True	True	False	256	True
'yes'	'xterm-256color'	''	'0'	'1'	False	False	False	False	None	True
'yes'	'xterm-256color'	''	'0'	'1'	False	True	True	False	256	True
'yes'	'xterm-256color'	''	'1'	-	True	False	True	False	256	False
'yes'	'xterm-256color'	''	'1'	-	True	True	True	False	256	False
'yes'	'xterm-256color'	''	'1'	-	False	False	True	False	256	False
'yes'	'xterm-256color'	''	'1'	-	False	True	True	False	256	False
'yes'	'xterm-256color'	''	'1'	''	True	False	True	False	256	False
'yes'	'xterm-256color'	''	'1'	''	True	True	True	False	256	False
'yes'	'xterm-256color'	''	'1'	''	False	False	True	False	256	False
'yes'	'xterm-256color'	''	'1'	''	False	True	True	False	256	False
'yes'	'xterm-256color'	''	'1'	'1'	True	False	True	False	256	True
'yes'	'xterm-256color'	''	'1'	'1'	True	True	True	False	256	True
'yes'	'xterm-256color'	''	'1'	'1'	False	False	True	False	256	True
'yes'	'xterm-256color'	''	'1'	'1'	False	True	True	False	256	True
'yes'	'xterm-256color'	'1'	-	-	True	False	True	False	256	False
'yes'	'xterm-256color'	'1'	-	-	True	True	True	False	256	False
'yes'	'xterm-256color'	'1'	-	-	False	False	True	False	256	False
'yes'	'xterm-256color'	'1'	-	-	False	True	True	False	256	False
'yes'	'xterm-256color'	'1'	-	''	True	False	True	False	256	False
'yes'	'xterm-256color'	'1'	-	''	True	True	True	False	256	False
'yes'	'xterm-256color'	'1'	-	''	False	False	True	False	256	False
'yes'	'xterm-256color'	'1'	-	''	False	True	True	False	256	False
'yes'	'xterm-256color'	'1'	-	'1'	True	False	True	False	256	True
'yes'	'xterm-256color'	'1'	-	'1'	True	True	True	False	256	True
'yes'	'xterm-256color'	'1'	-	'1'	False	False	True	False	256	True
'yes'	'xterm-256color'	'1'	-	'1'	False	True	True	False	256	True
'yes'	'xterm-256color'	'1'	''	-	True	False	True	False	256	False
'yes'	'xterm-256color'	'1'	''	-	True	True	True	False	256	False
'yes'	'xterm-256color'	'1'	''	-	False	False	True	False	256	False
'yes'	'xterm-256color'	'1'	''	-	False	True	True	False	256	False
'yes'	'xterm-256color'	'1'	''	''	True	False	True	False	256	False
'yes'	'xterm-256color'	'1'	''	''	True	True	True	False	256	False
'yes'	'xterm-256color'	'1'	''	''	False	False	True	False	256	False
'yes'	'xterm-256color'	'1'	''	''	False	True	True	False	256	False
'yes'	'xterm-256color'	'1'	''	'1'	True	False	True	False	256	True
'yes'	'xterm-256color'	'1'	''	'1'	True	True	True	False	256	True
'yes'	'xterm-256color'	'1'	''	'1'	False	False	True	False	256	True
'yes'	'xterm-256color'	'1'	''	'1'	False	True	True	False	256	True
'yes'	'xterm-256color'	'1'	'0'	-	True	False	False	False	None	False
'yes'	'xterm-256color'	'1'	'0'	-	True	True	True	False	256	False
'yes'	'xterm-256color'	'1'	'0'	-	False	False	False	False	None	False
'yes'	'xterm-256color'	'1'	'0'	-	False	True	True	False	256	False
'yes'	'xterm-256color'	'1'	'0'	''	True	False	False	False	None	False
'yes'	'xterm-256color'	'1'	'0'	''	True	True	True	False	256	False
'yes'	'xterm-256color'	'1'	'0'	''	False	False	False	False	None	False
'yes'	'xterm-256color'	'1'	'0'	''	False	True	True	False	256	False
'yes'	'xterm-256color'	'1'	'0'	'1'	True	False	False	False	None	True
'yes'	'xterm-256color'	'1'	'0'	'1'	True	True	True	False	256	True
'yes'	'xterm-256color'	'1'	'0'	'1'	False	False	False	False	None	True
'yes'	'xterm-256color'	'1'	'0'	'1'	False	True	True	False	256	True
'yes'	'xterm-256color'	'1'	'1'	-	True	False	True	False	256	False
'yes'	'xterm-256color'	'1'	'1'	-	True	True	True	False	256	False
'yes'	'xterm-256color'	'1'	'1'	-	False	False	True	False	256	False
'yes'	'xterm-256color'	'1'	'1'	-	False	True	True	False	256	False
'yes'	'xterm-256color'	'1'	'1'	''	True	False	True	False	256	False
'yes'	'xterm-256color'	'1'	'1'	''	True	True	True	False	256	False
'yes'	'xterm-256color'	'1'	'1'	''	False	False	True	False	256	False
'yes'	'xterm-256color'	'1'	'1'	''	False	True	True	False	256	False
'yes'	'xterm-256color'	'1'	'1'	'1'	True	False	True	False	256	True
'yes'	'xterm-256color'	'1'	'1'	'1'	True	True	True	False	256	True
'yes'	'xterm-256color'	'1'	'1'	'1'	False	False	True	False	256	True
'yes'	'xterm-256color'	'1'	'1'	'1'	False	True	True	False	256	True
'yes'	'xterm-256color'	'0'	-	-	True	False	True	False	256	False
'yes'	'xterm-256color'	'0'	-	-	True	True	True	False	256	False
'yes'	'xterm-256color'	'0'	-	-	False	False	True	False	256	False
'yes'	'xterm-256color'	'0'	-	-	False	True	True	False	256	False
'yes'	'xterm-256color'	'0'	-	''	True	False	True	False	256	False
'yes'	'xterm-256color'	'0'	-	''	True	True	True	False	256	False
'yes'	'xterm-256color'	'0'	-	''	False	False	True	False	256	False
'yes'	'xterm-256color'	'0'	-	''	False	True	True	False	256	False
'yes'	'xterm-256color'	'0'	-	'1'	True	False	True	False	256	True
'yes'	'xterm-256color'	'0'	-	'1'	True	True	True	False	256	True
'yes'	'xterm-256color'	'0'	-	'1'	False	False	True	False	256	True
'yes'	'xterm-256color'	'0'	-	'1'	False	True	True	False	256	True
'yes'	'xterm-256color'	'0'	''	-	True	False	True	False	256	False
'yes'	'xterm-256color'	'0'	''	-	True	True	True	False	256	False
'yes'	'xterm-256color'	'0'	''	-	False	False	True	False	256	False
'yes'	'xterm-256color'	'0'	''	-	False	True	True	False	256	False
'yes'	'xterm-256color'	'0'	''	''	True	False	True	False	256	False
'yes'	'xterm-256color'	'0'	''	''	True	True	True	False	256	False
'yes'	'xterm-256color'	'0'	''	''	False	False	True	False	256	False
'yes'	'xterm-256color'	'0'	''	''	False	True	True	False	256	False
'yes'	'xterm-256color'	'0'	''	'1'	True	False	True	False	256	True
'yes'	'xterm-256color'	'0'	''	'1'	True	True	True	False	256	True
'yes'	'xterm-256color'	'0'	''	'1'	False	False	True	False	256	True
'yes'	'xterm-256color'	'0'	''	'1'	False	True	True	False	256	True
'yes'	'xterm-256color'	'0'	'0'	-	True	False	False	False	None	False
'yes'	'xterm-256color'	'0'	'0'	-	True	True	True	False	256	False
'yes'	'xterm-256color'	'0'	'0'	-	False	False	False	False	None	False
'yes'	'xterm-256color'	'0'	'0'	-	False	True	True	False	256	False
'yes'	'xterm-256color'	'0'	'0'	''	True	False	False	False	None	False
'yes'	'xterm-256color'	'0'	'0'	''	True	True	True	False	256	False
'yes'	'xterm-256color'	'0'	'0'	''	False	False	False	False	None	False
'yes'	'xterm-256color'	'0'	'0'	''	False	True	True	False	256	False
'yes'	'xterm-256color'	'0'	'0'	'1'	True	False	False	False	None	True
'yes'	'xterm-256color'	'0'	'0'	'1'	True	True	True	False	256	True
'yes'	'xterm-256color'	'0'	'0'	'1'	False	False	False	False	None	True
'yes'	'xterm-256color'	'0'	'0'	'1'	False	True	True	False	256	True
'yes'	'xterm-256color'	'0'	'1'	-	True	False	True	False	256	False
'yes'	'xterm-256color'	'0'	'1'	-	True	True	True	False	256	False
'yes'	'xterm-256color'	'0'	'1'	-	False	False	True	False	256	False
'yes'	'xterm-256color'	'0'	'1'	-	False	True	True	False	256	False
'yes'	'xterm-256color'	'0'	'1'	''	True	False	True	False	256	False
'yes'	'xterm-256color'	'0'	'1'	''	True	True	True	False	256	False
'yes'	'xterm-256color'	'0'	'1'	''	False	False	True	False	256	False
'yes'	'xterm-256color'	'0'	'1'	''	False	True	True	False	256	False
'yes'	'xterm-256color'	'0'	'1'	'1'	True	False	True	False	256	True
'yes'	'xterm-256color'	'0'	'1'	'1'	True	True	True	False	256	True
'yes'	'xterm-256color'	'0'	'1'	'1'	False	False	True	False	256	True
'yes'	'xterm-256color'	'0'	'1'	'1'	False	True	True	False	256	True
'yes'	'xterm-16color'	-	-	-	True	False	True	False	standard	False
'yes'	'xterm-16color'	-	-	-	True	True	True	False	standard	False
'yes'	'xterm-16color'	-	-	-	False	False	False	False	None	False
'yes'	'xterm-16color'	-	-	-	False	True	True	False	standard	False
'yes'	'xterm-16color'	-	-	''	True	False	True	False	standard	False
'yes'	'xterm-16color'	-	-	''	True	True	True	False	standard	False
'yes'	'xterm-16color'	-	-	''	False	False	False	False	None	False
'yes'	'xterm-16color'	-	-	''	False	True	True	False	standard	False
'yes'	'xterm-16color'	-	-	'1'	True	False	True	False	standard	True
'yes'	'xterm-16color'	-	-	'1'	True	True	True	False	standard	True
'yes'	'xterm-16color'	-	-	'1'	False	False	False	False	None	True
'yes'	'xterm-16color'	-	-	'1'	False	True	True	False	standard	True
'yes'	'xterm-16color'	-	''	-	True	False	True	False	standard	False
'yes'	'xterm-16color'	-	''	-	True	True	True	False	standard	False
'yes'	'xterm-16color'	-	''	-	False	False	False	False	None	False
'yes'	'xterm-16color'	-	''	-	False	True	True	False	standard	False
'yes'	'xterm-16color'	-	''	''	True	False	True	False	standard	False
'yes'	'xterm-16color'	-	''	''	True	True	True	False	standard	False
'yes'	'xterm-16color'	-	''	''	False	False	False	False	None	False
'yes'	'xterm-16color'	-	''	''	False	True	True	False	standard	False
'yes'	'xterm-16color'	-	''	'1'	True	False	True	False	standard	True
'yes'	'xterm-16color'	-	''	'1'	True	True	True	False	standard	True
'yes'	'xterm-16color'	-	''	'1'	False	False	False	False	None	True
'yes'	'xterm-16color'	-	''	'1'	False	True	True	False	standard	True
'yes'	'xterm-16color'	-	'0'	-	True	False	False	False	None	False
'yes'	'xterm-16color'	-	'0'	-	True	True	True	False	standard	False
'yes'	'xterm-16color'	-	'0'	-	False	False	False	False	None	False
'yes'	'xterm-16color'	-	'0'	-	False	True	True	False	standard	False
'yes'	'xterm-16color'	-	'0'	''	True	False	False	False	None	False
'yes'	'xterm-16color'	-	'0'	''	True	True	True	False	standard	False
'yes'	'xterm-16color'	-	'0'	''	False	False	False	False	None	False
'yes'	'xterm-16color'	-	'0'	''	False	True	True	False	standard	False
'yes'	'xterm-16color'	-	'0'	'1'	True	False	False	False	None	True
'yes'	'xterm-16color'	-	'0'	'1'	True	True	True	False	standard	True
'yes'	'xterm-16color'	-	'0'	'1'	False	False	False	False	None	True
'yes'	'xterm-16color'	-	'0'	'1'	False	True	True	False	standard	True
'yes'	'xterm-16color'	-	'1'	-	True	False	True	False	standard	False
'yes'	'xterm-16color'	-	'1'	-	True	True	True	False	standard	False
'yes'	'xterm-16color'	-	'1'	-	False	False	True	False	standard	False
'yes'	'xterm-16color'	-	'1'	-	False	True	True	False	standard	False
'yes'	'xterm-16color'	-	'1'	''	True	False	True	False	standard	False
'yes'	'xterm-16color'	-	'1'	''	True	True	True	False	standard	False
'yes'	'xterm-16color'	-	'1'	''	False	False	True	False	standard	False
'yes'	'xterm-16color'	-	'1'	''	False	True	True	False	standard	False
'yes'	'xterm-16color'	-	'1'	'1'	True	False	True	False	standard	True
'yes'	'xterm-16color'	-	'1'	'1'	True	True	True	False	standard	True
'yes'	'xterm-16color'	-	'1'	'1'	False	False	True	False	standard	True
'yes'	'xterm-16color'	-	'1'	'1'	False	True	True	False	standard	True
'yes'	'xterm-16color'	''	-	-	True	False	False	False	None	False
'yes'	'xterm-16color'	''	-	-	True	True	True	False	standard	False
'yes'	'xterm-16color'	''	-	-	False	False	False	False	None	False
'yes'	'xterm-16color'	''	-	-	False	True	True	False	standard	False
'yes'	'xterm-16color'	''	-	''	True	False	False	False	None	False
'yes'	'xterm-16color'	''	-	''	True	True	True	False	standard	False
'yes'	'xterm-16color'	''	-	''	False	False	False	False	None	False
'yes'	'xterm-16color'	''	-	''	False	True	True	False	standard	False
'yes'	'xterm-16color'	''	-	'1'	True	False	False	False	None	True
'yes'	'xterm-16color'	''	-	'1'	True	True	True	False	standard	True
'yes'	'xterm-16color'	''	-	'1'	False	False	False	False	None	True
'yes'	'xterm-16color'	''	-	'1'	False	True	True	False	standard	True
'yes'	'xterm-16color'	''	''	-	True	False	False	False	None	False
'yes'	'xterm-16color'	''	''	-	True	True	True	False	standard	False
'yes'	'xterm-16color'	''	''	-	False	False	False	False	None	False
'yes'	'xterm-16color'	''	''	-	False	True	True	False	standard	False
'yes'	'xterm-16color'	''	''	''	True	False	False	False	None	False
'yes'	'xterm-16color'	''	''	''	True	True	True	False	standard	False
'yes'	'xterm-16color'	''	''	''	False	False	False	False	None	False
'yes'	'xterm-16color'	''	''	''	False	True	True	False	standard	False
'yes'	'xterm-16color'	''	''	'1'	True	False	False	False	None	True
'yes'	'xterm-16color'	''	''	'1'	True	True	True	False	standard	True
'yes'	'xterm-16color'	''	''	'1'	False	False	False	False	None	True
'yes'	'xterm-16color'	''	''	'1'	False	True	True	False	standard	True
'yes'	'xterm-16color'	''	'0'	-	True	False	False	False	None	False
'yes'	'xterm-16color'	''	'0'	-	True	True	True	False	standard	False
'yes'	'xterm-16color'	''	'0'	-	False	False	False	False	None	False
'yes'	'xterm-16color'	''	'0'	-	False	True	True	False	standard	False
'yes'	'xterm-16color'	''	'0'	''	True	False	False	False	None	False
'yes'	'xterm-16color'	''	'0'	''	True	True	True	False	standard	False
'yes'	'xterm-16color'	''	'0'	''	False	False	False	False	None	False
'yes'	'xterm-16color'	''	'0'	''	False	True	True	False	standard	False
'yes'	'xterm-16color'	''	'0'	'1'	True	False	False	False	None	True
'yes'	'xterm-16color'	''	'0'	'1'	True	True	True	False	standard	True
'yes'	'xterm-16color'	''	'0'	'1'	False	False	False	False	None	True
'yes'	'xterm-16color'	''	'0'	'1'	False	True	True	False	standard	True
'yes'	'xterm-16color'	''	'1'	-	True	False	True	False	standard	False
'yes'	'xterm-16color'	''	'1'	-	True	True	True	False	standard	False
'yes'	'xterm-16color'	''	'1'	-	False	False	True	False	standard	False
'yes'	'xterm-16color'	''	'1'	-	False	True	True	False	standard	False
'yes'	'xterm-16color'	''	'1'	''	True	False	True	False	standard	False
'yes'	'xterm-16color'	''	'1'	''	True	True	True	False	standard	False
'yes'	'xterm-16color'	''	'1'	''	False	False	True	False	standard	False
'yes'	'xterm-16color'	''	'1'	''	False	True	True	False	standard	False
'yes'	'xterm-16color'	''	'1'	'1'	True	False	True	False	standard	True
'yes'	'xterm-16color'	''	'1'	'1'	True	True	True	False	standard	True
'yes'	'xterm-16color'	''	'1'	'1'	False	False	True	False	standard	True
'yes'	'xterm-16color'	''	'1'	'1'	False	True	True	False	standard	True
'yes'	'xterm-16color'	'1'	-	-	True	False	True	False	standard	False
'yes'	'xterm-16color'	'1'	-	-	True	True	True	False	standard	False
'yes'	'xterm-16color'	'1'	-	-	False	False	True	False	standard	False
'yes'	'xterm-16color'	'1'	-	-	False	True	True	False	standard	False
'yes'	'xterm-16color'	'1'	-	''	True	False	True	False	standard	False
'yes'	'xterm-16color'	'1'	-	''	True	True	True	False	standard	False
'yes'	'xterm-16color'	'1'	-	''	False	False	True	False	standard	False
'yes'	'xterm-16color'	'1'	-	''	False	True	True	False	standard	False
'yes'	'xterm-16color'	'1'	-	'1'	True	False	True	False	standard	True
'yes'	'xterm-16color'	'1'	-	'1'	True	True	True	False	standard	True
'yes'	'xterm-16color'	'1'	-	'1'	False	False	True	False	standard	True
'yes'	'xterm-16color'	'1'	-	'1'	False	True	True	False	standard	True
'yes'	'xterm-16color'	'1'	''	-	True	False	True	False	standard	False
'yes'	'xterm-16color'	'1'	''	-	True	True	True	False	standard	False
'yes'	'xterm-16color'	'1'	''	-	False	False	True	False	standard	False
'yes'	'xterm-16color'	'1'	''	-	False	True	True	False	standard	False
'yes'	'xterm-16color'	'1'	''	''	True	False	True	False	standard	False
'yes'	'xterm-16color'	'1'	''	''	True	True	True	False	standard	False
'yes'	'xterm-16color'	'1'	''	''	False	False	True	False	standard	False
'yes'	'xterm-16color'	'1'	''	''	False	True	True	False	standard	False
'yes'	'xterm-16color'	'1'	''	'1'	True	False	True	False	standard	True
'yes'	'xterm-16color'	'1'	''	'1'	True	True	True	False	standard	True
'yes'	'xterm-16color'	'1'	''	'1'	False	False	True	False	standard	True
'yes'	'xterm-16color'	'1'	''	'1'	False	True	True	False	standard	True
'yes'	'xterm-16color'	'1'	'0'	-	True	False	False	False	None	False
'yes'	'xterm-16color'	'1'	'0'	-	True	True	True	False	standard	False
'yes'	'xterm-16color'	'1'	'0'	-	False	False	False	False	None	False
'yes'	'xterm-16color'	'1'	'0'	-	False	True	True	False	standard	False
'yes'	'xterm-16color'	'1'	'0'	''	True	False	False	False	None	False
'yes'	'xterm-16color'	'1'	'0'	''	True	True	True	False	standard	False
'yes'	'xterm-16color'	'1'	'0'	''	False	False	False	False	None	False
'yes'	'xterm-16color'	'1'	'0'	''	False	True	True	False	standard	False
'yes'	'xterm-16color'	'1'	'0'	'1'	True	False	False	False	None	True
'yes'	'xterm-16color'	'1'	'0'	'1'	True	True	True	False	standard	True
'yes'	'xterm-16color'	'1'	'0'	'1'	False	False	False	False	None	True
'yes'	'xterm-16color'	'1'	'0'	'1'	False	True	True	False	standard	True
'yes'	'xterm-16color'	'1'	'1'	-	True	False	True	False	standard	False
'yes'	'xterm-16color'	'1'	'1'	-	True	True	True	False	standard	False
'yes'	'xterm-16color'	'1'	'1'	-	False	False	True	False	standard	False
'yes'	'xterm-16color'	'1'	'1'	-	False	True	True	False	standard	False
'yes'	'xterm-16color'	'1'	'1'	''	True	False	True	False	standard	False
'yes'	'xterm-16color'	'1'	'1'	''	True	True	True	False	standard	False
'yes'	'xterm-16color'	'1'	'1'	''	False	False	True	False	standard	False
'yes'	'xterm-16color'	'1'	'1'	''	False	True	True	False	standard	False
'yes'	'xterm-16color'	'1'	'1'	'1'	True	False	True	False	standard	True
'yes'	'xterm-16color'	'1'	'1'	'1'	True	True	True	False	standard	True
'yes'	'xterm-16color'	'1'	'1'	'1'	False	False	True	False	standard	True
'yes'	'xterm-16color'	'1'	'1'	'1'	False	True	True	False	standard	True
'yes'	'xterm-16color'	'0'	-	-	True	False	True	False	standard	False
'yes'	'xterm-16color'	'0'	-	-	True	True	True	False	standard	False
'yes'	'xterm-16color'	'0'	-	-	False	False	True	False	standard	False
'yes'	'xterm-16color'	'0'	-	-	False	True	True	False	standard	False
'yes'	'xterm-16color'	'0'	-	''	True	False	True	False	standard	False
'yes'	'xterm-16color'	'0'	-	''	True	True	True	False	standard	False
'yes'	'xterm-16color'	'0'	-	''	False	False	True	False	standard	False
'yes'	'xterm-16color'	'0'	-	''	False	True	True	False	standard	False
'yes'	'xterm-16color'	'0'	-	'1'	True	False	True	False	standard	True
'yes'	'xterm-16color'	'0'	-	'1'	True	True	True	False	standard	True
'yes'	'xterm-16color'	'0'	-	'1'	False	False	True	False	standard	True
'yes'	'xterm-16color'	'0'	-	'1'	False	True	True	False	standard	True
'yes'	'xterm-16color'	'0'	''	-	True	False	True	False	standard	False
'yes'	'xterm-16color'	'0'	''	-	True	True	True	False	standard	False
'yes'	'xterm-16color'	'0'	''	-	False	False	True	False	standard	False
'yes'	'xterm-16color'	'0'	''	-	False	True	True	False	standard	False
'yes'	'xterm-16color'	'0'	''	''	True	False	True	False	standard	False
'yes'	'xterm-16color'	'0'	''	''	True	True	True	False	standard	False
'yes'	'xterm-16color'	'0'	''	''	False	False	True	False	standard	False
'yes'	'xterm-16color'	'0'	''	''	False	True	True	False	standard	False
'yes'	'xterm-16color'	'0'	''	'1'	True	False	True	False	standard	True
'yes'	'xterm-16color'	'0'	''	'1'	True	True	True	False	standard	True
'yes'	'xterm-16color'	'0'	''	'1'	False	False	True	False	standard	True
'yes'	'xterm-16color'	'0'	''	'1'	False	True	True	False	standard	True
'yes'	'xterm-16color'	'0'	'0'	-	True	False	False	False	None	False
'yes'	'xterm-16color'	'0'	'0'	-	True	True	True	False	standard	False
'yes'	'xterm-16color'	'0'	'0'	-	False	False	False	False	None	False
'yes'	'xterm-16color'	'0'	'0'	-	False	True	True	False	standard	False
'yes'	'xterm-16color'	'0'	'0'	''	True	False	False	False	None	False
'yes'	'xterm-16color'	'0'	'0'	''	True	True	True	False	standard	False
'yes'	'xterm-16color'	'0'	'0'	''	False	False	False	False	None	False
'yes'	'xterm-16color'	'0'	'0'	''	False	True	True	False	standard	False
'yes'	'xterm-16color'	'0'	'0'	'1'	True	False	False	False	None	True
'yes'	'xterm-16color'	'0'	'0'	'1'	True	True	True	False	standard	True
'yes'	'xterm-16color'	'0'	'0'	'1'	False	False	False	False	None	True
'yes'	'xterm-16color'	'0'	'0'	'1'	False	True	True	False	standard	True
'yes'	'xterm-16color'	'0'	'1'	-	True	False	True	False	standard	False
'yes'	'xterm-16color'	'0'	'1'	-	True	True	True	False	standard	False
'yes'	'xterm-16color'	'0'	'1'	-	False	False	True	False	standard	False
'yes'	'xterm-16color'	'0'	'1'	-	False	True	True	False	standard	False
'yes'	'xterm-16color'	'0'	'1'	''	True	False	True	False	standard	False
'yes'	'xterm-16color'	'0'	'1'	''	True	True	True	False	standard	False
'yes'	'xterm-16color'	'0'	'1'	''	False	False	True	False	standard	False
'yes'	'xterm-16color'	'0'	'1'	''	False	True	True	False	standard	False
'yes'	'xterm-16color'	'0'	'1'	'1'	True	False	True	False	standard	True
'yes'	'xterm-16color'	'0'	'1'	'1'	True	True	True	False	standard	True
'yes'	'xterm-16color'	'0'	'1'	'1'	False	False	True	False	standard	True
'yes'	'xterm-16color'	'0'	'1'	'1'	False	True	True	False	standard	True
'yes'	'kitty'	-	-	-	True	False	True	False	256	False
'yes'	'kitty'	-	-	-	True	True	True	False	256	False
'yes'	'kitty'	-	-	-	False	False	False	False	None	False
'yes'	'kitty'	-	-	-	False	True	True	False	256	False
'yes'	'kitty'	-	-	''	True	False	True	False	256	False
'yes'	'kitty'	-	-	''	True	True	True	False	256	False
'yes'	'kitty'	-	-	''	False	False	False	False	None	False
'yes'	'kitty'	-	-	''	False	True	True	False	256	False
'yes'	'kitty'	-	-	'1'	True	False	True	False	256	True
'yes'	'kitty'	-	-	'1'	True	True	True	False	256	True
'yes'	'kitty'	-	-	'1'	False	False	False	False	None	True
'yes'	'kitty'	-	-	'1'	False	True	True	False	256	True
'yes'	'kitty'	-	''	-	True	False	True	False	256	False
'yes'	'kitty'	-	''	-	True	True	True	False	256	False
'yes'	'kitty'	-	''	-	False	False	False	False	None	False
'yes'	'kitty'	-	''	-	False	True	True	False	256	False
'yes'	'kitty'	-	''	''	True	False	True	False	256	False
'yes'	'kitty'	-	''	''	True	True	True	False	256	False
'yes'	'kitty'	-	''	''	False	False	False	False	None	False
'yes'	'kitty'	-	''	''	False	True	True	False	256	False
'yes'	'kitty'	-	''	'1'	True	False	True	False	256	True
'yes'	'kitty'	-	''	'1'	True	True	True	False	256	True
'yes'	'kitty'	-	''	'1'	False	False	False	False	None	True
'yes'	'kitty'	-	''	'1'	False	True	True	False	256	True
'yes'	'kitty'	-	'0'	-	True	False	False	False	None	False
'yes'	'kitty'	-	'0'	-	True	True	True	False	256	False
'yes'	'kitty'	-	'0'	-	False	False	False	False	None	False
'yes'	'kitty'	-	'0'	-	False	True	True	False	256	False
'yes'	'kitty'	-	'0'	''	True	False	False	False	None	False
'yes'	'kitty'	-	'0'	''	True	True	True	False	256	False
'yes'	'kitty'	-	'0'	''	False	False	False	False	None	False
'yes'	'kitty'	-	'0'	''	False	True	True	False	256	False
'yes'	'kitty'	-	'0'	'1'	True	False	False	False	None	True
'yes'	'kitty'	-	'0'	'1'	True	True	True	False	256	True
'yes'	'kitty'	-	'0'	'1'	False	False	False	False	None	True
'yes'	'kitty'	-	'0'	'1'	False	True	True	False	256	True
'yes'	'kitty'	-	'1'	-	True	False	True	False	256	False
'yes'	'kitty'	-	'1'	-	True	True	True	False	256	False
'yes'	'kitty'	-	'1'	-	False	False	True	False	256	False
'yes'	'kitty'	-	'1'	-	False	True	True	False	256	False
'yes'	'kitty'	-	'1'	''	True	False	True	False	256	False
'yes'	'kitty'	-	'1'	''	True	True	True	False	256	False
'yes'	'kitty'	-	'1'	''	False	False	True	False	256	False
'yes'	'kitty'	-	'1'	''	False	True	True	False	256	False
'yes'	'kitty'	-	'1'	'1'	True	False	True	False	256	True
'yes'	'kitty'	-	'1'	'1'	True	True	True	False	256	True
'yes'	'kitty'	-	'1'	'1'	False	False	True	False	256	True
'yes'	'kitty'	-	'1'	'1'	False	True	True	False	256	True
'yes'	'kitty'	''	-	-	True	False	False	False	None	False
'yes'	'kitty'	''	-	-	True	True	True	False	256	False
'yes'	'kitty'	''	-	-	False	False	False	False	None	False
'yes'	'kitty'	''	-	-	False	True	True	False	256	False
'yes'	'kitty'	''	-	''	True	False	False	False	None	False
'yes'	'kitty'	''	-	''	True	True	True	False	256	False
'yes'	'kitty'	''	-	''	False	False	False	False	None	False
'yes'	'kitty'	''	-	''	False	True	True	False	256	False
'yes'	'kitty'	''	-	'1'	True	False	False	False	None	True
'yes'	'kitty'	''	-	'1'	True	True	True	False	256	True
'yes'	'kitty'	''	-	'1'	False	False	False	False	None	True
'yes'	'kitty'	''	-	'1'	False	True	True	False	256	True
'yes'	'kitty'	''	''	-	True	False	False	False	None	False
'yes'	'kitty'	''	''	-	True	True	True	False	256	False
'yes'	'kitty'	''	''	-	False	False	False	False	None	False
'yes'	'kitty'	''	''	-	False	True	True	False	256	False
'yes'	'kitty'	''	''	''	True	False	False	False	None	False
'yes'	'kitty'	''	''	''	True	True	True	False	256	False
'yes'	'kitty'	''	''	''	False	False	False	False	None	False
'yes'	'kitty'	''	''	''	False	True	True	False	256	False
'yes'	'kitty'	''	''	'1'	True	False	False	False	None	True
'yes'	'kitty'	''	''	'1'	True	True	True	False	256	True
'yes'	'kitty'	''	''	'1'	False	False	False	False	None	True
'yes'	'kitty'	''	''	'1'	False	True	True	False	256	True
'yes'	'kitty'	''	'0'	-	True	False	False	False	None	False
'yes'	'kitty'	''	'0'	-	True	True	True	False	256	False
'yes'	'kitty'	''	'0'	-	False	False	False	False	None	False
'yes'	'kitty'	''	'0'	-	False	True	True	False	256	False
'yes'	'kitty'	''	'0'	''	True	False	False	False	None	False
'yes'	'kitty'	''	'0'	''	True	True	True	False	256	False
'yes'	'kitty'	''	'0'	''	False	False	False	False	None	False
'yes'	'kitty'	''	'0'	''	False	True	True	False	256	False
'yes'	'kitty'	''	'0'	'1'	True	False	False	False	None	True
'yes'	'kitty'	''	'0'	'1'	True	True	True	False	256	True
'yes'	'kitty'	''	'0'	'1'	False	False	False	False	None	True
'yes'	'kitty'	''	'0'	'1'	False	True	True	False	256	True
'yes'	'kitty'	''	'1'	-	True	False	True	False	256	False
'yes'	'kitty'	''	'1'	-	True	True	True	False	256	False
'yes'	'kitty'	''	'1'	-	False	False	True	False	256	False
'yes'	'kitty'	''	'1'	-	False	True	True	False	256	False
'yes'	'kitty'	''	'1'	''	True	False	True	False	256	False
'yes'	'kitty'	''	'1'	''	True	True	True	False	256	False
'yes'	'kitty'	''	'1'	''	False	False	True	False	256	False
'yes'	'kitty'	''	'1'	''	False	True	True	False	256	False
'yes'	'kitty'	''	'1'	'1'	True	False	True	False	256	True
'yes'	'kitty'	''	'1'	'1'	True	True	True	False	256	True
'yes'	'kitty'	''	'1'	'1'	False	False	True	False	256	True
'yes'	'kitty'	''	'1'	'1'	False	True	True	False	256	True
'yes'	'kitty'	'1'	-	-	True	False	True	False	256	False
'yes'	'kitty'	'1'	-	-	True	True	True	False	256	False
'yes'	'kitty'	'1'	-	-	False	False	True	False	256	False
'yes'	'kitty'	'1'	-	-	False	True	True	False	256	False
'yes'	'kitty'	'1'	-	''	True	False	True	False	256	False
'yes'	'kitty'	'1'	-	''	True	True	True	False	256	False
'yes'	'kitty'	'1'	-	''	False	False	True	False	256	False
'yes'	'kitty'	'1'	-	''	False	True	True	False	256	False
'yes'	'kitty'	'1'	-	'1'	True	False	True	False	256	True
'yes'	'kitty'	'1'	-	'1'	True	True	True	False	256	True
'yes'	'kitty'	'1'	-	'1'	False	False	True	False	256	True
'yes'	'kitty'	'1'	-	'1'	False	True	True	False	256	True
'yes'	'kitty'	'1'	''	-	True	False	True	False	256	False
'yes'	'kitty'	'1'	''	-	True	True	True	False	256	False
'yes'	'kitty'	'1'	''	-	False	False	True	False	256	False
'yes'	'kitty'	'1'	''	-	False	True	True	False	256	False
'yes'	'kitty'	'1'	''	''	True	False	True	False	256	False
'yes'	'kitty'	'1'	''	''	True	True	True	False	256	False
'yes'	'kitty'	'1'	''	''	False	False	True	False	256	False
'yes'	'kitty'	'1'	''	''	False	True	True	False	256	False
'yes'	'kitty'	'1'	''	'1'	True	False	True	False	256	True
'yes'	'kitty'	'1'	''	'1'	True	True	True	False	256	True
'yes'	'kitty'	'1'	''	'1'	False	False	True	False	256	True
'yes'	'kitty'	'1'	''	'1'	False	True	True	False	256	True
'yes'	'kitty'	'1'	'0'	-	True	False	False	False	None	False
'yes'	'kitty'	'1'	'0'	-	True	True	True	False	256	False
'yes'	'kitty'	'1'	'0'	-	False	False	False	False	None	False
'yes'	'kitty'	'1'	'0'	-	False	True	True	False	256	False
'yes'	'kitty'	'1'	'0'	''	True	False	False	False	None	False
'yes'	'kitty'	'1'	'0'	''	True	True	True	False	256	False
'yes'	'kitty'	'1'	'0'	''	False	False	False	False	None	False
'yes'	'kitty'	'1'	'0'	''	False	True	True	False	256	False
'yes'	'kitty'	'1'	'0'	'1'	True	False	False	False	None	True
'yes'	'kitty'	'1'	'0'	'1'	True	True	True	False	256	True
'yes'	'kitty'	'1'	'0'	'1'	False	False	False	False	None	True
'yes'	'kitty'	'1'	'0'	'1'	False	True	True	False	256	True
'yes'	'kitty'	'1'	'1'	-	True	False	True	False	256	False
'yes'	'kitty'	'1'	'1'	-	True	True	True	False	256	False
'yes'	'kitty'	'1'	'1'	-	False	False	True	False	256	False
'yes'	'kitty'	'1'	'1'	-	False	True	True	False	256	False
'yes'	'kitty'	'1'	'1'	''	True	False	True	False	256	False
'yes'	'kitty'	'1'	'1'	''	True	True	True	False	256	False
'yes'	'kitty'	'1'	'1'	''	False	False	True	False	256	False
'yes'	'kitty'	'1'	'1'	''	False	True	True	False	256	False
'yes'	'kitty'	'1'	'1'	'1'	True	False	True	False	256	True
'yes'	'kitty'	'1'	'1'	'1'	True	True	True	False	256	True
'yes'	'kitty'	'1'	'1'	'1'	False	False	True	False	256	True
'yes'	'kitty'	'1'	'1'	'1'	False	True	True	False	256	True
'yes'	'kitty'	'0'	-	-	True	False	True	False	256	False
'yes'	'kitty'	'0'	-	-	True	True	True	False	256	False
'yes'	'kitty'	'0'	-	-	False	False	True	False	256	False
'yes'	'kitty'	'0'	-	-	False	True	True	False	256	False
'yes'	'kitty'	'0'	-	''	True	False	True	False	256	False
'yes'	'kitty'	'0'	-	''	True	True	True	False	256	False
'yes'	'kitty'	'0'	-	''	False	False	True	False	256	False
'yes'	'kitty'	'0'	-	''	False	True	True	False	256	False
'yes'	'kitty'	'0'	-	'1'	True	False	True	False	256	True
'yes'	'kitty'	'0'	-	'1'	True	True	True	False	256	True
'yes'	'kitty'	'0'	-	'1'	False	False	True	False	256	True
'yes'	'kitty'	'0'	-	'1'	False	True	True	False	256	True
'yes'	'kitty'	'0'	''	-	True	False	True	False	256	False
'yes'	'kitty'	'0'	''	-	True	True	True	False	256	False
'yes'	'kitty'	'0'	''	-	False	False	True	False	256	False
'yes'	'kitty'	'0'	''	-	False	True	True	False	256	False
'yes'	'kitty'	'0'	''	''	True	False	True	False	256	False
'yes'	'kitty'	'0'	''	''	True	True	True	False	256	False
'yes'	'kitty'	'0'	''	''	False	False	True	False	256	False
'yes'	'kitty'	'0'	''	''	False	True	True	False	256	False
'yes'	'kitty'	'0'	''	'1'	True	False	True	False	256	True
'yes'	'kitty'	'0'	''	'1'	True	True	True	False	256	True
'yes'	'kitty'	'0'	''	'1'	False	False	True	False	256	True
'yes'	'kitty'	'0'	''	'1'	False	True	True	False	256	True
'yes'	'kitty'	'0'	'0'	-	True	False	False	False	None	False
'yes'	'kitty'	'0'	'0'	-	True	True	True	False	256	False
'yes'	'kitty'	'0'	'0'	-	False	False	False	False	None	False
'yes'	'kitty'	'0'	'0'	-	False	True	True	False	256	False
'yes'	'kitty'	'0'	'0'	''	True	False	False	False	None	False
'yes'	'kitty'	'0'	'0'	''	True	True	True	False	256	False
'yes'	'kitty'	'0'	'0'	''	False	False	False	False	None	False
'yes'	'kitty'	'0'	'0'	''	False	True	True	False	256	False
'yes'	'kitty'	'0'	'0'	'1'	True	False	False	False	None	True
'yes'	'kitty'	'0'	'0'	'1'	True	True	True	False	256	True
'yes'	'kitty'	'0'	'0'	'1'	False	False	False	False	None	True
'yes'	'kitty'	'0'	'0'	'1'	False	True	True	False	256	True
'yes'	'kitty'	'0'	'1'	-	True	False	True	False	256	False
'yes'	'kitty'	'0'	'1'	-	True	True	True	False	256	False
'yes'	'kitty'	'0'	'1'	-	False	False	True	False	256	False
'yes'	'kitty'	'0'	'1'	-	False	True	True	False	256	False
'yes'	'kitty'	'0'	'1'	''	True	False	True	False	256	False
'yes'	'kitty'	'0'	'1'	''	True	True	True	False	256	False
'yes'	'kitty'	'0'	'1'	''	False	False	True	False	256	False
'yes'	'kitty'	'0'	'1'	''	False	True	True	False	256	False
'yes'	'kitty'	'0'	'1'	'1'	True	False	True	False	256	True
'yes'	'kitty'	'0'	'1'	'1'	True	True	True	False	256	True
'yes'	'kitty'	'0'	'1'	'1'	False	False	True	False	256	True
'yes'	'kitty'	'0'	'1'	'1'	False	True	True	False	256	True
'yes'	'screen-256color'	-	-	-	True	False	True	False	256	False
'yes'	'screen-256color'	-	-	-	True	True	True	False	256	False
'yes'	'screen-256color'	-	-	-	False	False	False	False	None	False
'yes'	'screen-256color'	-	-	-	False	True	True	False	256	False
'yes'	'screen-256color'	-	-	''	True	False	True	False	256	False
'yes'	'screen-256color'	-	-	''	True	True	True	False	256	False
'yes'	'screen-256color'	-	-	''	False	False	False	False	None	False
'yes'	'screen-256color'	-	-	''	False	True	True	False	256	False
'yes'	'screen-256color'	-	-	'1'	True	False	True	False	256	True
'yes'	'screen-256color'	-	-	'1'	True	True	True	False	256	True
'yes'	'screen-256color'	-	-	'1'	False	False	False	False	None	True
'yes'	'screen-256color'	-	-	'1'	False	True	True	False	256	True
'yes'	'screen-256color'	-	''	-	True	False	True	False	256	False
'yes'	'screen-256color'	-	''	-	True	True	True	False	256	False
'yes'	'screen-256color'	-	''	-	False	False	False	False	None	False
'yes'	'screen-256color'	-	''	-	False	True	True	False	256	False
'yes'	'screen-256color'	-	''	''	True	False	True	False	256	False
'yes'	'screen-256color'	-	''	''	True	True	True	False	256	False
'yes'	'screen-256color'	-	''	''	False	False	False	False	None	False
'yes'	'screen-256color'	-	''	''	False	True	True	False	256	False
'yes'	'screen-256color'	-	''	'1'	True	False	True	False	256	True
'yes'	'screen-256color'	-	''	'1'	True	True	True	False	256	True
'yes'	'screen-256color'	-	''	'1'	False	False	False	False	None	True
'yes'	'screen-256color'	-	''	'1'	False	True	True	False	256	True
'yes'	'screen-256color'	-	'0'	-	True	False	False	False	None	False
'yes'	'screen-256color'	-	'0'	-	True	True	True	False	256	False
'yes'	'screen-256color'	-	'0'	-	False	False	False	False	None	False
'yes'	'screen-256color'	-	'0'	-	False	True	True	False	256	False
'yes'	'screen-256color'	-	'0'	''	True	False	False	False	None	False
'yes'	'screen-256color'	-	'0'	''	True	True	True	False	256	False
'yes'	'screen-256color'	-	'0'	''	False	False	False	False	None	False
'yes'	'screen-256color'	-	'0'	''	False	True	True	False	256	False
'yes'	'screen-256color'	-	'0'	'1'	True	False	False	False	None	True
'yes'	'screen-256color'	-	'0'	'1'	True	True	True	False	256	True
'yes'	'screen-256color'	-	'0'	'1'	False	False	False	False	None	True
'yes'	'screen-256color'	-	'0'	'1'	False	True	True	False	256	True
'yes'	'screen-256color'	-	'1'	-	True	False	True	False	256	False
'yes'	'screen-256color'	-	'1'	-	True	True	True	False	256	False
'yes'	'screen-256color'	-	'1'	-	False	False	True	False	256	False
'yes'	'screen-256color'	-	'1'	-	False	True	True	False	256	False
'yes'	'screen-256color'	-	'1'	''	True	False	True	False	256	False
'yes'	'screen-256color'	-	'1'	''	True	True	True	False	256	False
'yes'	'screen-256color'	-	'1'	''	False	False	True	False	256	False
'yes'	'screen-256color'	-	'1'	''	False	True	True	False	256	False
'yes'	'screen-256color'	-	'1'	'1'	True	False	True	False	256	True
'yes'	'screen-256color'	-	'1'	'1'	True	True	True	False	256	True
'yes'	'screen-256color'	-	'1'	'1'	False	False	True	False	256	True
'yes'	'screen-256color'	-	'1'	'1'	False	True	True	False	256	True
'yes'	'screen-256color'	''	-	-	True	False	False	False	None	False
'yes'	'screen-256color'	''	-	-	True	True	True	False	256	False
'yes'	'screen-256color'	''	-	-	False	False	False	False	None	False
'yes'	'screen-256color'	''	-	-	False	True	True	False	256	False
'yes'	'screen-256color'	''	-	''	True	False	False	False	None	False
'yes'	'screen-256color'	''	-	''	True	True	True	False	256	False
'yes'	'screen-256color'	''	-	''	False	False	False	False	None	False
'yes'	'screen-256color'	''	-	''	False	True	True	False	256	False
'yes'	'screen-256color'	''	-	'1'	True	False	False	False	None	True
'yes'	'screen-256color'	''	-	'1'	True	True	True	False	256	True
'yes'	'screen-256color'	''	-	'1'	False	False	False	False	None	True
'yes'	'screen-256color'	''	-	'1'	False	True	True	False	256	True
'yes'	'screen-256color'	''	''	-	True	False	False	False	None	False
'yes'	'screen-256color'	''	''	-	True	True	True	False	256	False
'yes'	'screen-256color'	''	''	-	False	False	False	False	None	False
'yes'	'screen-256color'	''	''	-	False	True	True	False	256	False
'yes'	'screen-256color'	''	''	''	True	False	False	False	None	False
'yes'	'screen-256color'	''	''	''	True	True	True	False	256	False
'yes'	'screen-256color'	''	''	''	False	False	False	False	None	False
'yes'	'screen-256color'	''	''	''	False	True	True	False	256	False
'yes'	'screen-256color'	''	''	'1'	True	False	False	False	None	True
'yes'	'screen-256color'	''	''	'1'	True	True	True	False	256	True
'yes'	'screen-256color'	''	''	'1'	False	False	False	False	None	True
'yes'	'screen-256color'	''	''	'1'	False	True	True	False	256	True
'yes'	'screen-256color'	''	'0'	-	True	False	False	False	None	False
'yes'	'screen-256color'	''	'0'	-	True	True	True	False	256	False
'yes'	'screen-256color'	''	'0'	-	False	False	False	False	None	False
'yes'	'screen-256color'	''	'0'	-	False	True	True	False	256	False
'yes'	'screen-256color'	''	'0'	''	True	False	False	False	None	False
'yes'	'screen-256color'	''	'0'	''	True	True	True	False	256	False
'yes'	'screen-256color'	''	'0'	''	False	False	False	False	None	False
'yes'	'screen-256color'	''	'0'	''	False	True	True	False	256	False
'yes'	'screen-256color'	''	'0'	'1'	True	False	False	False	None	True
'yes'	'screen-256color'	''	'0'	'1'	True	True	True	False	256	True
'yes'	'screen-256color'	''	'0'	'1'	False	False	False	False	None	True
'yes'	'screen-256color'	''	'0'	'1'	False	True	True	False	256	True
'yes'	'screen-256color'	''	'1'	-	True	False	True	False	256	False
'yes'	'screen-256color'	''	'1'	-	True	True	True	False	256	False
'yes'	'screen-256color'	''	'1'	-	False	False	True	False	256	False
'yes'	'screen-256color'	''	'1'	-	False	True	True	False	256	False
'yes'	'screen-256color'	''	'1'	''	True	False	True	False	256	False
'yes'	'screen-256color'	''	'1'	''	True	True	True	False	256	False
'yes'	'screen-256color'	''	'1'	''	False	False	True	False	256	False
'yes'	'screen-256color'	''	'1'	''	False	True	True	False	256	False
'yes'	'screen-256color'	''	'1'	'1'	True	False	True	False	256	True
'yes'	'screen-256color'	''	'1'	'1'	True	True	True	False	256	True
'yes'	'screen-256color'	''	'1'	'1'	False	False	True	False	256	True
'yes'	'screen-256color'	''	'1'	'1'	False	True	True	False	256	True
'yes'	'screen-256color'	'1'	-	-	True	False	True	False	256	False
'yes'	'screen-256color'	'1'	-	-	True	True	True	False	256	False
'yes'	'screen-256color'	'1'	-	-	False	False	True	False	256	False
'yes'	'screen-256color'	'1'	-	-	False	True	True	False	256	False
'yes'	'screen-256color'	'1'	-	''	True	False	True	False	256	False
'yes'	'screen-256color'	'1'	-	''	True	True	True	False	256	False
'yes'	'screen-256color'	'1'	-	''	False	False	True	False	256	False
'yes'	'screen-256color'	'1'	-	''	False	True	True	False	256	False
'yes'	'screen-256color'	'1'	-	'1'	True	False	True	False	256	True
'yes'	'screen-256color'	'1'	-	'1'	True	True	True	False	256	True
'yes'	'screen-256color'	'1'	-	'1'	False	False	True	False	256	True
'yes'	'screen-256color'	'1'	-	'1'	False	True	True	False	256	True
'yes'	'screen-256color'	'1'	''	-	True	False	True	False	256	False
'yes'	'screen-256color'	'1'	''	-	True	True	True	False	256	False
'yes'	'screen-256color'	'1'	''	-	False	False	True	False	256	False
'yes'	'screen-256color'	'1'	''	-	False	True	True	False	256	False
'yes'	'screen-256color'	'1'	''	''	True	False	True	False	256	False
'yes'	'screen-256color'	'1'	''	''	True	True	True	False	256	False
'yes'	'screen-256color'	'1'	''	''	False	False	True	False	256	False
'yes'	'screen-256color'	'1'	''	''	False	True	True	False	256	False
'yes'	'screen-256color'	'1'	''	'1'	True	False	True	False	256	True
'yes'	'screen-256color'	'1'	''	'1'	True	True	True	False	256	True
'yes'	'screen-256color'	'1'	''	'1'	False	False	True	False	256	True
'yes'	'screen-256color'	'1'	''	'1'	False	True	True	False	256	True
'yes'	'screen-256color'	'1'	'0'	-	True	False	False	False	None	False
'yes'	'screen-256color'	'1'	'0'	-	True	True	True	False	256	False
'yes'	'screen-256color'	'1'	'0'	-	False	False	False	False	None	False
'yes'	'screen-256color'	'1'	'0'	-	False	True	True	False	256	False
'yes'	'screen-256color'	'1'	'0'	''	True	False	False	False	None	False
'yes'	'screen-256color'	'1'	'0'	''	True	True	True	False	256	False
'yes'	'screen-256color'	'1'	'0'	''	False	False	False	False	None	False
'yes'	'screen-256color'	'1'	'0'	''	False	True	True	False	256	False
'yes'	'screen-256color'	'1'	'0'	'1'	True	False	False	False	None	True
'yes'	'screen-256color'	'1'	'0'	'1'	True	True	True	False	256	True
'yes'	'screen-256color'	'1'	'0'	'1'	False	False	False	False	None	True
'yes'	'screen-256color'	'1'	'0'	'1'	False	True	True	False	256	True
'yes'	'screen-256color'	'1'	'1'	-	True	False	True	False	256	False
'yes'	'screen-256color'	'1'	'1'	-	True	True	True	False	256	False
'yes'	'screen-256color'	'1'	'1'	-	False	False	True	False	256	False
'yes'	'screen-256color'	'1'	'1'	-	False	True	True	False	256	False
'yes'	'screen-256color'	'1'	'1'	''	True	False	True	False	256	False
'yes'	'screen-256color'	'1'	'1'	''	True	True	True	False	256	False
'yes'	'screen-256color'	'1'	'1'	''	False	False	True	False	256	False
'yes'	'screen-256color'	'1'	'1'	''	False	True	True	False	256	False
'yes'	'screen-256color'	'1'	'1'	'1'	True	False	True	False	256	True
'yes'	'screen-256color'	'1'	'1'	'1'	True	True	True	False	256	True
'yes'	'screen-256color'	'1'	'1'	'1'	False	False	True	False	256	True
'yes'	'screen-256color'	'1'	'1'	'1'	False	True	True	False	256	True
'yes'	'screen-256color'	'0'	-	-	True	False	True	False	256	False
'yes'	'screen-256color'	'0'	-	-	True	True	True	False	256	False
'yes'	'screen-256color'	'0'	-	-	False	False	True	False	256	False
'yes'	'screen-256color'	'0'	-	-	False	True	True	False	256	False
'yes'	'screen-256color'	'0'	-	''	True	False	True	False	256	False
'yes'	'screen-256color'	'0'	-	''	True	True	True	False	256	False
'yes'	'screen-256color'	'0'	-	''	False	False	True	False	256	False
'yes'	'screen-256color'	'0'	-	''	False	True	True	False	256	False
'yes'	'screen-256color'	'0'	-	'1'	True	False	True	False	256	True
'yes'	'screen-256color'	'0'	-	'1'	True	True	True	False	256	True
'yes'	'screen-256color'	'0'	-	'1'	False	False	True	False	256	True
'yes'	'screen-256color'	'0'	-	'1'	False	True	True	False	256	True
'yes'	'screen-256color'	'0'	''	-	True	False	True	False	256	False
'yes'	'screen-256color'	'0'	''	-	True	True	True	False	256	False
'yes'	'screen-256color'	'0'	''	-	False	False	True	False	256	False
'yes'	'screen-256color'	'0'	''	-	False	True	True	False	256	False
'yes'	'screen-256color'	'0'	''	''	True	False	True	False	256	False
'yes'	'screen-256color'	'0'	''	''	True	True	True	False	256	False
'yes'	'screen-256color'	'0'	''	''	False	False	True	False	256	False
'yes'	'screen-256color'	'0'	''	''	False	True	True	False	256	False
'yes'	'screen-256color'	'0'	''	'1'	True	False	True	False	256	True
'yes'	'screen-256color'	'0'	''	'1'	True	True	True	False	256	True
'yes'	'screen-256color'	'0'	''	'1'	False	False	True	False	256	True
'yes'	'screen-256color'	'0'	''	'1'	False	True	True	False	256	True
'yes'	'screen-256color'	'0'	'0'	-	True	False	False	False	None	False
'yes'	'screen-256color'	'0'	'0'	-	True	True	True	False	256	False
'yes'	'screen-256color'	'0'	'0'	-	False	False	False	False	None	False
'yes'	'screen-256color'	'0'	'0'	-	False	True	True	False	256	False
'yes'	'screen-256color'	'0'	'0'	''	True	False	False	False	None	False
'yes'	'screen-256color'	'0'	'0'	''	True	True	True	False	256	False
'yes'	'screen-256color'	'0'	'0'	''	False	False	False	False	None	False
'yes'	'screen-256color'	'0'	'0'	''	False	True	True	False	256	False
'yes'	'screen-256color'	'0'	'0'	'1'	True	False	False	False	None	True
'yes'	'screen-256color'	'0'	'0'	'1'	True	True	True	False	256	True
'yes'	'screen-256color'	'0'	'0'	'1'	False	False	False	False	None	True
'yes'	'screen-256color'	'0'	'0'	'1'	False	True	True	False	256	True
'yes'	'screen-256color'	'0'	'1'	-	True	False	True	False	256	False
'yes'	'screen-256color'	'0'	'1'	-	True	True	True	False	256	False
'yes'	'screen-256color'	'0'	'1'	-	False	False	True	False	256	False
'yes'	'screen-256color'	'0'	'1'	-	False	True	True	False	256	False
'yes'	'screen-256color'	'0'	'1'	''	True	False	True	False	256	False
'yes'	'screen-256color'	'0'	'1'	''	True	True	True	False	256	False
'yes'	'screen-256color'	'0'	'1'	''	False	False	True	False	256	False
'yes'	'screen-256color'	'0'	'1'	''	False	True	True	False	256	False
'yes'	'screen-256color'	'0'	'1'	'1'	True	False	True	False	256	True
'yes'	'screen-256color'	'0'	'1'	'1'	True	True	True	False	256	True
'yes'	'screen-256color'	'0'	'1'	'1'	False	False	True	False	256	True
'yes'	'screen-256color'	'0'	'1'	'1'	False	True	True	False	256	True
